S. No.,Reg_No,Campus,Package,Company,Branch,CTC
194,21BBS0003,VIT - Vellore,Ninja,TCS,BBS,3.3LPA
195,21BBS0006,VIT - Vellore,Ninja,TCS,BBS,3.3LPA
196,21BBS0029,VIT - Vellore,,Infosys,BBS,3.6LPA
197,21BBS0031,VIT - Vellore,GenC Select,Cognizant,BBS,4LPA
198,21BBS0036,VIT - Vellore,Ninja,TCS,BBS,3.3LPA
199,21BBS0049,VIT - Vellore,Ninja,TCS,BBS,3.3LPA
200,21BBS0051,VIT - Vellore,Ninja,TCS,BBS,3.3LPA
201,21BBS0053,VIT - Vellore,GenC Next Select,Cognizant,BBS,5.4LPA
202,21BBS0063,VIT - Vellore,Ninja,TCS,BBS,3.3LPA
203,21BBS0070,VIT - Vellore,Ninja,TCS,BBS,3.3LPA
204,21BBS0073,VIT - Vellore,Ninja,TCS,BBS,3.3LPA
205,21BBS0074,VIT - Vellore,Ninja,TCS,BBS,3.3LPA
206,21BBS0080,VIT - Vellore,Ninja,TCS,BBS,3.3LPA
207,21BBS0092,VIT - Vellore,Ninja,TCS,BBS,3.3LPA
208,21BBS0148,VIT - Vellore,Ninja,TCS,BBS,3.3LPA
209,21BBS0153,VIT - Vellore,Ninja,TCS,BBS,3.3LPA
210,21BBS0163,VIT - Vellore,Ninja,TCS,BBS,3.3LPA
211,21BBS0167,VIT - Vellore,,LTIMindtree,BBS,4LPA
212,21BBS0167,VIT - Vellore,Ninja,TCS,BBS,3.3LPA
213,21BBS0167,VIT - Vellore,GenC Select,Cognizant,BBS,4LPA
214,21BBS0171,VIT - Vellore,,LTIMindtree,BBS,4LPA
215,21BBS0171,VIT - Vellore,Ninja,TCS,BBS,3.3LPA
216,21BBS0186,VIT - Vellore,GenC Select,Cognizant,BBS,4LPA
217,21BBS0186,VIT - Vellore,Ninja,TCS,BBS,3.3LPA
218,21BBS0189,VIT - Vellore,Ninja,TCS,BBS,3.3LPA
219,21BBS0208,VIT - Vellore,Ninja,TCS,BBS,3.3LPA
220,21BBS0219,VIT - Vellore,Ninja,TCS,BBS,3.3LPA
221,21BBS0220,VIT - Vellore,GenC Select,Cognizant,BBS,4LPA
222,21BBS0234,VIT - Vellore,GenC Select,Cognizant,BBS,4LPA
223,21BBS0240,VIT - Vellore,GenC Select,Cognizant,BBS,4LPA
224,21BBS0243,VIT - Vellore,Ninja,TCS,BBS,3.3LPA
225,21BBS0249,VIT - Vellore,Ninja,TCS,BBS,3.3LPA
226,21BBS0272,VIT - Vellore,,Infosys,BBS,3.6LPA
227,21BBS0272,VIT - Vellore,Ninja,TCS,BBS,3.3LPA
228,21BBS0275,VIT - Vellore,Ninja,TCS,BBS,3.3LPA
229,21BBS0284,VIT - Vellore,,Infosys,BBS,3.6LPA
230,21BBT0002,VIT - Vellore,Ninja,TCS,BBT,3.3LPA
231,21BBT0024,VIT - Vellore,Ninja,TCS,BBT,3.3LPA
232,21BBT0044,VIT - Vellore,Ninja,TCS,BBT,3.3LPA
233,21BBT0098,VIT - Vellore,Ninja,TCS,BBT,3.3LPA
234,21BBT0119,VIT - Vellore,Ninja,TCS,BBT,3.3LPA
235,21BBT0126,VIT - Vellore,,LTIMindtree,BBT,4LPA
236,21BBT0135,VIT - Vellore,Ninja,TCS,BBT,3.3LPA
237,21BBT0170,VIT - Vellore,GenC Select,Cognizant,BBT,4LPA
238,21BBT0214,VIT - Vellore,Ninja,TCS,BBT,3.3LPA
239,21BBT0238,VIT - Vellore,,LTIMindtree,BBT,4LPA
240,21BBT0285,VIT - Vellore,Ninja,TCS,BBT,3.3LPA
241,21BBT0303,VIT - Vellore,Ninja,TCS,BBT,3.3LPA
242,21BBT0324,VIT - Vellore,,Infosys,BBT,3.6LPA
243,21BBT0388,VIT - Vellore,Ninja,TCS,BBT,3.3LPA
244,21BCB0001,VIT - Vellore,GenC Select,Cognizant,BCB,4LPA
245,21BCB0001,VIT - Vellore,Ninja,TCS,BCB,3.3LPA
246,21BCB0006,VIT - Vellore,,LTIMindtree,BCB,4LPA
247,21BCB0016,VIT - Vellore,,LTIMindtree,BCB,4LPA
248,21BCB0034,VIT - Vellore,GenC Select,Cognizant,BCB,4LPA
249,21BCB0034,VIT - Vellore,Ninja,TCS,BCB,3.3LPA
250,21BCB0050,VIT - Vellore,Ninja,TCS,BCB,3.3LPA
251,21BCB0080,VIT - Vellore,,Infosys,BCB,3.6LPA
252,21BCB0080,VIT - Vellore,Ninja,TCS,BCB,3.3LPA
253,21BCB0087,VIT - Vellore,,LTIMindtree,BCB,4LPA
254,21BCB0087,VIT - Vellore,Ninja,TCS,BCB,3.3LPA
255,21BCB0090,VIT - Vellore,Ninja,TCS,BCB,3.3LPA
256,21BCB0099,VIT - Vellore,GenC Select,Cognizant,BCB,4LPA
257,21BCB0099,VIT - Vellore,Ninja,TCS,BCB,3.3LPA
258,21BCB0100,VIT - Vellore,GenC Select,Cognizant,BCB,4LPA
259,21BCB0100,VIT - Vellore,,Infosys,BCB,3.6LPA
260,21BCB0102,VIT - Vellore,Ninja,TCS,BCB,3.3LPA
261,21BCB0102,VIT - Vellore,GenC Select,Cognizant,BCB,4LPA
262,21BCB0103,VIT - Vellore,,Infosys,BCB,3.6LPA
263,21BCB0103,VIT - Vellore,Ninja,TCS,BCB,3.3LPA
264,21BCB0105,VIT - Vellore,Ninja,TCS,BCB,3.3LPA
265,21BCB0110,VIT - Vellore,Ninja,TCS,BCB,3.3LPA
266,21BCB0116,VIT - Vellore,,Infosys,BCB,3.6LPA
267,21BCB0118,VIT - Vellore,Ninja,TCS,BCB,3.3LPA
268,21BCB0120,VIT - Vellore,Ninja,TCS,BCB,3.3LPA
269,21BCB0125,VIT - Vellore,Ninja,TCS,BCB,3.3LPA
270,21BCB0130,VIT - Vellore,Ninja,TCS,BCB,3.3LPA
271,21BCB0132,VIT - Vellore,Ninja,TCS,BCB,3.3LPA
272,21BCB0136,VIT - Vellore,Ninja,TCS,BCB,3.3LPA
273,21BCB0137,VIT - Vellore,Ninja,TCS,BCB,3.3LPA
274,21BCB0139,VIT - Vellore,Ninja,TCS,BCB,3.3LPA
275,21BCB0142,VIT - Vellore,Ninja,TCS,BCB,3.3LPA
276,21BCB0147,VIT - Vellore,Ninja,TCS,BCB,3.3LPA
277,21BCB0152,VIT - Vellore,Ninja,TCS,BCB,3.3LPA
278,21BCB0164,VIT - Vellore,Ninja,TCS,BCB,3.3LPA
279,21BCB0174,VIT - Vellore,Ninja,TCS,BCB,3.3LPA
280,21BCB0180,VIT - Vellore,Ninja,TCS,BCB,3.3LPA
281,21BCB0184,VIT - Vellore,Ninja,TCS,BCB,3.3LPA
282,21BCB0185,VIT - Vellore,Ninja,TCS,BCB,3.3LPA
283,21BCB0188,VIT - Vellore,Ninja,TCS,BCB,3.3LPA
284,21BCB0193,VIT - Vellore,Ninja,TCS,BCB,3.3LPA
285,21BCB0203,VIT - Vellore,,LTIMindtree,BCB,4LPA
286,21BCB0219,VIT - Vellore,,Infosys,BCB,3.6LPA
287,21BCB0222,VIT - Vellore,Ninja,TCS,BCB,3.3LPA
288,21BCB0236,VIT - Vellore,Ninja,TCS,BCB,3.3LPA
289,21BCB0256,VIT - Vellore,Ninja,TCS,BCB,3.3LPA
290,21BCB0258,VIT - Vellore,Ninja,TCS,BCB,3.3LPA
291,21BCE0007,VIT - Vellore,Ninja,TCS,BCE,3.3LPA
292,21BCE0012,VIT - Vellore,,Infosys,BCE,3.6LPA
293,21BCE0027,VIT - Vellore,Ninja,TCS,BCE,3.3LPA
294,21BCE0028,VIT - Vellore,Ninja,TCS,BCE,3.3LPA
295,21BCE0034,VIT - Vellore,Ninja,TCS,BCE,3.3LPA
296,21BCE0045,VIT - Vellore,Ninja,TCS,BCE,3.3LPA
297,21BCE0048,VIT - Vellore,Ninja,TCS,BCE,3.3LPA
298,21BCE0049,VIT - Vellore,Ninja,TCS,BCE,3.3LPA
299,21BCE0050,VIT - Vellore,Ninja,TCS,BCE,3.3LPA
300,21BCE0051,VIT - Vellore,Ninja,TCS,BCE,3.3LPA
301,21BCE0072,VIT - Vellore,Ninja,TCS,BCE,3.3LPA
302,21BCE0073,VIT - Vellore,Ninja,TCS,BCE,3.3LPA
303,21BCE0074,VIT - Vellore,Ninja,TCS,BCE,3.3LPA
304,21BCE0077,VIT - Vellore,Ninja,TCS,BCE,3.3LPA
305,21BCE0082,VIT - Vellore,Ninja,TCS,BCE,3.3LPA
306,21BCE0084,VIT - Vellore,GenC Select,Cognizant,BCE,4LPA
307,21BCE0084,VIT - Vellore,Ninja,TCS,BCE,3.3LPA
308,21BCE0086,VIT - Vellore,Ninja,TCS,BCE,3.3LPA
309,21BCE0091,VIT - Vellore,Ninja,TCS,BCE,3.3LPA
310,21BCE0103,VIT - Vellore,GenC Select,Cognizant,BCE,4LPA
311,21BCE0116,VIT - Vellore,GenC Select,Cognizant,BCE,4LPA
312,21BCE0116,VIT - Vellore,Ninja,TCS,BCE,3.3LPA
313,21BCE0121,VIT - Vellore,Ninja,TCS,BCE,3.3LPA
314,21BCE0127,VIT - Vellore,Ninja,TCS,BCE,3.3LPA
315,21BCE0134,VIT - Vellore,Ninja,TCS,BCE,3.3LPA
316,21BCE0140,VIT - Vellore,Ninja,TCS,BCE,3.3LPA
317,21BCE0143,VIT - Vellore,GenC Select,Cognizant,BCE,4LPA
318,21BCE0144,VIT - Vellore,GenC Select,Cognizant,BCE,4LPA
319,21BCE0144,VIT - Vellore,,LTIMindtree,BCE,4LPA
320,21BCE0151,VIT - Vellore,Ninja,TCS,BCE,3.3LPA
321,21BCE0156,VIT - Vellore,Ninja,TCS,BCE,3.3LPA
322,21BCE0158,VIT - Vellore,Ninja,TCS,BCE,3.3LPA
323,21BCE0161,VIT - Vellore,,Infosys,BCE,3.6LPA
324,21BCE0161,VIT - Vellore,Ninja,TCS,BCE,3.3LPA
325,21BCE0175,VIT - Vellore,GenC Select,Cognizant,BCE,4LPA
326,21BCE0175,VIT - Vellore,Ninja,TCS,BCE,3.3LPA
327,21BCE0180,VIT - Vellore,,Infosys,BCE,3.6LPA
328,21BCE0180,VIT - Vellore,Ninja,TCS,BCE,3.3LPA
329,21BCE0191,VIT - Vellore,Ninja,TCS,BCE,3.3LPA
330,21BCE0201,VIT - Vellore,,Infosys,BCE,3.6LPA
331,21BCE0201,VIT - Vellore,Ninja,TCS,BCE,3.3LPA
332,21BCE0202,VIT - Vellore,GenC Select,Cognizant,BCE,4LPA
333,21BCE0202,VIT - Vellore,Ninja,TCS,BCE,3.3LPA
334,21BCE0208,VIT - Vellore,GenC Select,Cognizant,BCE,4LPA
335,21BCE0216,VIT - Vellore,Ninja,TCS,BCE,3.3LPA
336,21BCE0217,VIT - Vellore,,LTIMindtree,BCE,4LPA
337,21BCE0227,VIT - Vellore,GenC Next Select,Cognizant,BCE,5.4LPA
338,21BCE0236,VIT - Vellore,Ninja,TCS,BCE,3.3LPA
339,21BCE0240,VIT - Vellore,Ninja,TCS,BCE,3.3LPA
340,21BCE0242,VIT - Vellore,Ninja,TCS,BCE,3.3LPA
341,21BCE0243,VIT - Vellore,GenC Select,Cognizant,BCE,4LPA
342,21BCE0244,VIT - Vellore,GenC Next Select,Cognizant,BCE,5.4LPA
343,21BCE0248,VIT - Vellore,GenC Select,Cognizant,BCE,4LPA
344,21BCE0248,VIT - Vellore,Ninja,TCS,BCE,3.3LPA
345,21BCE0256,VIT - Vellore,Ninja,TCS,BCE,3.3LPA
346,21BCE0263,VIT - Vellore,GenC Select,Cognizant,BCE,4LPA
347,21BCE0269,VIT - Vellore,Ninja,TCS,BCE,3.3LPA
348,21BCE0271,VIT - Vellore,GenC Select,Cognizant,BCE,4LPA
349,21BCE0271,VIT - Vellore,Ninja,TCS,BCE,3.3LPA
350,21BCE0274,VIT - Vellore,GenC Select,Cognizant,BCE,4LPA
351,21BCE0274,VIT - Vellore,Ninja,TCS,BCE,3.3LPA
352,21BCE0276,VIT - Vellore,GenC Select,Cognizant,BCE,4LPA
353,21BCE0276,VIT - Vellore,,LTIMindtree,BCE,4LPA
354,21BCE0276,VIT - Vellore,Ninja,TCS,BCE,3.3LPA
355,21BCE0287,VIT - Vellore,Ninja,TCS,BCE,3.3LPA
356,21BCE0289,VIT - Vellore,Ninja,TCS,BCE,3.3LPA
357,21BCE0305,VIT - Vellore,Ninja,TCS,BCE,3.3LPA
358,21BCE0318,VIT - Vellore,Ninja,TCS,BCE,3.3LPA
359,21BCE0324,VIT - Vellore,,Infosys,BCE,3.6LPA
360,21BCE0324,VIT - Vellore,Ninja,TCS,BCE,3.3LPA
361,21BCE0324,VIT - Vellore,,LTIMindtree,BCE,4LPA
362,21BCE0329,VIT - Vellore,,LTIMindtree,BCE,4LPA
363,21BCE0329,VIT - Vellore,Ninja,TCS,BCE,3.3LPA
364,21BCE0343,VIT - Vellore,Ninja,TCS,BCE,3.3LPA
365,21BCE0349,VIT - Vellore,GenC Select,Cognizant,BCE,4LPA
366,21BCE0349,VIT - Vellore,,Infosys,BCE,3.6LPA
367,21BCE0349,VIT - Vellore,Ninja,TCS,BCE,3.3LPA
368,21BCE0352,VIT - Vellore,Ninja,TCS,BCE,3.3LPA
369,21BCE0359,VIT - Vellore,Ninja,TCS,BCE,3.3LPA
370,21BCE0365,VIT - Vellore,Ninja,TCS,BCE,3.3LPA
371,21BCE0369,VIT - Vellore,Ninja,TCS,BCE,3.3LPA
372,21BCE0378,VIT - Vellore,Ninja,TCS,BCE,3.3LPA
373,21BCE0381,VIT - Vellore,,LTIMindtree,BCE,4LPA
374,21BCE0383,VIT - Vellore,Ninja,TCS,BCE,3.3LPA
375,21BCE0388,VIT - Vellore,Ninja,TCS,BCE,3.3LPA
376,21BCE0401,VIT - Vellore,Ninja,TCS,BCE,3.3LPA
377,21BCE0405,VIT - Vellore,GenC Select,Cognizant,BCE,4LPA
378,21BCE0405,VIT - Vellore,Ninja,TCS,BCE,3.3LPA
379,21BCE0420,VIT - Vellore,,Infosys,BCE,3.6LPA
380,21BCE0420,VIT - Vellore,Ninja,TCS,BCE,3.3LPA
381,21BCE0425,VIT - Vellore,Ninja,TCS,BCE,3.3LPA
382,21BCE0445,VIT - Vellore,Ninja,TCS,BCE,3.3LPA
383,21BCE0455,VIT - Vellore,Ninja,TCS,BCE,3.3LPA
384,21BCE0501,VIT - Vellore,Ninja,TCS,BCE,3.3LPA
385,21BCE0505,VIT - Vellore,Ninja,TCS,BCE,3.3LPA
386,21BCE0513,VIT - Vellore,,LTIMindtree,BCE,4LPA
387,21BCE0513,VIT - Vellore,Ninja,TCS,BCE,3.3LPA
388,21BCE0524,VIT - Vellore,GenC Select,Cognizant,BCE,4LPA
389,21BCE0525,VIT - Vellore,Ninja,TCS,BCE,3.3LPA
390,21BCE0528,VIT - Vellore,Ninja,TCS,BCE,3.3LPA
391,21BCE0530,VIT - Vellore,,LTIMindtree,BCE,4LPA
392,21BCE0530,VIT - Vellore,Ninja,TCS,BCE,3.3LPA
393,21BCE0536,VIT - Vellore,GenC Select,Cognizant,BCE,4LPA
394,21BCE0536,VIT - Vellore,,Infosys,BCE,3.6LPA
395,21BCE0539,VIT - Vellore,Ninja,TCS,BCE,3.3LPA
396,21BCE0542,VIT - Vellore,Ninja,TCS,BCE,3.3LPA
397,21BCE0554,VIT - Vellore,Ninja,TCS,BCE,3.3LPA
398,21BCE0557,VIT - Vellore,Ninja,TCS,BCE,3.3LPA
399,21BCE0563,VIT - Vellore,Ninja,TCS,BCE,3.3LPA
400,21BCE0566,VIT - Vellore,GenC Select,Cognizant,BCE,4LPA
401,21BCE0591,VIT - Vellore,,Infosys,BCE,3.6LPA
402,21BCE0622,VIT - Vellore,GenC Select,Cognizant,BCE,4LPA
403,21BCE0622,VIT - Vellore,Ninja,TCS,BCE,3.3LPA
404,21BCE0651,VIT - Vellore,Ninja,TCS,BCE,3.3LPA
405,21BCE0664,VIT - Vellore,GenC Next Select,Cognizant,BCE,5.4LPA
406,21BCE0670,VIT - Vellore,Ninja,TCS,BCE,3.3LPA
407,21BCE0671,VIT - Vellore,GenC Select,Cognizant,BCE,4LPA
408,21BCE0671,VIT - Vellore,,LTIMindtree,BCE,4LPA
409,21BCE0671,VIT - Vellore,,Infosys,BCE,3.6LPA
410,21BCE0671,VIT - Vellore,Ninja,TCS,BCE,3.3LPA
411,21BCE0677,VIT - Vellore,GenC Select,Cognizant,BCE,4LPA
412,21BCE0677,VIT - Vellore,,Infosys,BCE,3.6LPA
413,21BCE0677,VIT - Vellore,Ninja,TCS,BCE,3.3LPA
414,21BCE0680,VIT - Vellore,Ninja,TCS,BCE,3.3LPA
415,21BCE0681,VIT - Vellore,Ninja,TCS,BCE,3.3LPA
416,21BCE0713,VIT - Vellore,,LTIMindtree,BCE,4LPA
417,21BCE0722,VIT - Vellore,Ninja,TCS,BCE,3.3LPA
418,21BCE0733,VIT - Vellore,Ninja,TCS,BCE,3.3LPA
419,21BCE0734,VIT - Vellore,Ninja,TCS,BCE,3.3LPA
420,21BCE0735,VIT - Vellore,GenC Select,Cognizant,BCE,4LPA
421,21BCE0735,VIT - Vellore,,Infosys,BCE,3.6LPA
422,21BCE0735,VIT - Vellore,Ninja,TCS,BCE,3.3LPA
423,21BCE0744,VIT - Vellore,Ninja,TCS,BCE,3.3LPA
424,21BCE0746,VIT - Vellore,Ninja,TCS,BCE,3.3LPA
425,21BCE0772,VIT - Vellore,Ninja,TCS,BCE,3.3LPA
426,21BCE0775,VIT - Vellore,Ninja,TCS,BCE,3.3LPA
427,21BCE0782,VIT - Vellore,Ninja,TCS,BCE,3.3LPA
428,21BCE0784,VIT - Vellore,Ninja,TCS,BCE,3.3LPA
429,21BCE0794,VIT - Vellore,GenC Select,Cognizant,BCE,4LPA
430,21BCE0794,VIT - Vellore,Ninja,TCS,BCE,3.3LPA
431,21BCE0795,VIT - Vellore,Ninja,TCS,BCE,3.3LPA
432,21BCE0807,VIT - Vellore,Ninja,TCS,BCE,3.3LPA
433,21BCE0809,VIT - Vellore,Ninja,TCS,BCE,3.3LPA
434,21BCE0822,VIT - Vellore,Ninja,TCS,BCE,3.3LPA
435,21BCE0846,VIT - Vellore,Ninja,TCS,BCE,3.3LPA
436,21BCE0847,VIT - Vellore,GenC Select,Cognizant,BCE,4LPA
437,21BCE0847,VIT - Vellore,Ninja,TCS,BCE,3.3LPA
438,21BCE0849,VIT - Vellore,Ninja,TCS,BCE,3.3LPA
439,21BCE0853,VIT - Vellore,,Infosys,BCE,3.6LPA
440,21BCE0853,VIT - Vellore,Ninja,TCS,BCE,3.3LPA
441,21BCE0853,VIT - Vellore,GenC Select,Cognizant,BCE,4LPA
442,21BCE0866,VIT - Vellore,Ninja,TCS,BCE,3.3LPA
443,21BCE0870,VIT - Vellore,GenC Select,Cognizant,BCE,4LPA
444,21BCE0870,VIT - Vellore,,LTIMindtree,BCE,4LPA
445,21BCE0879,VIT - Vellore,Ninja,TCS,BCE,3.3LPA
446,21BCE0896,VIT - Vellore,,LTIMindtree,BCE,4LPA
447,21BCE0896,VIT - Vellore,Ninja,TCS,BCE,3.3LPA
448,21BCE0901,VIT - Vellore,Ninja,TCS,BCE,3.3LPA
449,21BCE0907,VIT - Vellore,GenC Select,Cognizant,BCE,4LPA
450,21BCE0907,VIT - Vellore,Ninja,TCS,BCE,3.3LPA
451,21BCE0909,VIT - Vellore,Ninja,TCS,BCE,3.3LPA
452,21BCE0914,VIT - Vellore,GenC Select,Cognizant,BCE,4LPA
453,21BCe0914,VIT - Vellore,Ninja,TCS,BCE,3.3LPA
454,21BCE0920,VIT - Vellore,,Infosys,BCE,3.6LPA
455,21BCE0920,VIT - Vellore,Ninja,TCS,BCE,3.3LPA
456,21BCE0924,VIT - Vellore,Ninja,TCS,BCE,3.3LPA
457,21BCE0933,VIT - Vellore,Ninja,TCS,BCE,3.3LPA
458,21BCE0943,VIT - Vellore,Ninja,TCS,BCE,3.3LPA
459,21BCE0945,VIT - Vellore,Ninja,TCS,BCE,3.3LPA
460,21BCE0953,VIT - Vellore,Ninja,TCS,BCE,3.3LPA
461,21BCE0959,VIT - Vellore,Ninja,TCS,BCE,3.3LPA
462,21BCE0960,VIT - Vellore,GenC Select,Cognizant,BCE,4LPA
463,21BCE0960,VIT - Vellore,,LTIMindtree,BCE,4LPA
464,21BCE0960,VIT - Vellore,,Infosys,BCE,3.6LPA
465,21BCE0960,VIT - Vellore,Ninja,TCS,BCE,3.3LPA
466,21BCE0962,VIT - Vellore,Ninja,TCS,BCE,3.3LPA
467,21BCE0980,VIT - Vellore,Ninja,TCS,BCE,3.3LPA
468,21BCE0982,VIT - Vellore,Ninja,TCS,BCE,3.3LPA
469,21BCE0995,VIT - Vellore,Ninja,TCS,BCE,3.3LPA
470,21BCE2003,VIT - Vellore,GenC Select,Cognizant,BCE,4LPA
471,21BCE2003,VIT - Vellore,Ninja,TCS,BCE,3.3LPA
472,21BCE2004,VIT - Vellore,Ninja,TCS,BCE,3.3LPA
473,21BCE2025,VIT - Vellore,Ninja,TCS,BCE,3.3LPA
474,21BCE2033,VIT - Vellore,Ninja,TCS,BCE,3.3LPA
475,21BCE2038,VIT - Vellore,Ninja,TCS,BCE,3.3LPA
476,21BCE2047,VIT - Vellore,Ninja,TCS,BCE,3.3LPA
477,21BCE2049,VIT - Vellore,Ninja,TCS,BCE,3.3LPA
478,21BCE2055,VIT - Vellore,Ninja,TCS,BCE,3.3LPA
479,21BCE2057,VIT - Vellore,,LTIMindtree,BCE,4LPA
480,21BCE2057,VIT - Vellore,Ninja,TCS,BCE,3.3LPA
481,21BCE2058,VIT - Vellore,Ninja,TCS,BCE,3.3LPA
482,21BCE2060,VIT - Vellore,Ninja,TCS,BCE,3.3LPA
483,21BCE2066,VIT - Vellore,Ninja,TCS,BCE,3.3LPA
484,21BCE2072,VIT - Vellore,GenC Select,Cognizant,BCE,4LPA
485,21BCE2077,VIT - Vellore,Ninja,TCS,BCE,3.3LPA
486,21BCE2085,VIT - Vellore,Ninja,TCS,BCE,3.3LPA
487,21BCE2102,VIT - Vellore,Ninja,TCS,BCE,3.3LPA
488,21bce2102,VIT - Vellore,GenC Select,Cognizant,BCE,4LPA
489,21BCE2105,VIT - Vellore,,Infosys,BCE,3.6LPA
490,21BCE2105,VIT - Vellore,Ninja,TCS,BCE,3.3LPA
491,21BCE2113,VIT - Vellore,Ninja,TCS,BCE,3.3LPA
492,21BCE2132,VIT - Vellore,Ninja,TCS,BCE,3.3LPA
493,21BCE2138,VIT - Vellore,Ninja,TCS,BCE,3.3LPA
494,21BCE2139,VIT - Vellore,Ninja,TCS,BCE,3.3LPA
495,21BCE2167,VIT - Vellore,Ninja,TCS,BCE,3.3LPA
496,21BCE2177,VIT - Vellore,Ninja,TCS,BCE,3.3LPA
497,21BCE2179,VIT - Vellore,Ninja,TCS,BCE,3.3LPA
498,21BCE2184,VIT - Vellore,Ninja,TCS,BCE,3.3LPA
499,21BCE2185,VIT - Vellore,Ninja,TCS,BCE,3.3LPA
500,21BCE2186,VIT - Vellore,Ninja,TCS,BCE,3.3LPA
501,21BCE2190,VIT - Vellore,Ninja,TCS,BCE,3.3LPA
502,21BCE2192,VIT - Vellore,Ninja,TCS,BCE,3.3LPA
503,21BCE2195,VIT - Vellore,Ninja,TCS,BCE,3.3LPA
504,21BCE2199,VIT - Vellore,Ninja,TCS,BCE,3.3LPA
505,21BCE2206,VIT - Vellore,Ninja,TCS,BCE,3.3LPA
506,21BCE2207,VIT - Vellore,Ninja,TCS,BCE,3.3LPA
507,21BCE2215,VIT - Vellore,,Infosys,BCE,3.6LPA
508,21BCE2215,VIT - Vellore,Ninja,TCS,BCE,3.3LPA
509,21BCE2217,VIT - Vellore,Ninja,TCS,BCE,3.3LPA
510,21BCE2221,VIT - Vellore,Ninja,TCS,BCE,3.3LPA
511,21BCE2226,VIT - Vellore,Ninja,TCS,BCE,3.3LPA
512,21BCE2259,VIT - Vellore,Ninja,TCS,BCE,3.3LPA
513,21BCE2260,VIT - Vellore,Ninja,TCS,BCE,3.3LPA
514,21BCE2262,VIT - Vellore,,LTIMindtree,BCE,4LPA
515,21BCE2275,VIT - Vellore,GenC Select,Cognizant,BCE,4LPA
516,21BCE2285,VIT - Vellore,Ninja,TCS,BCE,3.3LPA
517,21BCE2291,VIT - Vellore,Ninja,TCS,BCE,3.3LPA
518,21BCE2293,VIT - Vellore,,Infosys,BCE,3.6LPA
519,21BCE2312,VIT - Vellore,Ninja,TCS,BCE,3.3LPA
520,21BCE2315,VIT - Vellore,Ninja,TCS,BCE,3.3LPA
521,21BCE2327,VIT - Vellore,GenC Select,Cognizant,BCE,4LPA
522,21BCE2327,VIT - Vellore,Ninja,TCS,BCE,3.3LPA
523,21BCE2328,VIT - Vellore,Ninja,TCS,BCE,3.3LPA
524,21BCE2331,VIT - Vellore,Ninja,TCS,BCE,3.3LPA
525,21BCE2333,VIT - Vellore,Ninja,TCS,BCE,3.3LPA
526,21BCE2337,VIT - Vellore,Ninja,TCS,BCE,3.3LPA
527,21BCE2340,VIT - Vellore,Ninja,TCS,BCE,3.3LPA
528,21BCE2352,VIT - Vellore,Ninja,TCS,BCE,3.3LPA
529,21BCE2353,VIT - Vellore,Ninja,TCS,BCE,3.3LPA
530,21BCE2357,VIT - Vellore,Ninja,TCS,BCE,3.3LPA
531,21BCE2378,VIT - Vellore,Ninja,TCS,BCE,3.3LPA
532,21BCE2392,VIT - Vellore,Ninja,TCS,BCE,3.3LPA
533,21BCE2395,VIT - Vellore,Ninja,TCS,BCE,3.3LPA
534,21BCE2397,VIT - Vellore,Ninja,TCS,BCE,3.3LPA
535,21BCE2423,VIT - Vellore,Ninja,TCS,BCE,3.3LPA
536,21BCE2453,VIT - Vellore,Ninja,TCS,BCE,3.3LPA
537,21BCE2460,VIT - Vellore,Ninja,TCS,BCE,3.3LPA
538,21BCE2482,VIT - Vellore,Ninja,TCS,BCE,3.3LPA
539,21BCE2494,VIT - Vellore,,LTIMindtree,BCE,4LPA
540,21BCE2496,VIT - Vellore,Ninja,TCS,BCE,3.3LPA
541,21BCE2500,VIT - Vellore,GenC Select,Cognizant,BCE,4LPA
542,21BCE2509,VIT - Vellore,GenC Select,Cognizant,BCE,4LPA
543,21BCE2519,VIT - Vellore,Ninja,TCS,BCE,3.3LPA
544,21BCE2522,VIT - Vellore,GenC Select,Cognizant,BCE,4LPA
545,21BCE2522,VIT - Vellore,Ninja,TCS,BCE,3.3LPA
546,21BCE2544,VIT - Vellore,Ninja,TCS,BCE,3.3LPA
547,21BCE2550,VIT - Vellore,GenC Select,Cognizant,BCE,4LPA
548,21BCE2550,VIT - Vellore,,LTIMindtree,BCE,4LPA
549,21BCE2550,VIT - Vellore,Ninja,TCS,BCE,3.3LPA
550,21BCE2570,VIT - Vellore,Ninja,TCS,BCE,3.3LPA
551,21BCE2580,VIT - Vellore,GenC Select,Cognizant,BCE,4LPA
552,21BCE2580,VIT - Vellore,,Infosys,BCE,3.6LPA
553,21BCE2580,VIT - Vellore,Ninja,TCS,BCE,3.3LPA
554,21BCE2599,VIT - Vellore,GenC Select,Cognizant,BCE,4LPA
555,21BCE2599,VIT - Vellore,Ninja,TCS,BCE,3.3LPA
556,21BCE2635,VIT - Vellore,,LTIMindtree,BCE,4LPA
557,21BCE2635,VIT - Vellore,,Infosys,BCE,3.6LPA
558,21BCE2635,VIT - Vellore,Ninja,TCS,BCE,3.3LPA
559,21BCE2645,VIT - Vellore,,Infosys,BCE,3.6LPA
560,21BCE2645,VIT - Vellore,Ninja,TCS,BCE,3.3LPA
561,21BCE2649,VIT - Vellore,Ninja,TCS,BCE,3.3LPA
562,21BCE2653,VIT - Vellore,GenC Select,Cognizant,BCE,4LPA
563,21BCE2653,VIT - Vellore,Ninja,TCS,BCE,3.3LPA
564,21BCE2656,VIT - Vellore,GenC Select,Cognizant,BCE,4LPA
565,21BCE2656,VIT - Vellore,Ninja,TCS,BCE,3.3LPA
566,21BCE2661,VIT - Vellore,Ninja,TCS,BCE,3.3LPA
567,21BCE2661,VIT - Vellore,GenC Select,Cognizant,BCE,4LPA
568,21BCE2664,VIT - Vellore,GenC Select,Cognizant,BCE,4LPA
569,21BCE2680,VIT - Vellore,Ninja,TCS,BCE,3.3LPA
570,21BCE2694,VIT - Vellore,Ninja,TCS,BCE,3.3LPA
571,21BCE2703,VIT - Vellore,Ninja,TCS,BCE,3.3LPA
572,21BCE2709,VIT - Vellore,GenC Select,Cognizant,BCE,4LPA
573,21BCE2709,VIT - Vellore,Ninja,TCS,BCE,3.3LPA
574,21BCE2710,VIT - Vellore,Ninja,TCS,BCE,3.3LPA
575,21BCE2726,VIT - Vellore,GenC Select,Cognizant,BCE,4LPA
576,21BCE2726,VIT - Vellore,,Infosys,BCE,3.6LPA
577,21BCE2726,VIT - Vellore,Ninja,TCS,BCE,3.3LPA
578,21BCE2732,VIT - Vellore,GenC Select,Cognizant,BCE,4LPA
579,21BCE2732,VIT - Vellore,Ninja,TCS,BCE,3.3LPA
580,21BCE2738,VIT - Vellore,Ninja,TCS,BCE,3.3LPA
581,21BCE2741,VIT - Vellore,Ninja,TCS,BCE,3.3LPA
582,21BCE2749,VIT - Vellore,Ninja,TCS,BCE,3.3LPA
583,21BCE2756,VIT - Vellore,GenC Select,Cognizant,BCE,4LPA
584,21BCE2756,VIT - Vellore,,LTIMindtree,BCE,4LPA
585,21BCE2756,VIT - Vellore,Ninja,TCS,BCE,3.3LPA
586,21BCE2768,VIT - Vellore,GenC Select,Cognizant,BCE,4LPA
587,21BCE2768,VIT - Vellore,Ninja,TCS,BCE,3.3LPA
588,21BCE2769,VIT - Vellore,,LTIMindtree,BCE,4LPA
589,21BCE2771,VIT - Vellore,Ninja,TCS,BCE,3.3LPA
590,21BCE2775,VIT - Vellore,Ninja,TCS,BCE,3.3LPA
591,21BCE2790,VIT - Vellore,GenC Select,Cognizant,BCE,4LPA
592,21BCE2790,VIT - Vellore,Ninja,TCS,BCE,3.3LPA
593,21BCE2799,VIT - Vellore,GenC Select,Cognizant,BCE,4LPA
594,21BCE2802,VIT - Vellore,GenC Select,Cognizant,BCE,4LPA
595,21BCE2811,VIT - Vellore,Ninja,TCS,BCE,3.3LPA
596,21BCE2817,VIT - Vellore,GenC Select,Cognizant,BCE,4LPA
597,21BCE2831,VIT - Vellore,Ninja,TCS,BCE,3.3LPA
598,21BCE2859,VIT - Vellore,Ninja,TCS,BCE,3.3LPA
599,21BCE2861,VIT - Vellore,Ninja,TCS,BCE,3.3LPA
600,21BCE2865,VIT - Vellore,Ninja,TCS,BCE,3.3LPA
601,21BCE2941,VIT - Vellore,Ninja,TCS,BCE,3.3LPA
602,21BCE2947,VIT - Vellore,,Infosys,BCE,3.6LPA
603,21BCE2947,VIT - Vellore,Ninja,TCS,BCE,3.3LPA
604,21BCE2954,VIT - Vellore,GenC Select,Cognizant,BCE,4LPA
605,21BCE2961,VIT - Vellore,Ninja,TCS,BCE,3.3LPA
606,21BCE2965,VIT - Vellore,GenC Select,Cognizant,BCE,4LPA
607,21BCE2965,VIT - Vellore,,Infosys,BCE,3.6LPA
608,21BCE2977,VIT - Vellore,Ninja,TCS,BCE,3.3LPA
609,21BCE2982,VIT - Vellore,,Infosys,BCE,3.6LPA
610,21BCE2982,VIT - Vellore,Ninja,TCS,BCE,3.3LPA
611,21BCE2983,VIT - Vellore,GenC Select,Cognizant,BCE,4LPA
612,21BCE2983,VIT - Vellore,Ninja,TCS,BCE,3.3LPA
613,21BCE2985,VIT - Vellore,Ninja,TCS,BCE,3.3LPA
614,21BCE2990,VIT - Vellore,Ninja,TCS,BCE,3.3LPA
615,21BCE2996,VIT - Vellore,Ninja,TCS,BCE,3.3LPA
616,21BCE2999,VIT - Vellore,GenC Select,Cognizant,BCE,4LPA
617,21BCE2999,VIT - Vellore,Ninja,TCS,BCE,3.3LPA
618,21BCE3003,VIT - Vellore,,LTIMindtree,BCE,4LPA
619,21BCE3003,VIT - Vellore,,Infosys,BCE,3.6LPA
620,21BCE3003,VIT - Vellore,Ninja,TCS,BCE,3.3LPA
621,21BCE3015,VIT - Vellore,Ninja,TCS,BCE,3.3LPA
622,21BCE3023,VIT - Vellore,Ninja,TCS,BCE,3.3LPA
623,21BCE3024,VIT - Vellore,,Infosys,BCE,3.6LPA
624,21BCE3024,VIT - Vellore,Ninja,TCS,BCE,3.3LPA
625,21BCE3027,VIT - Vellore,,Infosys,BCE,3.6LPA
626,21BCE3027,VIT - Vellore,Ninja,TCS,BCE,3.3LPA
627,21BCE3042,VIT - Vellore,,LTIMindtree,BCE,4LPA
628,21BCE3042,VIT - Vellore,Ninja,TCS,BCE,3.3LPA
629,21BCE3049,VIT - Vellore,Ninja,TCS,BCE,3.3LPA
630,21BCE3059,VIT - Vellore,Ninja,TCS,BCE,3.3LPA
631,21BCE3071,VIT - Vellore,GenC Select,Cognizant,BCE,4LPA
632,21BCE3071,VIT - Vellore,Ninja,TCS,BCE,3.3LPA
633,21BCE3094,VIT - Vellore,Ninja,TCS,BCE,3.3LPA
634,21BCE3138,VIT - Vellore,Ninja,TCS,BCE,3.3LPA
635,21BCE3140,VIT - Vellore,Ninja,TCS,BCE,3.3LPA
636,21BCE3150,VIT - Vellore,Ninja,TCS,BCE,3.3LPA
637,21BCE3162,VIT - Vellore,Ninja,TCS,BCE,3.3LPA
638,21BCE3164,VIT - Vellore,Ninja,TCS,BCE,3.3LPA
639,21BCE3170,VIT - Vellore,Ninja,TCS,BCE,3.3LPA
640,21BCE3181,VIT - Vellore,Ninja,TCS,BCE,3.3LPA
641,21BCE3188,VIT - Vellore,GenC Select,Cognizant,BCE,4LPA
642,21BCE3190,VIT - Vellore,GenC Select,Cognizant,BCE,4LPA
643,21BCE3190,VIT - Vellore,,Infosys,BCE,3.6LPA
644,21BCE3220,VIT - Vellore,Ninja,TCS,BCE,3.3LPA
645,21BCE3225,VIT - Vellore,Ninja,TCS,BCE,3.3LPA
646,21BCE3228,VIT - Vellore,,LTIMindtree,BCE,4LPA
647,21BCE3228,VIT - Vellore,Ninja,TCS,BCE,3.3LPA
648,21BCE3231,VIT - Vellore,Ninja,TCS,BCE,3.3LPA
649,21BCE3232,VIT - Vellore,GenC Select,Cognizant,BCE,4LPA
650,21BCE3232,VIT - Vellore,Ninja,TCS,BCE,3.3LPA
651,21BCE3252,VIT - Vellore,Ninja,TCS,BCE,3.3LPA
652,21BCE3259,VIT - Vellore,GenC Select,Cognizant,BCE,4LPA
653,21BCE3259,VIT - Vellore,Ninja,TCS,BCE,3.3LPA
654,21BCE3277,VIT - Vellore,Ninja,TCS,BCE,3.3LPA
655,21BCE3279,VIT - Vellore,Ninja,TCS,BCE,3.3LPA
656,21BCE3285,VIT - Vellore,Ninja,TCS,BCE,3.3LPA
657,21BCE3304,VIT - Vellore,Ninja,TCS,BCE,3.3LPA
658,21BCE3309,VIT - Vellore,Ninja,TCS,BCE,3.3LPA
659,21BCE3310,VIT - Vellore,Ninja,TCS,BCE,3.3LPA
660,21BCE3311,VIT - Vellore,GenC Select,Cognizant,BCE,4LPA
661,21BCE3314,VIT - Vellore,Ninja,TCS,BCE,3.3LPA
662,21BCE3320,VIT - Vellore,Ninja,TCS,BCE,3.3LPA
663,21BCE3332,VIT - Vellore,GenC Select,Cognizant,BCE,4LPA
664,21BCE3340,VIT - Vellore,Ninja,TCS,BCE,3.3LPA
665,21BCE3351,VIT - Vellore,Ninja,TCS,BCE,3.3LPA
666,21BCE3368,VIT - Vellore,,LTIMindtree,BCE,4LPA
667,21BCE3373,VIT - Vellore,GenC Select,Cognizant,BCE,4LPA
668,21BCE3397,VIT - Vellore,,LTIMindtree,BCE,4LPA
669,21BCE3397,VIT - Vellore,Ninja,TCS,BCE,3.3LPA
670,21BCE3417,VIT - Vellore,Ninja,TCS,BCE,3.3LPA
671,21BCE3425,VIT - Vellore,Ninja,TCS,BCE,3.3LPA
672,21BCE3436,VIT - Vellore,Ninja,TCS,BCE,3.3LPA
673,21BCE3439,VIT - Vellore,GenC Select,Cognizant,BCE,4LPA
674,21BCE3440,VIT - Vellore,Ninja,TCS,BCE,3.3LPA
675,21BCE3457,VIT - Vellore,Ninja,TCS,BCE,3.3LPA
676,21BCE3458,VIT - Vellore,Ninja,TCS,BCE,3.3LPA
677,21BCE3459,VIT - Vellore,GenC Select,Cognizant,BCE,4LPA
678,21BCE3459,VIT - Vellore,Ninja,TCS,BCE,3.3LPA
679,21BCE3460,VIT - Vellore,Ninja,TCS,BCE,3.3LPA
680,21BCE3468,VIT - Vellore,Ninja,TCS,BCE,3.3LPA
681,21BCE3473,VIT - Vellore,GenC Select,Cognizant,BCE,4LPA
682,21BCE3473,VIT - Vellore,Ninja,TCS,BCE,3.3LPA
683,21BCE3479,VIT - Vellore,Ninja,TCS,BCE,3.3LPA
684,21BCE3480,VIT - Vellore,Ninja,TCS,BCE,3.3LPA
685,21BCE3487,VIT - Vellore,Ninja,TCS,BCE,3.3LPA
686,21BCE3493,VIT - Vellore,Ninja,TCS,BCE,3.3LPA
687,21BCE3495,VIT - Vellore,Ninja,TCS,BCE,3.3LPA
688,21BCE3496,VIT - Vellore,Ninja,TCS,BCE,3.3LPA
689,21BCE3498,VIT - Vellore,Ninja,TCS,BCE,3.3LPA
690,21BCE3500,VIT - Vellore,Ninja,TCS,BCE,3.3LPA
691,21BCE3506,VIT - Vellore,GenC Select,Cognizant,BCE,4LPA
692,21BCE3506,VIT - Vellore,,LTIMindtree,BCE,4LPA
693,21BCE3506,VIT - Vellore,,Infosys,BCE,3.6LPA
694,21BCE3508,VIT - Vellore,,LTIMindtree,BCE,4LPA
695,21BCE3508,VIT - Vellore,Ninja,TCS,BCE,3.3LPA
696,21BCE3515,VIT - Vellore,,Infosys,BCE,3.6LPA
697,21BCE3515,VIT - Vellore,Ninja,TCS,BCE,3.3LPA
698,21BCE3525,VIT - Vellore,Ninja,TCS,BCE,3.3LPA
699,21BCE3530,VIT - Vellore,Ninja,TCS,BCE,3.3LPA
700,21BCE3534,VIT - Vellore,Ninja,TCS,BCE,3.3LPA
701,21BCE3542,VIT - Vellore,Ninja,TCS,BCE,3.3LPA
702,21BCE3548,VIT - Vellore,Ninja,TCS,BCE,3.3LPA
703,21BCE3573,VIT - Vellore,GenC Select,Cognizant,BCE,4LPA
704,21BCE3573,VIT - Vellore,Ninja,TCS,BCE,3.3LPA
705,21BCE3574,VIT - Vellore,Ninja,TCS,BCE,3.3LPA
706,21BCE3582,VIT - Vellore,Ninja,TCS,BCE,3.3LPA
707,21BCE3590,VIT - Vellore,,Infosys,BCE,3.6LPA
708,21BCE3590,VIT - Vellore,Ninja,TCS,BCE,3.3LPA
709,21BCE3605,VIT - Vellore,Ninja,TCS,BCE,3.3LPA
710,21BCE3626,VIT - Vellore,Ninja,TCS,BCE,3.3LPA
711,21BCE3629,VIT - Vellore,,LTIMindtree,BCE,4LPA
712,21BCE3629,VIT - Vellore,Ninja,TCS,BCE,3.3LPA
713,21BCE3633,VIT - Vellore,Ninja,TCS,BCE,3.3LPA
714,21BCE3635,VIT - Vellore,Ninja,TCS,BCE,3.3LPA
715,21BCE3660,VIT - Vellore,GenC Select,Cognizant,BCE,4LPA
716,21BCE3679,VIT - Vellore,Ninja,TCS,BCE,3.3LPA
717,21BCE3695,VIT - Vellore,Ninja,TCS,BCE,3.3LPA
718,21BCE3702,VIT - Vellore,GenC Next Select,Cognizant,BCE,5.4LPA
719,21BCE3707,VIT - Vellore,Ninja,TCS,BCE,3.3LPA
720,21BCE3724,VIT - Vellore,Ninja,TCS,BCE,3.3LPA
721,21BCE3727,VIT - Vellore,Ninja,TCS,BCE,3.3LPA
722,21BCE3747,VIT - Vellore,GenC Select,Cognizant,BCE,4LPA
723,21BCE3749,VIT - Vellore,Ninja,TCS,BCE,3.3LPA
724,21BCE3799,VIT - Vellore,,Infosys,BCE,3.6LPA
725,21BCE3803,VIT - Vellore,GenC Select,Cognizant,BCE,4LPA
726,21BCE3803,VIT - Vellore,Ninja,TCS,BCE,3.3LPA
727,21BCE3806,VIT - Vellore,GenC Select,Cognizant,BCE,4LPA
728,21BCE3810,VIT - Vellore,Ninja,TCS,BCE,3.3LPA
729,21BCE3821,VIT - Vellore,Ninja,TCS,BCE,3.3LPA
730,21BCE3840,VIT - Vellore,Ninja,TCS,BCE,3.3LPA
731,21BCE3856,VIT - Vellore,,Infosys,BCE,3.6LPA
732,21BCE3856,VIT - Vellore,Ninja,TCS,BCE,3.3LPA
733,21BCE3862,VIT - Vellore,Ninja,TCS,BCE,3.3LPA
734,21BCE3864,VIT - Vellore,GenC Select,Cognizant,BCE,4LPA
735,21BCE3864,VIT - Vellore,Ninja,TCS,BCE,3.3LPA
736,21BCE3880,VIT - Vellore,Ninja,TCS,BCE,3.3LPA
737,21BCE3885,VIT - Vellore,GenC Select,Cognizant,BCE,4LPA
738,21BCE3885,VIT - Vellore,Ninja,TCS,BCE,3.3LPA
739,21BCE3907,VIT - Vellore,Ninja,TCS,BCE,3.3LPA
740,21BCE3927,VIT - Vellore,Ninja,TCS,BCE,3.3LPA
741,21BCE3949,VIT - Vellore,GenC Select,Cognizant,BCE,4LPA
742,21BCE3958,VIT - Vellore,Ninja,TCS,BCE,3.3LPA
743,21BCE3959,VIT - Vellore,Ninja,TCS,BCE,3.3LPA
744,21BCE3963,VIT - Vellore,Ninja,TCS,BCE,3.3LPA
745,21BCE3967,VIT - Vellore,Ninja,TCS,BCE,3.3LPA
746,21BCE3978,VIT - Vellore,Ninja,TCS,BCE,3.3LPA
747,21BCE3979,VIT - Vellore,Ninja,TCS,BCE,3.3LPA
748,21BCE3981,VIT - Vellore,GenC Select,Cognizant,BCE,4LPA
749,21BCE3983,VIT - Vellore,Ninja,TCS,BCE,3.3LPA
750,21BCE3990,VIT - Vellore,Ninja,TCS,BCE,3.3LPA
751,21BCE4010,VIT - Vellore,,Infosys,BCE,3.6LPA
752,21BCE4010,VIT - Vellore,Ninja,TCS,BCE,3.3LPA
753,21BCI0001,VIT - Vellore,Ninja,TCS,BCI,3.3LPA
754,21BCI0010,VIT - Vellore,Ninja,TCS,BCI,3.3LPA
755,21BCI0011,VIT - Vellore,,LTIMindtree,BCI,4LPA
756,21BCI0011,VIT - Vellore,Ninja,TCS,BCI,3.3LPA
757,21BCI0013,VIT - Vellore,Ninja,TCS,BCI,3.3LPA
758,21BCI0020,VIT - Vellore,Ninja,TCS,BCI,3.3LPA
759,21BCI0021,VIT - Vellore,Ninja,TCS,BCI,3.3LPA
760,21BCI0027,VIT - Vellore,Ninja,TCS,BCI,3.3LPA
761,21BCI0029,VIT - Vellore,GenC Select,Cognizant,BCI,4LPA
762,21BCI0029,VIT - Vellore,,LTIMindtree,BCI,4LPA
763,21BCI0029,VIT - Vellore,Ninja,TCS,BCI,3.3LPA
764,21BCI0034,VIT - Vellore,,LTIMindtree,BCI,4LPA
765,21BCI0034,VIT - Vellore,Ninja,TCS,BCI,3.3LPA
766,21BCI0035,VIT - Vellore,Ninja,TCS,BCI,3.3LPA
767,21BCI0037,VIT - Vellore,Ninja,TCS,BCI,3.3LPA
768,21BCI0040,VIT - Vellore,Ninja,TCS,BCI,3.3LPA
769,21BCI0051,VIT - Vellore,,Infosys,BCI,3.6LPA
770,21BCI0051,VIT - Vellore,Ninja,TCS,BCI,3.3LPA
771,21BCI0065,VIT - Vellore,Ninja,TCS,BCI,3.3LPA
772,21BCI0075,VIT - Vellore,Ninja,TCS,BCI,3.3LPA
773,21BCI0078,VIT - Vellore,,LTIMindtree,BCI,4LPA
774,21BCI0086,VIT - Vellore,Ninja,TCS,BCI,3.3LPA
775,21BCI0104,VIT - Vellore,,LTIMindtree,BCI,4LPA
776,21BCI0104,VIT - Vellore,Ninja,TCS,BCI,3.3LPA
777,21BCI0109,VIT - Vellore,Ninja,TCS,BCI,3.3LPA
778,21BCI0115,VIT - Vellore,Ninja,TCS,BCI,3.3LPA
779,21BCI0122,VIT - Vellore,,Infosys,BCI,3.6LPA
780,21BCI0122,VIT - Vellore,Ninja,TCS,BCI,3.3LPA
781,21BCI0128,VIT - Vellore,Ninja,TCS,BCI,3.3LPA
782,21BCI0147,VIT - Vellore,Ninja,TCS,BCI,3.3LPA
783,21BCI0153,VIT - Vellore,,LTIMindtree,BCI,4LPA
784,21BCI0157,VIT - Vellore,Ninja,TCS,BCI,3.3LPA
785,21BCI0158,VIT - Vellore,Ninja,TCS,BCI,3.3LPA
786,21BCI0166,VIT - Vellore,Ninja,TCS,BCI,3.3LPA
787,21BCI0170,VIT - Vellore,,LTIMindtree,BCI,4LPA
788,21BCI0170,VIT - Vellore,Ninja,TCS,BCI,3.3LPA
789,21BCI0171,VIT - Vellore,Ninja,TCS,BCI,3.3LPA
790,21BCI0177,VIT - Vellore,Ninja,TCS,BCI,3.3LPA
791,21BCI0182,VIT - Vellore,,Infosys,BCI,3.6LPA
792,21BCI0182,VIT - Vellore,Ninja,TCS,BCI,3.3LPA
793,21BCI0183,VIT - Vellore,,Infosys,BCI,3.6LPA
794,21BCI0183,VIT - Vellore,Ninja,TCS,BCI,3.3LPA
795,21BCI0186,VIT - Vellore,Ninja,TCS,BCI,3.3LPA
796,21BCI0188,VIT - Vellore,Ninja,TCS,BCI,3.3LPA
797,21BCI0191,VIT - Vellore,,LTIMindtree,BCI,4LPA
798,21BCI0191,VIT - Vellore,Ninja,TCS,BCI,3.3LPA
799,21BCI0192,VIT - Vellore,Ninja,TCS,BCI,3.3LPA
800,21BCI0199,VIT - Vellore,Ninja,TCS,BCI,3.3LPA
801,21BCI0200,VIT - Vellore,Ninja,TCS,BCI,3.3LPA
802,21BCI0220,VIT - Vellore,Ninja,TCS,BCI,3.3LPA
803,21BCI0242,VIT - Vellore,Ninja,TCS,BCI,3.3LPA
804,21BCI0263,VIT - Vellore,Ninja,TCS,BCI,3.3LPA
805,21BCI0268,VIT - Vellore,Ninja,TCS,BCI,3.3LPA
806,21BCI0277,VIT - Vellore,Ninja,TCS,BCI,3.3LPA
807,21BCI0290,VIT - Vellore,,Infosys,BCI,3.6LPA
808,21BCI0291,VIT - Vellore,Ninja,TCS,BCI,3.3LPA
809,21BCI0293,VIT - Vellore,Ninja,TCS,BCI,3.3LPA
810,21BCI0308,VIT - Vellore,Ninja,TCS,BCI,3.3LPA
811,21BCI0319,VIT - Vellore,Ninja,TCS,BCI,3.3LPA
812,21BCI0325,VIT - Vellore,Ninja,TCS,BCI,3.3LPA
813,21BCI0330,VIT - Vellore,Ninja,TCS,BCI,3.3LPA
814,21BCI0355,VIT - Vellore,Ninja,TCS,BCI,3.3LPA
815,21BCI0369,VIT - Vellore,Ninja,TCS,BCI,3.3LPA
816,21BCI0374,VIT - Vellore,Ninja,TCS,BCI,3.3LPA
817,21BCI0396,VIT - Vellore,Ninja,TCS,BCI,3.3LPA
818,21BCI0399,VIT - Vellore,,LTIMindtree,BCI,4LPA
819,21BCI0399,VIT - Vellore,Ninja,TCS,BCI,3.3LPA
820,21BCI0405,VIT - Vellore,GenC Select,Cognizant,BCI,4LPA
821,21BCI0418,VIT - Vellore,Ninja,TCS,BCI,3.3LPA
822,21BCI0426,VIT - Vellore,Ninja,TCS,BCI,3.3LPA
823,21BCL0036,VIT - Vellore,Ninja,TCS,BCL,3.3LPA
824,21BCL0079,VIT - Vellore,Ninja,TCS,BCL,3.3LPA
825,21BCL0098,VIT - Vellore,Ninja,TCS,BCL,3.3LPA
826,21BCL0215,VIT - Vellore,Ninja,TCS,BCL,3.3LPA
827,21BCM0026,VIT - Vellore,Ninja,TCS,BCM,3.3LPA
828,21BCM0051,VIT - Vellore,Ninja,TCS,BCM,3.3LPA
829,21BCM0056,VIT - Vellore,Ninja,TCS,BCM,3.3LPA
830,21BCM0081,VIT - Vellore,Ninja,TCS,BCM,3.3LPA
831,21BCT0001,VIT - Vellore,Ninja,TCS,BCT,3.3LPA
832,21BCT0002,VIT - Vellore,Ninja,TCS,BCT,3.3LPA
833,21BCT0007,VIT - Vellore,,Infosys,BCT,3.6LPA
834,21BCT0010,VIT - Vellore,GenC Select,Cognizant,BCT,4LPA
835,21BCT0010,VIT - Vellore,,LTIMindtree,BCT,4LPA
836,21BCT0010,VIT - Vellore,Ninja,TCS,BCT,3.3LPA
837,21BCT0018,VIT - Vellore,Ninja,TCS,BCT,3.3LPA
838,21BCT0018,VIT - Vellore,GenC Select,Cognizant,BCT,4LPA
839,21BCT0042,VIT - Vellore,Ninja,TCS,BCT,3.3LPA
840,21BCT0046,VIT - Vellore,GenC Select,Cognizant,BCT,4LPA
841,21BCT0046,VIT - Vellore,,LTIMindtree,BCT,4LPA
842,21BCT0046,VIT - Vellore,Ninja,TCS,BCT,3.3LPA
843,21BCT0052,VIT - Vellore,Ninja,TCS,BCT,3.3LPA
844,21BCT0075,VIT - Vellore,,LTIMindtree,BCT,4LPA
845,21BCT0075,VIT - Vellore,,Infosys,BCT,3.6LPA
846,21BCT0075,VIT - Vellore,Ninja,TCS,BCT,3.3LPA
847,21BCT0082,VIT - Vellore,,Infosys,BCT,3.6LPA
848,21BCT0091,VIT - Vellore,GenC Select,Cognizant,BCT,4LPA
849,21BCT0100,VIT - Vellore,GenC Select,Cognizant,BCT,4LPA
850,21BCT0100,VIT - Vellore,Ninja,TCS,BCT,3.3LPA
851,21BCT0101,VIT - Vellore,Ninja,TCS,BCT,3.3LPA
852,21BCT0104,VIT - Vellore,Ninja,TCS,BCT,3.3LPA
853,21BCT0106,VIT - Vellore,Ninja,TCS,BCT,3.3LPA
854,21BCT0108,VIT - Vellore,Ninja,TCS,BCT,3.3LPA
855,21BCT0133,VIT - Vellore,Ninja,TCS,BCT,3.3LPA
856,21BCT0134,VIT - Vellore,GenC Select,Cognizant,BCT,4LPA
857,21BCT0134,VIT - Vellore,,LTIMindtree,BCT,4LPA
858,21BCT0134,VIT - Vellore,Ninja,TCS,BCT,3.3LPA
859,21BCT0144,VIT - Vellore,Ninja,TCS,BCT,3.3LPA
860,21BCT0153,VIT - Vellore,,Infosys,BCT,3.6LPA
861,21BCT0153,VIT - Vellore,Ninja,TCS,BCT,3.3LPA
862,21BCT0195,VIT - Vellore,Ninja,TCS,BCT,3.3LPA
863,21BCT0198,VIT - Vellore,Ninja,TCS,BCT,3.3LPA
864,21BCT0205,VIT - Vellore,Ninja,TCS,BCT,3.3LPA
865,21BCT0206,VIT - Vellore,Ninja,TCS,BCT,3.3LPA
866,21BCT0214,VIT - Vellore,Ninja,TCS,BCT,3.3LPA
867,21BCT0218,VIT - Vellore,Ninja,TCS,BCT,3.3LPA
868,21BCT0221,VIT - Vellore,Ninja,TCS,BCT,3.3LPA
869,21BCT0222,VIT - Vellore,,Infosys,BCT,3.6LPA
870,21BCT0228,VIT - Vellore,Ninja,TCS,BCT,3.3LPA
871,21BCT0232,VIT - Vellore,Ninja,TCS,BCT,3.3LPA
872,21BCT0253,VIT - Vellore,Ninja,TCS,BCT,3.3LPA
873,21BCT0255,VIT - Vellore,Ninja,TCS,BCT,3.3LPA
874,21BCT0259,VIT - Vellore,,Infosys,BCT,3.6LPA
875,21BCT0259,VIT - Vellore,Ninja,TCS,BCT,3.3LPA
876,21BCT0266,VIT - Vellore,Ninja,TCS,BCT,3.3LPA
877,21BCT0268,VIT - Vellore,Ninja,TCS,BCT,3.3LPA
878,21BCT0274,VIT - Vellore,Ninja,TCS,BCT,3.3LPA
879,21BCT0277,VIT - Vellore,Ninja,TCS,BCT,3.3LPA
880,21BCT0278,VIT - Vellore,Ninja,TCS,BCT,3.3LPA
881,21BCT0282,VIT - Vellore,GenC Select,Cognizant,BCT,4LPA
882,21BCT0282,VIT - Vellore,Ninja,TCS,BCT,3.3LPA
883,21BCT0285,VIT - Vellore,,Infosys,BCT,3.6LPA
884,21BCT0285,VIT - Vellore,Ninja,TCS,BCT,3.3LPA
885,21BCT0290,VIT - Vellore,Ninja,TCS,BCT,3.3LPA
886,21BCT0292,VIT - Vellore,Ninja,TCS,BCT,3.3LPA
887,21BCT0308,VIT - Vellore,GenC Select,Cognizant,BCT,4LPA
888,21BCT0308,VIT - Vellore,,LTIMindtree,BCT,4LPA
889,21BCT0308,VIT - Vellore,Ninja,TCS,BCT,3.3LPA
890,21BCT0327,VIT - Vellore,Ninja,TCS,BCT,3.3LPA
891,21BCT0330,VIT - Vellore,Ninja,TCS,BCT,3.3LPA
892,21BCT0334,VIT - Vellore,Ninja,TCS,BCT,3.3LPA
893,21BCT0338,VIT - Vellore,GenC Select,Cognizant,BCT,4LPA
894,21BCT0338,VIT - Vellore,Ninja,TCS,BCT,3.3LPA
895,21BCT0339,VIT - Vellore,GenC Select,Cognizant,BCT,4LPA
896,21BCT0339,VIT - Vellore,,Infosys,BCT,3.6LPA
897,21BCT0344,VIT - Vellore,Ninja,TCS,BCT,3.3LPA
898,21BCT0350,VIT - Vellore,Ninja,TCS,BCT,3.3LPA
899,21BCT0358,VIT - Vellore,Ninja,TCS,BCT,3.3LPA
900,21BCT0365,VIT - Vellore,Ninja,TCS,BCT,3.3LPA
901,21BCT0368,VIT - Vellore,Ninja,TCS,BCT,3.3LPA
902,21BCT0376,VIT - Vellore,Ninja,TCS,BCT,3.3LPA
903,21BCT0408,VIT - Vellore,Ninja,TCS,BCT,3.3LPA
904,21BCT0417,VIT - Vellore,GenC Select,Cognizant,BCT,4LPA
905,21BCT0422,VIT - Vellore,Ninja,TCS,BCT,3.3LPA
906,21BDS0004,VIT - Vellore,GenC Select,Cognizant,BDS,4LPA
907,21BDS0022,VIT - Vellore,,LTIMindtree,BDS,4LPA
908,21BDS0031,VIT - Vellore,,LTIMindtree,BDS,4LPA
909,21BDS0031,VIT - Vellore,GenC Select,Cognizant,BDS,4LPA
910,21BDS0035,VIT - Vellore,Ninja,TCS,BDS,3.3LPA
911,21BDS0039,VIT - Vellore,Ninja,TCS,BDS,3.3LPA
912,21BDS0047,VIT - Vellore,GenC Select,Cognizant,BDS,4LPA
913,21BDS0050,VIT - Vellore,Ninja,TCS,BDS,3.3LPA
914,21BDS0061,VIT - Vellore,Ninja,TCS,BDS,3.3LPA
915,21BDS0083,VIT - Vellore,Ninja,TCS,BDS,3.3LPA
916,21BDS0097,VIT - Vellore,GenC Select,Cognizant,BDS,4LPA
917,21BDS0097,VIT - Vellore,,LTIMindtree,BDS,4LPA
918,21BDS0097,VIT - Vellore,Ninja,TCS,BDS,3.3LPA
919,21BDS0107,VIT - Vellore,Ninja,TCS,BDS,3.3LPA
920,21BDS0109,VIT - Vellore,Ninja,TCS,BDS,3.3LPA
921,21BDS0129,VIT - Vellore,GenC Select,Cognizant,BDS,4LPA
922,21BDS0129,VIT - Vellore,,Infosys,BDS,3.6LPA
923,21BDS0129,VIT - Vellore,Ninja,TCS,BDS,3.3LPA
924,21BDS0140,VIT - Vellore,GenC Select,Cognizant,BDS,4LPA
925,21BDS0145,VIT - Vellore,Ninja,TCS,BDS,3.3LPA
926,21BDS0150,VIT - Vellore,GenC Select,Cognizant,BDS,4LPA
927,21BDS0154,VIT - Vellore,Ninja,TCS,BDS,3.3LPA
928,21BDS0168,VIT - Vellore,GenC Select,Cognizant,BDS,4LPA
929,21BDS0168,VIT - Vellore,Ninja,TCS,BDS,3.3LPA
930,21BDS0178,VIT - Vellore,Ninja,TCS,BDS,3.3LPA
931,21BDS0185,VIT - Vellore,Ninja,TCS,BDS,3.3LPA
932,21BDS0194,VIT - Vellore,Ninja,TCS,BDS,3.3LPA
933,21BDS0223,VIT - Vellore,Ninja,TCS,BDS,3.3LPA
934,21BDS0226,VIT - Vellore,,Infosys,BDS,3.6LPA
935,21BDS0226,VIT - Vellore,Ninja,TCS,BDS,3.3LPA
936,21BDS0230,VIT - Vellore,Ninja,TCS,BDS,3.3LPA
937,21BDS0232,VIT - Vellore,Ninja,TCS,BDS,3.3LPA
938,21BDS0253,VIT - Vellore,Ninja,TCS,BDS,3.3LPA
939,21BDS0257,VIT - Vellore,GenC Select,Cognizant,BDS,4LPA
940,21BDS0257,VIT - Vellore,Ninja,TCS,BDS,3.3LPA
941,21BDS0259,VIT - Vellore,,Infosys,BDS,3.6LPA
942,21BDS0259,VIT - Vellore,Ninja,TCS,BDS,3.3LPA
943,21BDS0260,VIT - Vellore,Ninja,TCS,BDS,3.3LPA
944,21BDS0274,VIT - Vellore,Ninja,TCS,BDS,3.3LPA
945,21BDS0276,VIT - Vellore,Ninja,TCS,BDS,3.3LPA
946,21BDS0279,VIT - Vellore,,LTIMindtree,BDS,4LPA
947,21BDS0287,VIT - Vellore,Ninja,TCS,BDS,3.3LPA
948,21BDS0295,VIT - Vellore,Ninja,TCS,BDS,3.3LPA
949,21BDS0315,VIT - Vellore,Ninja,TCS,BDS,3.3LPA
950,21BDS0324,VIT - Vellore,Ninja,TCS,BDS,3.3LPA
951,21BDS0335,VIT - Vellore,Ninja,TCS,BDS,3.3LPA
952,21BDS0347,VIT - Vellore,Ninja,TCS,BDS,3.3LPA
953,21BDS0353,VIT - Vellore,GenC Select,Cognizant,BDS,4LPA
954,21BDS0353,VIT - Vellore,Ninja,TCS,BDS,3.3LPA
955,21BDS0363,VIT - Vellore,Ninja,TCS,BDS,3.3LPA
956,21BDS0372,VIT - Vellore,Ninja,TCS,BDS,3.3LPA
957,21BDS0379,VIT - Vellore,GenC Select,Cognizant,BDS,4LPA
958,21BEC0005,VIT - Vellore,Ninja,TCS,BEC,3.3LPA
959,21BEC0008,VIT - Vellore,Ninja,TCS,BEC,3.3LPA
960,21BEC0014,VIT - Vellore,Ninja,TCS,BEC,3.3LPA
961,21BEC0019,VIT - Vellore,Ninja,TCS,BEC,3.3LPA
962,21BEC0027,VIT - Vellore,Ninja,TCS,BEC,3.3LPA
963,21BEC0036,VIT - Vellore,Ninja,TCS,BEC,3.3LPA
964,21BEC0038,VIT - Vellore,Ninja,TCS,BEC,3.3LPA
965,21BEC0041,VIT - Vellore,Ninja,TCS,BEC,3.3LPA
966,21BEC0044,VIT - Vellore,Ninja,TCS,BEC,3.3LPA
967,21BEC0075,VIT - Vellore,Ninja,TCS,BEC,3.3LPA
968,21BEC0079,VIT - Vellore,GenC Select,Cognizant,BEC,4LPA
969,21BEC0087,VIT - Vellore,Ninja,TCS,BEC,3.3LPA
970,21BEC0098,VIT - Vellore,,LTIMindtree,BEC,4LPA
971,21BEC0098,VIT - Vellore,Ninja,TCS,BEC,3.3LPA
972,21BEC0105,VIT - Vellore,GenC Select,Cognizant,BEC,4LPA
973,21BEC0105,VIT - Vellore,Ninja,TCS,BEC,3.3LPA
974,21BEC0115,VIT - Vellore,GenC Select,Cognizant,BEC,4LPA
975,21BEC0115,VIT - Vellore,Ninja,TCS,BEC,3.3LPA
976,21BEC0123,VIT - Vellore,Ninja,TCS,BEC,3.3LPA
977,21BEC0132,VIT - Vellore,,Infosys,BEC,3.6LPA
978,21BEC0136,VIT - Vellore,GenC Select,Cognizant,BEC,4LPA
979,21BEC0149,VIT - Vellore,Ninja,TCS,BEC,3.3LPA
980,21BEC0153,VIT - Vellore,Ninja,TCS,BEC,3.3LPA
981,21BEC0157,VIT - Vellore,Ninja,TCS,BEC,3.3LPA
982,21BEC0167,VIT - Vellore,Ninja,TCS,BEC,3.3LPA
983,21BEC0206,VIT - Vellore,Ninja,TCS,BEC,3.3LPA
984,21BEC0207,VIT - Vellore,Ninja,TCS,BEC,3.3LPA
985,21BEC0217,VIT - Vellore,Ninja,TCS,BEC,3.3LPA
986,21BEC0225,VIT - Vellore,Ninja,TCS,BEC,3.3LPA
987,21BEC0227,VIT - Vellore,Ninja,TCS,BEC,3.3LPA
988,21BEC0239,VIT - Vellore,,Infosys,BEC,3.6LPA
989,21BEC0239,VIT - Vellore,Ninja,TCS,BEC,3.3LPA
990,21BEC0242,VIT - Vellore,Ninja,TCS,BEC,3.3LPA
991,21BEC0247,VIT - Vellore,Ninja,TCS,BEC,3.3LPA
992,21BEC0248,VIT - Vellore,Ninja,TCS,BEC,3.3LPA
993,21BEC0264,VIT - Vellore,Ninja,TCS,BEC,3.3LPA
994,21BEC0270,VIT - Vellore,Ninja,TCS,BEC,3.3LPA
995,21BEC0271,VIT - Vellore,Ninja,TCS,BEC,3.3LPA
996,21BEC0272,VIT - Vellore,Ninja,TCS,BEC,3.3LPA
997,21BEC0282,VIT - Vellore,Ninja,TCS,BEC,3.3LPA
998,21BEC0284,VIT - Vellore,Ninja,TCS,BEC,3.3LPA
999,21BEC0297,VIT - Vellore,Ninja,TCS,BEC,3.3LPA
1000,21BEC0297,VIT - Vellore,GenC Select,Cognizant,BEC,4LPA
1001,21BEC0304,VIT - Vellore,Ninja,TCS,BEC,3.3LPA
1002,21BEC0307,VIT - Vellore,Ninja,TCS,BEC,3.3LPA
1003,21BEC0308,VIT - Vellore,Ninja,TCS,BEC,3.3LPA
1004,21BEC0322,VIT - Vellore,Ninja,TCS,BEC,3.3LPA
1005,21BEC0327,VIT - Vellore,Ninja,TCS,BEC,3.3LPA
1006,21BEC0330,VIT - Vellore,Ninja,TCS,BEC,3.3LPA
1007,21BEC0338,VIT - Vellore,Ninja,TCS,BEC,3.3LPA
1008,21BEC0339,VIT - Vellore,GenC Select,Cognizant,BEC,4LPA
1009,21BEC0339,VIT - Vellore,Ninja,TCS,BEC,3.3LPA
1010,21BEC0346,VIT - Vellore,Ninja,TCS,BEC,3.3LPA
1011,21BEC0347,VIT - Vellore,Ninja,TCS,BEC,3.3LPA
1012,21BEC0348,VIT - Vellore,GenC Select,Cognizant,BEC,4LPA
1013,21BEC0348,VIT - Vellore,Ninja,TCS,BEC,3.3LPA
1014,21BEC0358,VIT - Vellore,,LTIMindtree,BEC,4LPA
1015,21BEC0358,VIT - Vellore,Ninja,TCS,BEC,3.3LPA
1016,21BEC0371,VIT - Vellore,Ninja,TCS,BEC,3.3LPA
1017,21BEC0377,VIT - Vellore,Ninja,TCS,BEC,3.3LPA
1018,21BEC0381,VIT - Vellore,Ninja,TCS,BEC,3.3LPA
1019,21BEC0382,VIT - Vellore,Ninja,TCS,BEC,3.3LPA
1020,21BEC0383,VIT - Vellore,Ninja,TCS,BEC,3.3LPA
1021,21BEC0387,VIT - Vellore,Ninja,TCS,BEC,3.3LPA
1022,21BEC0394,VIT - Vellore,Ninja,TCS,BEC,3.3LPA
1023,21BEC0406,VIT - Vellore,Ninja,TCS,BEC,3.3LPA
1024,21BEC0409,VIT - Vellore,Ninja,TCS,BEC,3.3LPA
1025,21BEC0418,VIT - Vellore,Ninja,TCS,BEC,3.3LPA
1026,21BEC0422,VIT - Vellore,Ninja,TCS,BEC,3.3LPA
1027,21BEC0431,VIT - Vellore,Ninja,TCS,BEC,3.3LPA
1028,21BEC0432,VIT - Vellore,Ninja,TCS,BEC,3.3LPA
1029,21BEC0446,VIT - Vellore,,LTIMindtree,BEC,4LPA
1030,21BEC0447,VIT - Vellore,,Infosys,BEC,3.6LPA
1031,21BEC0451,VIT - Vellore,GenC Select,Cognizant,BEC,4LPA
1032,21BEC0451,VIT - Vellore,,LTIMindtree,BEC,4LPA
1033,21BEC0451,VIT - Vellore,,Infosys,BEC,3.6LPA
1034,21BEC0457,VIT - Vellore,,Infosys,BEC,3.6LPA
1035,21BEC0457,VIT - Vellore,Ninja,TCS,BEC,3.3LPA
1036,21BEC0461,VIT - Vellore,Ninja,TCS,BEC,3.3LPA
1037,21BEC0494,VIT - Vellore,Ninja,TCS,BEC,3.3LPA
1038,21BEC0502,VIT - Vellore,GenC Select,Cognizant,BEC,4LPA
1039,21BEC0502,VIT - Vellore,,LTIMindtree,BEC,4LPA
1040,21BEC0502,VIT - Vellore,Ninja,TCS,BEC,3.3LPA
1041,21BEC0507,VIT - Vellore,GenC Select,Cognizant,BEC,4LPA
1042,21BEC0507,VIT - Vellore,Ninja,TCS,BEC,3.3LPA
1043,21BEC0507,VIT - Vellore,,LTIMindtree,BEC,4LPA
1044,21BEC0510,VIT - Vellore,Ninja,TCS,BEC,3.3LPA
1045,21BEC0513,VIT - Vellore,Ninja,TCS,BEC,3.3LPA
1046,21BEC0521,VIT - Vellore,Ninja,TCS,BEC,3.3LPA
1047,21BEC0538,VIT - Vellore,Ninja,TCS,BEC,3.3LPA
1048,21BEC0539,VIT - Vellore,,Infosys,BEC,3.6LPA
1049,21BEC0539,VIT - Vellore,Ninja,TCS,BEC,3.3LPA
1050,21BEC0540,VIT - Vellore,Ninja,TCS,BEC,3.3LPA
1051,21BEC0543,VIT - Vellore,Ninja,TCS,BEC,3.3LPA
1052,21BEC0544,VIT - Vellore,Ninja,TCS,BEC,3.3LPA
1053,21BEC0551,VIT - Vellore,Ninja,TCS,BEC,3.3LPA
1054,21BEC0553,VIT - Vellore,,Infosys,BEC,3.6LPA
1055,21BEC0553,VIT - Vellore,Ninja,TCS,BEC,3.3LPA
1056,21BEC0566,VIT - Vellore,,LTIMindtree,BEC,4LPA
1057,21BEC0574,VIT - Vellore,Ninja,TCS,BEC,3.3LPA
1058,21BEC0578,VIT - Vellore,Ninja,TCS,BEC,3.3LPA
1059,21BEC0583,VIT - Vellore,Ninja,TCS,BEC,3.3LPA
1060,21BEC0589,VIT - Vellore,Ninja,TCS,BEC,3.3LPA
1061,21BEC0600,VIT - Vellore,Ninja,TCS,BEC,3.3LPA
1062,21BEC0602,VIT - Vellore,Ninja,TCS,BEC,3.3LPA
1063,21BEC0606,VIT - Vellore,Ninja,TCS,BEC,3.3LPA
1064,21BEC0608,VIT - Vellore,,Infosys,BEC,3.6LPA
1065,21BEC0608,VIT - Vellore,Ninja,TCS,BEC,3.3LPA
1066,21BEC0611,VIT - Vellore,,Infosys,BEC,3.6LPA
1067,21BEC0612,VIT - Vellore,Ninja,TCS,BEC,3.3LPA
1068,21BEC0621,VIT - Vellore,GenC Select,Cognizant,BEC,4LPA
1069,21BEC0621,VIT - Vellore,Ninja,TCS,BEC,3.3LPA
1070,21BEC0622,VIT - Vellore,Ninja,TCS,BEC,3.3LPA
1071,21BEC0634,VIT - Vellore,,Infosys,BEC,3.6LPA
1072,21BEC0634,VIT - Vellore,Ninja,TCS,BEC,3.3LPA
1073,21BEC0635,VIT - Vellore,,LTIMindtree,BEC,4LPA
1074,21BEC0635,VIT - Vellore,Ninja,TCS,BEC,3.3LPA
1075,21BEC0638,VIT - Vellore,Ninja,TCS,BEC,3.3LPA
1076,21BEC0639,VIT - Vellore,,Infosys,BEC,3.6LPA
1077,21BEC0641,VIT - Vellore,Ninja,TCS,BEC,3.3LPA
1078,21BEC0642,VIT - Vellore,Ninja,TCS,BEC,3.3LPA
1079,21BEC0644,VIT - Vellore,GenC Select,Cognizant,BEC,4LPA
1080,21BEC0648,VIT - Vellore,Ninja,TCS,BEC,3.3LPA
1081,21BEC0651,VIT - Vellore,Ninja,TCS,BEC,3.3LPA
1082,21BEC0656,VIT - Vellore,,LTIMindtree,BEC,4LPA
1083,21BEC0656,VIT - Vellore,Ninja,TCS,BEC,3.3LPA
1084,21BEC0664,VIT - Vellore,Ninja,TCS,BEC,3.3LPA
1085,21BEC0666,VIT - Vellore,Ninja,TCS,BEC,3.3LPA
1086,21BEC0675,VIT - Vellore,Ninja,TCS,BEC,3.3LPA
1087,21BEC0679,VIT - Vellore,Ninja,TCS,BEC,3.3LPA
1088,21BEC0682,VIT - Vellore,Ninja,TCS,BEC,3.3LPA
1089,21BEC0683,VIT - Vellore,Ninja,TCS,BEC,3.3LPA
1090,21BEC0687,VIT - Vellore,,Infosys,BEC,3.6LPA
1091,21BEC0687,VIT - Vellore,Ninja,TCS,BEC,3.3LPA
1092,21BEC0688,VIT - Vellore,Ninja,TCS,BEC,3.3LPA
1093,21BEC0690,VIT - Vellore,Ninja,TCS,BEC,3.3LPA
1094,21BEC0703,VIT - Vellore,Ninja,TCS,BEC,3.3LPA
1095,21BEC0716,VIT - Vellore,Ninja,TCS,BEC,3.3LPA
1096,21BEC0725,VIT - Vellore,Ninja,TCS,BEC,3.3LPA
1097,21BEC0727,VIT - Vellore,Ninja,TCS,BEC,3.3LPA
1098,21BEC0727,VIT - Vellore,GenC Select,Cognizant,BEC,4LPA
1099,21BEC0743,VIT - Vellore,Ninja,TCS,BEC,3.3LPA
1100,21BEC0767,VIT - Vellore,Ninja,TCS,BEC,3.3LPA
1101,21BEC0777,VIT - Vellore,Ninja,TCS,BEC,3.3LPA
1102,21BEC0782,VIT - Vellore,Ninja,TCS,BEC,3.3LPA
1103,21BEC0789,VIT - Vellore,Ninja,TCS,BEC,3.3LPA
1104,21BEC0794,VIT - Vellore,Ninja,TCS,BEC,3.3LPA
1105,21BEC0804,VIT - Vellore,Ninja,TCS,BEC,3.3LPA
1106,21BEC0828,VIT - Vellore,Ninja,TCS,BEC,3.3LPA
1107,21BEC0834,VIT - Vellore,Ninja,TCS,BEC,3.3LPA
1108,21BEC0843,VIT - Vellore,GenC Select,Cognizant,BEC,4LPA
1109,21BEC0845,VIT - Vellore,Ninja,TCS,BEC,3.3LPA
1110,21BEC0846,VIT - Vellore,Ninja,TCS,BEC,3.3LPA
1111,21BEC0847,VIT - Vellore,Ninja,TCS,BEC,3.3LPA
1112,21BEC0848,VIT - Vellore,Ninja,TCS,BEC,3.3LPA
1113,21BEC0854,VIT - Vellore,Ninja,TCS,BEC,3.3LPA
1114,21BEC0858,VIT - Vellore,Ninja,TCS,BEC,3.3LPA
1115,21BEC0861,VIT - Vellore,Ninja,TCS,BEC,3.3LPA
1116,21BEC0867,VIT - Vellore,Ninja,TCS,BEC,3.3LPA
1117,21BEC0868,VIT - Vellore,,LTIMindtree,BEC,4LPA
1118,21BEC0868,VIT - Vellore,Ninja,TCS,BEC,3.3LPA
1119,21BEC0885,VIT - Vellore,Ninja,TCS,BEC,3.3LPA
1120,21BEC0894,VIT - Vellore,Ninja,TCS,BEC,3.3LPA
1121,21BEC0914,VIT - Vellore,,Infosys,BEC,3.6LPA
1122,21BEC0914,VIT - Vellore,Ninja,TCS,BEC,3.3LPA
1123,21BEC0923,VIT - Vellore,Ninja,TCS,BEC,3.3LPA
1124,21BEC0930,VIT - Vellore,GenC Select,Cognizant,BEC,4LPA
1125,21BEC0934,VIT - Vellore,Ninja,TCS,BEC,3.3LPA
1126,21BEC0940,VIT - Vellore,Ninja,TCS,BEC,3.3LPA
1127,21BEC0943,VIT - Vellore,Ninja,TCS,BEC,3.3LPA
1128,21BEC0952,VIT - Vellore,Ninja,TCS,BEC,3.3LPA
1129,21BEC0954,VIT - Vellore,GenC Next Select,Cognizant,BEC,5.4LPA
1130,21BEC0966,VIT - Vellore,,LTIMindtree,BEC,4LPA
1131,21BEC0966,VIT - Vellore,Ninja,TCS,BEC,3.3LPA
1132,21BEC0967,VIT - Vellore,Ninja,TCS,BEC,3.3LPA
1133,21BEC0968,VIT - Vellore,GenC Select,Cognizant,BEC,4LPA
1134,21BEC0968,VIT - Vellore,Ninja,TCS,BEC,3.3LPA
1135,21BEC0973,VIT - Vellore,,LTIMindtree,BEC,4LPA
1136,21BEC0973,VIT - Vellore,Ninja,TCS,BEC,3.3LPA
1137,21BEC0977,VIT - Vellore,Ninja,TCS,BEC,3.3LPA
1138,21BEC0978,VIT - Vellore,Ninja,TCS,BEC,3.3LPA
1139,21BEC0993,VIT - Vellore,GenC Select,Cognizant,BEC,4LPA
1140,21BEC0998,VIT - Vellore,Ninja,TCS,BEC,3.3LPA
1141,21BEC0999,VIT - Vellore,,LTIMindtree,BEC,4LPA
1142,21BEC2002,VIT - Vellore,Ninja,TCS,BEC,3.3LPA
1143,21BEC2013,VIT - Vellore,GenC Select,Cognizant,BEC,4LPA
1144,21BEC2013,VIT - Vellore,,LTIMindtree,BEC,4LPA
1145,21BEC2014,VIT - Vellore,Ninja,TCS,BEC,3.3LPA
1146,21BEC2018,VIT - Vellore,GenC Select,Cognizant,BEC,4LPA
1147,21BEC2021,VIT - Vellore,Ninja,TCS,BEC,3.3LPA
1148,21BEC2029,VIT - Vellore,Ninja,TCS,BEC,3.3LPA
1149,21BEC2035,VIT - Vellore,GenC Select,Cognizant,BEC,4LPA
1150,21BEC2036,VIT - Vellore,GenC Select,Cognizant,BEC,4LPA
1151,21BEC2036,VIT - Vellore,,LTIMindtree,BEC,4LPA
1152,21BEC2036,VIT - Vellore,Ninja,TCS,BEC,3.3LPA
1153,21BEC2043,VIT - Vellore,Ninja,TCS,BEC,3.3LPA
1154,21BEC2048,VIT - Vellore,,LTIMindtree,BEC,4LPA
1155,21BEC2048,VIT - Vellore,Ninja,TCS,BEC,3.3LPA
1156,21BEC2063,VIT - Vellore,Ninja,TCS,BEC,3.3LPA
1157,21BEC2065,VIT - Vellore,GenC Select,Cognizant,BEC,4LPA
1158,21BEC2065,VIT - Vellore,Ninja,TCS,BEC,3.3LPA
1159,21BEC2087,VIT - Vellore,GenC Select,Cognizant,BEC,4LPA
1160,21BEC2087,VIT - Vellore,,LTIMindtree,BEC,4LPA
1161,21BEC2087,VIT - Vellore,Ninja,TCS,BEC,3.3LPA
1162,21BEC2092,VIT - Vellore,Ninja,TCS,BEC,3.3LPA
1163,21BEC2097,VIT - Vellore,Ninja,TCS,BEC,3.3LPA
1164,21BEC2104,VIT - Vellore,,LTIMindtree,BEC,4LPA
1165,21BEC2105,VIT - Vellore,Ninja,TCS,BEC,3.3LPA
1166,21BEC2114,VIT - Vellore,Ninja,TCS,BEC,3.3LPA
1167,21BEC2116,VIT - Vellore,Ninja,TCS,BEC,3.3LPA
1168,21BEC2124,VIT - Vellore,Ninja,TCS,BEC,3.3LPA
1169,21BEC2126,VIT - Vellore,Ninja,TCS,BEC,3.3LPA
1170,21BEC2127,VIT - Vellore,GenC Select,Cognizant,BEC,4LPA
1171,21BEC2127,VIT - Vellore,Ninja,TCS,BEC,3.3LPA
1172,21BEC2139,VIT - Vellore,Ninja,TCS,BEC,3.3LPA
1173,21BEC2140,VIT - Vellore,Ninja,TCS,BEC,3.3LPA
1174,21BEC2142,VIT - Vellore,Ninja,TCS,BEC,3.3LPA
1175,21BEC2152,VIT - Vellore,Ninja,TCS,BEC,3.3LPA
1176,21BEC2155,VIT - Vellore,Ninja,TCS,BEC,3.3LPA
1177,21BEC2160,VIT - Vellore,Ninja,TCS,BEC,3.3LPA
1178,21BEC2163,VIT - Vellore,Ninja,TCS,BEC,3.3LPA
1179,21BEC2165,VIT - Vellore,Ninja,TCS,BEC,3.3LPA
1180,21BEC2176,VIT - Vellore,GenC Select,Cognizant,BEC,4LPA
1181,21BEC2184,VIT - Vellore,Ninja,TCS,BEC,3.3LPA
1182,21BEC2189,VIT - Vellore,,Infosys,BEC,3.6LPA
1183,21BEC2193,VIT - Vellore,Ninja,TCS,BEC,3.3LPA
1184,21BEC2198,VIT - Vellore,Ninja,TCS,BEC,3.3LPA
1185,21BEC2201,VIT - Vellore,GenC Select,Cognizant,BEC,4LPA
1186,21BEC2212,VIT - Vellore,,Infosys,BEC,3.6LPA
1187,21BEC2216,VIT - Vellore,Ninja,TCS,BEC,3.3LPA
1188,21BEC2219,VIT - Vellore,,Infosys,BEC,3.6LPA
1189,21BEC2223,VIT - Vellore,,LTIMindtree,BEC,4LPA
1190,21BEC2223,VIT - Vellore,Ninja,TCS,BEC,3.3LPA
1191,21BEC2228,VIT - Vellore,Ninja,TCS,BEC,3.3LPA
1192,21BEC2231,VIT - Vellore,Ninja,TCS,BEC,3.3LPA
1193,21BEC2232,VIT - Vellore,Ninja,TCS,BEC,3.3LPA
1194,21BEC2235,VIT - Vellore,Ninja,TCS,BEC,3.3LPA
1195,21BEC2236,VIT - Vellore,Ninja,TCS,BEC,3.3LPA
1196,21BEC2238,VIT - Vellore,Ninja,TCS,BEC,3.3LPA
1197,21BEC2239,VIT - Vellore,Ninja,TCS,BEC,3.3LPA
1198,21BEC2246,VIT - Vellore,GenC Select,Cognizant,BEC,4LPA
1199,21BEC2256,VIT - Vellore,Ninja,TCS,BEC,3.3LPA
1200,21BEC2257,VIT - Vellore,Ninja,TCS,BEC,3.3LPA
1201,21BEC2273,VIT - Vellore,Ninja,TCS,BEC,3.3LPA
1202,21BEC2283,VIT - Vellore,GenC Select,Cognizant,BEC,4LPA
1203,21BEC2283,VIT - Vellore,Ninja,TCS,BEC,3.3LPA
1204,21BEC2292,VIT - Vellore,Ninja,TCS,BEC,3.3LPA
1205,21BEC2296,VIT - Vellore,Ninja,TCS,BEC,3.3LPA
1206,21BEC2300,VIT - Vellore,Ninja,TCS,BEC,3.3LPA
1207,21BEC2316,VIT - Vellore,Ninja,TCS,BEC,3.3LPA
1208,21BEC2324,VIT - Vellore,Ninja,TCS,BEC,3.3LPA
1209,21BEC2330,VIT - Vellore,Ninja,TCS,BEC,3.3LPA
1210,21BEC2353,VIT - Vellore,Ninja,TCS,BEC,3.3LPA
1211,21BEC2354,VIT - Vellore,Ninja,TCS,BEC,3.3LPA
1212,21BEC2362,VIT - Vellore,,LTIMindtree,BEC,4LPA
1213,21BEC2371,VIT - Vellore,Ninja,TCS,BEC,3.3LPA
1214,21BEC2376,VIT - Vellore,Ninja,TCS,BEC,3.3LPA
1215,21BEC2386,VIT - Vellore,Ninja,TCS,BEC,3.3LPA
1216,21BEC2426,VIT - Vellore,Ninja,TCS,BEC,3.3LPA
1217,21BEC2429,VIT - Vellore,GenC Select,Cognizant,BEC,4LPA
1218,21BEC2441,VIT - Vellore,Ninja,TCS,BEC,3.3LPA
1219,21BEC2467,VIT - Vellore,Ninja,TCS,BEC,3.3LPA
1220,21BEC2477,VIT - Vellore,Ninja,TCS,BEC,3.3LPA
1221,21BEC2482,VIT - Vellore,GenC Select,Cognizant,BEC,4LPA
1222,21BEC2483,VIT - Vellore,Ninja,TCS,BEC,3.3LPA
1223,21BEC2486,VIT - Vellore,GenC Select,Cognizant,BEC,4LPA
1224,21BEC2486,VIT - Vellore,,LTIMindtree,BEC,4LPA
1225,21BEC2499,VIT - Vellore,Ninja,TCS,BEC,3.3LPA
1226,21BEC2502,VIT - Vellore,Ninja,TCS,BEC,3.3LPA
1227,21BEC2506,VIT - Vellore,Ninja,TCS,BEC,3.3LPA
1228,21BEC2507,VIT - Vellore,,Infosys,BEC,3.6LPA
1229,21BEC2507,VIT - Vellore,Ninja,TCS,BEC,3.3LPA
1230,21BEC2517,VIT - Vellore,GenC Select,Cognizant,BEC,4LPA
1231,21BEC2517,VIT - Vellore,Ninja,TCS,BEC,3.3LPA
1232,21BEE0002,VIT - Vellore,Ninja,TCS,BEE,3.3LPA
1233,21BEE0010,VIT - Vellore,Ninja,TCS,BEE,3.3LPA
1234,21BEE0034,VIT - Vellore,Ninja,TCS,BEE,3.3LPA
1235,21BEE0035,VIT - Vellore,Ninja,TCS,BEE,3.3LPA
1236,21BEE0044,VIT - Vellore,Ninja,TCS,BEE,3.3LPA
1237,21BEE0048,VIT - Vellore,,Infosys,BEE,3.6LPA
1238,21BEE0048,VIT - Vellore,Ninja,TCS,BEE,3.3LPA
1239,21BEE0096,VIT - Vellore,GenC Select,Cognizant,BEE,4LPA
1240,21BEE0096,VIT - Vellore,Ninja,TCS,BEE,3.3LPA
1241,21BEE0106,VIT - Vellore,Ninja,TCS,BEE,3.3LPA
1242,21BEE0107,VIT - Vellore,Ninja,TCS,BEE,3.3LPA
1243,21BEE0108,VIT - Vellore,Ninja,TCS,BEE,3.3LPA
1244,21BEE0122,VIT - Vellore,GenC Select,Cognizant,BEE,4LPA
1245,21BEE0122,VIT - Vellore,Ninja,TCS,BEE,3.3LPA
1246,21BEE0141,VIT - Vellore,Ninja,TCS,BEE,3.3LPA
1247,21BEE0160,VIT - Vellore,GenC Select,Cognizant,BEE,4LPA
1248,21BEE0160,VIT - Vellore,Ninja,TCS,BEE,3.3LPA
1249,21BEE0162,VIT - Vellore,Ninja,TCS,BEE,3.3LPA
1250,21BEE0166,VIT - Vellore,Ninja,TCS,BEE,3.3LPA
1251,21BEE0167,VIT - Vellore,Ninja,TCS,BEE,3.3LPA
1252,21BEE0195,VIT - Vellore,Ninja,TCS,BEE,3.3LPA
1253,21BEE0221,VIT - Vellore,Ninja,TCS,BEE,3.3LPA
1254,21BEE0225,VIT - Vellore,Ninja,TCS,BEE,3.3LPA
1255,21BEE0256,VIT - Vellore,Ninja,TCS,BEE,3.3LPA
1256,21BEE0294,VIT - Vellore,Ninja,TCS,BEE,3.3LPA
1257,21BEE0295,VIT - Vellore,Ninja,TCS,BEE,3.3LPA
1258,21BEE0316,VIT - Vellore,Ninja,TCS,BEE,3.3LPA
1259,21BEE0362,VIT - Vellore,,Infosys,BEE,3.6LPA
1260,21BEE0376,VIT - Vellore,Ninja,TCS,BEE,3.3LPA
1261,21BEE0377,VIT - Vellore,Ninja,TCS,BEE,3.3LPA
1262,21BEI0001,VIT - Vellore,Ninja,TCS,BEI,3.3LPA
1263,21BEI0008,VIT - Vellore,Ninja,TCS,BEI,3.3LPA
1264,21BEI0018,VIT - Vellore,,Infosys,BEI,3.6LPA
1265,21BEI0018,VIT - Vellore,Ninja,TCS,BEI,3.3LPA
1266,21BEI0019,VIT - Vellore,Ninja,TCS,BEI,3.3LPA
1267,21BEI0048,VIT - Vellore,Ninja,TCS,BEI,3.3LPA
1268,21BEI0055,VIT - Vellore,Ninja,TCS,BEI,3.3LPA
1269,21BEI0062,VIT - Vellore,,LTIMindtree,BEI,4LPA
1270,21BEI0067,VIT - Vellore,Ninja,TCS,BEI,3.3LPA
1271,21BEI0072,VIT - Vellore,Ninja,TCS,BEI,3.3LPA
1272,21BEI0078,VIT - Vellore,Ninja,TCS,BEI,3.3LPA
1273,21BEI0109,VIT - Vellore,Ninja,TCS,BEI,3.3LPA
1274,21BIT0005,VIT - Vellore,Ninja,TCS,BIT,3.3LPA
1275,21BIT0011,VIT - Vellore,Ninja,TCS,BIT,3.3LPA
1276,21BIT0013,VIT - Vellore,Ninja,TCS,BIT,3.3LPA
1277,21BIT0028,VIT - Vellore,Ninja,TCS,BIT,3.3LPA
1278,21BIT0032,VIT - Vellore,,Infosys,BIT,3.6LPA
1279,21BIT0032,VIT - Vellore,Ninja,TCS,BIT,3.3LPA
1280,21BIT0034,VIT - Vellore,,LTIMindtree,BIT,4LPA
1281,21BIT0035,VIT - Vellore,,LTIMindtree,BIT,4LPA
1282,21BIT0040,VIT - Vellore,Ninja,TCS,BIT,3.3LPA
1283,21BIT0041,VIT - Vellore,Ninja,TCS,BIT,3.3LPA
1284,21BIT0042,VIT - Vellore,Ninja,TCS,BIT,3.3LPA
1285,21BIT0064,VIT - Vellore,Ninja,TCS,BIT,3.3LPA
1286,21BIT0065,VIT - Vellore,GenC Select,Cognizant,BIT,4LPA
1287,21BIT0080,VIT - Vellore,,Infosys,BIT,3.6LPA
1288,21BIT0080,VIT - Vellore,Ninja,TCS,BIT,3.3LPA
1289,21BIT0083,VIT - Vellore,Ninja,TCS,BIT,3.3LPA
1290,21BIT0084,VIT - Vellore,GenC Select,Cognizant,BIT,4LPA
1291,21BIT0084,VIT - Vellore,Ninja,TCS,BIT,3.3LPA
1292,21BIT0086,VIT - Vellore,GenC Select,Cognizant,BIT,4LPA
1293,21BIT0088,VIT - Vellore,,Infosys,BIT,3.6LPA
1294,21BIT0092,VIT - Vellore,GenC Select,Cognizant,BIT,4LPA
1295,21BIT0101,VIT - Vellore,GenC Select,Cognizant,BIT,4LPA
1296,21BIT0133,VIT - Vellore,Ninja,TCS,BIT,3.3LPA
1297,21BIT0138,VIT - Vellore,Ninja,TCS,BIT,3.3LPA
1298,21BIT0140,VIT - Vellore,Ninja,TCS,BIT,3.3LPA
1299,21BIT0141,VIT - Vellore,Ninja,TCS,BIT,3.3LPA
1300,21BIT0152,VIT - Vellore,Ninja,TCS,BIT,3.3LPA
1301,21BIT0156,VIT - Vellore,GenC Select,Cognizant,BIT,4LPA
1302,21BIT0159,VIT - Vellore,Ninja,TCS,BIT,3.3LPA
1303,21bit0159,VIT - Vellore,GenC Select,Cognizant,BIT,4LPA
1304,21BIT0166,VIT - Vellore,,Infosys,BIT,3.6LPA
1305,21BIT0166,VIT - Vellore,Ninja,TCS,BIT,3.3LPA
1306,21BIT0174,VIT - Vellore,Ninja,TCS,BIT,3.3LPA
1307,21BIT0178,VIT - Vellore,Ninja,TCS,BIT,3.3LPA
1308,21BIT0183,VIT - Vellore,Ninja,TCS,BIT,3.3LPA
1309,21BIT0184,VIT - Vellore,Ninja,TCS,BIT,3.3LPA
1310,21BIT0192,VIT - Vellore,GenC Select,Cognizant,BIT,4LPA
1311,21BIT0192,VIT - Vellore,Ninja,TCS,BIT,3.3LPA
1312,21BIT0197,VIT - Vellore,Ninja,TCS,BIT,3.3LPA
1313,21BIT0199,VIT - Vellore,Ninja,TCS,BIT,3.3LPA
1314,21BIT0215,VIT - Vellore,Ninja,TCS,BIT,3.3LPA
1315,21BIT0219,VIT - Vellore,GenC Select,Cognizant,BIT,4LPA
1316,21BIT0219,VIT - Vellore,Ninja,TCS,BIT,3.3LPA
1317,21BIT0220,VIT - Vellore,Ninja,TCS,BIT,3.3LPA
1318,21BIT0224,VIT - Vellore,Ninja,TCS,BIT,3.3LPA
1319,21BIT0227,VIT - Vellore,GenC Select,Cognizant,BIT,4LPA
1320,21BIT0227,VIT - Vellore,Ninja,TCS,BIT,3.3LPA
1321,21BIT0241,VIT - Vellore,Ninja,TCS,BIT,3.3LPA
1322,21BIT0243,VIT - Vellore,Ninja,TCS,BIT,3.3LPA
1323,21BIT0250,VIT - Vellore,Ninja,TCS,BIT,3.3LPA
1324,21BIT0253,VIT - Vellore,GenC Select,Cognizant,BIT,4LPA
1325,21BIT0263,VIT - Vellore,Ninja,TCS,BIT,3.3LPA
1326,21BIT0266,VIT - Vellore,GenC Select,Cognizant,BIT,4LPA
1327,21BIT0266,VIT - Vellore,,Infosys,BIT,3.6LPA
1328,21BIT0266,VIT - Vellore,Ninja,TCS,BIT,3.3LPA
1329,21BIT0269,VIT - Vellore,Ninja,TCS,BIT,3.3LPA
1330,21BIT0286,VIT - Vellore,Ninja,TCS,BIT,3.3LPA
1331,21BIT0288,VIT - Vellore,GenC Select,Cognizant,BIT,4LPA
1332,21BIT0288,VIT - Vellore,Ninja,TCS,BIT,3.3LPA
1333,21BIT0290,VIT - Vellore,GenC Select,Cognizant,BIT,4LPA
1334,21BIT0290,VIT - Vellore,,LTIMindtree,BIT,4LPA
1335,21BIT0293,VIT - Vellore,GenC Select,Cognizant,BIT,4LPA
1336,21BIT0293,VIT - Vellore,,Infosys,BIT,3.6LPA
1337,21BIT0306,VIT - Vellore,Ninja,TCS,BIT,3.3LPA
1338,21BIT0309,VIT - Vellore,GenC Select,Cognizant,BIT,4LPA
1339,21BIT0309,VIT - Vellore,,LTIMindtree,BIT,4LPA
1340,21BIT0310,VIT - Vellore,Ninja,TCS,BIT,3.3LPA
1341,21BIT0312,VIT - Vellore,Ninja,TCS,BIT,3.3LPA
1342,21BIT0331,VIT - Vellore,GenC Select,Cognizant,BIT,4LPA
1343,21BIT0331,VIT - Vellore,Ninja,TCS,BIT,3.3LPA
1344,21BIT0337,VIT - Vellore,Ninja,TCS,BIT,3.3LPA
1345,21BIT0349,VIT - Vellore,Ninja,TCS,BIT,3.3LPA
1346,21BIT0353,VIT - Vellore,Ninja,TCS,BIT,3.3LPA
1347,21BIT0364,VIT - Vellore,GenC Select,Cognizant,BIT,4LPA
1348,21BIT0364,VIT - Vellore,,Infosys,BIT,3.6LPA
1349,21BIT0364,VIT - Vellore,Ninja,TCS,BIT,3.3LPA
1350,21BIT0367,VIT - Vellore,Ninja,TCS,BIT,3.3LPA
1351,21BIT0381,VIT - Vellore,Ninja,TCS,BIT,3.3LPA
1352,21BIT0384,VIT - Vellore,Ninja,TCS,BIT,3.3LPA
1353,21BIT0390,VIT - Vellore,Ninja,TCS,BIT,3.3LPA
1354,21BIT0393,VIT - Vellore,Ninja,TCS,BIT,3.3LPA
1355,21BIT0395,VIT - Vellore,GenC Select,Cognizant,BIT,4LPA
1356,21BIT0395,VIT - Vellore,,Infosys,BIT,3.6LPA
1357,21BIT0395,VIT - Vellore,Ninja,TCS,BIT,3.3LPA
1358,21BIT0405,VIT - Vellore,Ninja,TCS,BIT,3.3LPA
1359,21BIT0409,VIT - Vellore,Ninja,TCS,BIT,3.3LPA
1360,21BIT0418,VIT - Vellore,Ninja,TCS,BIT,3.3LPA
1361,21BIT0421,VIT - Vellore,GenC Select,Cognizant,BIT,4LPA
1362,21BIT0421,VIT - Vellore,,LTIMindtree,BIT,4LPA
1363,21BIT0424,VIT - Vellore,Ninja,TCS,BIT,3.3LPA
1364,21BIT0431,VIT - Vellore,,LTIMindtree,BIT,4LPA
1365,21BIT0434,VIT - Vellore,,LTIMindtree,BIT,4LPA
1366,21BIT0434,VIT - Vellore,Ninja,TCS,BIT,3.3LPA
1367,21BIT0439,VIT - Vellore,GenC Select,Cognizant,BIT,4LPA
1368,21BIT0439,VIT - Vellore,,LTIMindtree,BIT,4LPA
1369,21BIT0439,VIT - Vellore,,Infosys,BIT,3.6LPA
1370,21BIT0439,VIT - Vellore,Ninja,TCS,BIT,3.3LPA
1371,21BIT0444,VIT - Vellore,Ninja,TCS,BIT,3.3LPA
1372,21BIT0447,VIT - Vellore,Ninja,TCS,BIT,3.3LPA
1373,21BIT0451,VIT - Vellore,GenC Select,Cognizant,BIT,4LPA
1374,21BIT0451,VIT - Vellore,Ninja,TCS,BIT,3.3LPA
1375,21BIT0452,VIT - Vellore,Ninja,TCS,BIT,3.3LPA
1376,21BIT0459,VIT - Vellore,Ninja,TCS,BIT,3.3LPA
1377,21BIT0459,VIT - Vellore,GenC Select,Cognizant,BIT,4LPA
1378,21BIT0461,VIT - Vellore,Ninja,TCS,BIT,3.3LPA
1379,21BIT0472,VIT - Vellore,GenC Select,Cognizant,BIT,4LPA
1380,21BIT0472,VIT - Vellore,Ninja,TCS,BIT,3.3LPA
1381,21BIT0477,VIT - Vellore,Ninja,TCS,BIT,3.3LPA
1382,21BIT0478,VIT - Vellore,GenC Select,Cognizant,BIT,4LPA
1383,21BIT0478,VIT - Vellore,,LTIMindtree,BIT,4LPA
1384,21BIT0483,VIT - Vellore,,Infosys,BIT,3.6LPA
1385,21BIT0488,VIT - Vellore,GenC Select,Cognizant,BIT,4LPA
1386,21BIT0488,VIT - Vellore,Ninja,TCS,BIT,3.3LPA
1387,21BIT0495,VIT - Vellore,,Infosys,BIT,3.6LPA
1388,21BIT0501,VIT - Vellore,Ninja,TCS,BIT,3.3LPA
1389,21BIT0501,VIT - Vellore,,LTIMindtree,BIT,4LPA
1390,21BIT0503,VIT - Vellore,,Infosys,BIT,3.6LPA
1391,21BIT0522,VIT - Vellore,Ninja,TCS,BIT,3.3LPA
1392,21BIT0523,VIT - Vellore,Ninja,TCS,BIT,3.3LPA
1393,21BIT0538,VIT - Vellore,,LTIMindtree,BIT,4LPA
1394,21BIT0541,VIT - Vellore,Ninja,TCS,BIT,3.3LPA
1395,21BIT0542,VIT - Vellore,Ninja,TCS,BIT,3.3LPA
1396,21BIT0549,VIT - Vellore,Ninja,TCS,BIT,3.3LPA
1397,21BIT0550,VIT - Vellore,Ninja,TCS,BIT,3.3LPA
1398,21BIT0552,VIT - Vellore,Ninja,TCS,BIT,3.3LPA
1399,21BIT0565,VIT - Vellore,Ninja,TCS,BIT,3.3LPA
1400,21BIT0575,VIT - Vellore,GenC Select,Cognizant,BIT,4LPA
1401,21BIT0575,VIT - Vellore,Ninja,TCS,BIT,3.3LPA
1402,21BIT0585,VIT - Vellore,,Infosys,BIT,3.6LPA
1403,21BIT0588,VIT - Vellore,Ninja,TCS,BIT,3.3LPA
1404,21BIT0596,VIT - Vellore,Ninja,TCS,BIT,3.3LPA
1405,21BIT0616,VIT - Vellore,GenC Select,Cognizant,BIT,4LPA
1406,21BIT0616,VIT - Vellore,,LTIMindtree,BIT,4LPA
1407,21BIT0616,VIT - Vellore,Ninja,TCS,BIT,3.3LPA
1408,21BIT0621,VIT - Vellore,Ninja,TCS,BIT,3.3LPA
1409,21BIT0632,VIT - Vellore,GenC Select,Cognizant,BIT,4LPA
1410,21BIT0632,VIT - Vellore,Ninja,TCS,BIT,3.3LPA
1411,21BIT0634,VIT - Vellore,GenC Select,Cognizant,BIT,4LPA
1412,21BIT0634,VIT - Vellore,Ninja,TCS,BIT,3.3LPA
1413,21BIT0637,VIT - Vellore,Ninja,TCS,BIT,3.3LPA
1414,21BIT0640,VIT - Vellore,Ninja,TCS,BIT,3.3LPA
1415,21BIT0640,VIT - Vellore,,LTIMindtree,BIT,4LPA
1416,21BIT0641,VIT - Vellore,Ninja,TCS,BIT,3.3LPA
1417,21BIT0653,VIT - Vellore,Ninja,TCS,BIT,3.3LPA
1418,21BIT0662,VIT - Vellore,Ninja,TCS,BIT,3.3LPA
1419,21BIT0663,VIT - Vellore,Ninja,TCS,BIT,3.3LPA
1420,21BIT0679,VIT - Vellore,Ninja,TCS,BIT,3.3LPA
1421,21BIT0680,VIT - Vellore,Ninja,TCS,BIT,3.3LPA
1422,21BIT0681,VIT - Vellore,Ninja,TCS,BIT,3.3LPA
1423,21BIT0685,VIT - Vellore,Ninja,TCS,BIT,3.3LPA
1424,21BIT0686,VIT - Vellore,Ninja,TCS,BIT,3.3LPA
1425,21BIT0687,VIT - Vellore,Ninja,TCS,BIT,3.3LPA
1426,21BIT0691,VIT - Vellore,GenC Select,Cognizant,BIT,4LPA
1427,21BIT0696,VIT - Vellore,Ninja,TCS,BIT,3.3LPA
1428,21BIT0699,VIT - Vellore,,Infosys,BIT,3.6LPA
1429,21BIT0705,VIT - Vellore,Ninja,TCS,BIT,3.3LPA
1430,21BIT0706,VIT - Vellore,Ninja,TCS,BIT,3.3LPA
1431,21BIT0715,VIT - Vellore,Ninja,TCS,BIT,3.3LPA
1432,21BIT0731,VIT - Vellore,Ninja,TCS,BIT,3.3LPA
1433,21BIT0738,VIT - Vellore,,LTIMindtree,BIT,4LPA
1434,21BIT0738,VIT - Vellore,Ninja,TCS,BIT,3.3LPA
1435,21BKT0008,VIT - Vellore,Ninja,TCS,BKT,3.3LPA
1436,21BKT0010,VIT - Vellore,Ninja,TCS,BKT,3.3LPA
1437,21BKT0012,VIT - Vellore,Ninja,TCS,BKT,3.3LPA
1438,21BKT0021,VIT - Vellore,GenC Select,Cognizant,BKT,4LPA
1439,21BKT0021,VIT - Vellore,Ninja,TCS,BKT,3.3LPA
1440,21BKT0037,VIT - Vellore,Ninja,TCS,BKT,3.3LPA
1441,21BKT0053,VIT - Vellore,Ninja,TCS,BKT,3.3LPA
1442,21BKT0058,VIT - Vellore,GenC Next Select,Cognizant,BKT,5.4LPA
1443,21BKT0060,VIT - Vellore,Ninja,TCS,BKT,3.3LPA
1444,21BKT0062,VIT - Vellore,,LTIMindtree,BKT,4LPA
1445,21BKT0062,VIT - Vellore,,Infosys,BKT,3.6LPA
1446,21BKT0062,VIT - Vellore,Ninja,TCS,BKT,3.3LPA
1447,21BKT0067,VIT - Vellore,Ninja,TCS,BKT,3.3LPA
1448,21BKT0074,VIT - Vellore,GenC Next Select,Cognizant,BKT,5.4LPA
1449,21BKT0076,VIT - Vellore,Ninja,TCS,BKT,3.3LPA
1450,21BKT0077,VIT - Vellore,,LTIMindtree,BKT,4LPA
1451,21BKT0077,VIT - Vellore,Ninja,TCS,BKT,3.3LPA
1452,21BKT0079,VIT - Vellore,Ninja,TCS,BKT,3.3LPA
1453,21BKT0083,VIT - Vellore,,LTIMindtree,BKT,4LPA
1454,21BKT0083,VIT - Vellore,Ninja,TCS,BKT,3.3LPA
1455,21BKT0084,VIT - Vellore,GenC Next Select,Cognizant,BKT,5.4LPA
1456,21BKT0088,VIT - Vellore,Ninja,TCS,BKT,3.3LPA
1457,21BKT0099,VIT - Vellore,Ninja,TCS,BKT,3.3LPA
1458,21BKT0100,VIT - Vellore,Ninja,TCS,BKT,3.3LPA
1459,21BKT0105,VIT - Vellore,Ninja,TCS,BKT,3.3LPA
1460,21BKT0112,VIT - Vellore,GenC Select,Cognizant,BKT,4LPA
1461,21BKT0112,VIT - Vellore,Ninja,TCS,BKT,3.3LPA
1462,21BKT0114,VIT - Vellore,Ninja,TCS,BKT,3.3LPA
1463,21BKT0136,VIT - Vellore,Ninja,TCS,BKT,3.3LPA
1464,21BKT0149,VIT - Vellore,GenC Select,Cognizant,BKT,4LPA
1465,21BKT0165,VIT - Vellore,Ninja,TCS,BKT,3.3LPA
1466,21BKT0172,VIT - Vellore,Ninja,TCS,BKT,3.3LPA
1467,21BKT0173,VIT - Vellore,Ninja,TCS,BKT,3.3LPA
1468,21BKT0174,VIT - Vellore,Ninja,TCS,BKT,3.3LPA
1469,21BKT0195,VIT - Vellore,Ninja,TCS,BKT,3.3LPA
1470,21BMA0053,VIT - Vellore,Ninja,TCS,BMA,3.3LPA
1471,21BMA0070,VIT - Vellore,Ninja,TCS,BMA,3.3LPA
1472,21BME0023,VIT - Vellore,Ninja,TCS,BME,3.3LPA
1473,21BME0050,VIT - Vellore,Ninja,TCS,BME,3.3LPA
1474,21BME0075,VIT - Vellore,Ninja,TCS,BME,3.3LPA
1475,21BME0161,VIT - Vellore,Ninja,TCS,BME,3.3LPA
1476,21BME0164,VIT - Vellore,Ninja,TCS,BME,3.3LPA
1477,21BME0165,VIT - Vellore,Ninja,TCS,BME,3.3LPA
1478,21BME0221,VIT - Vellore,Ninja,TCS,BME,3.3LPA
1479,21BME0224,VIT - Vellore,Ninja,TCS,BME,3.3LPA
1480,21BME0287,VIT - Vellore,GenC Select,Cognizant,BME,4LPA
1481,21BME0321,VIT - Vellore,Ninja,TCS,BME,3.3LPA
1482,21BME0328,VIT - Vellore,Ninja,TCS,BME,3.3LPA
1483,21BME0351,VIT - Vellore,Ninja,TCS,BME,3.3LPA
1484,21BME0363,VIT - Vellore,Ninja,TCS,BME,3.3LPA
1485,21BME0484,VIT - Vellore,Ninja,TCS,BME,3.3LPA
1486,21BME0498,VIT - Vellore,Ninja,TCS,BME,3.3LPA
1487,21BME0502,VIT - Vellore,Ninja,TCS,BME,3.3LPA
1488,21BME0518,VIT - Vellore,Ninja,TCS,BME,3.3LPA
1489,21BME0541,VIT - Vellore,Ninja,TCS,BME,3.3LPA
1490,21BME0652,VIT - Vellore,Ninja,TCS,BME,3.3LPA
1491,21BML0007,VIT - Vellore,Ninja,TCS,BML,3.3LPA
1492,21BML0011,VIT - Vellore,Ninja,TCS,BML,3.3LPA
1493,21BML0032,VIT - Vellore,Ninja,TCS,BML,3.3LPA
1494,21BML0064,VIT - Vellore,Ninja,TCS,BML,3.3LPA
1495,21BML0093,VIT - Vellore,GenC Select,Cognizant,BML,4LPA
1496,21BML0093,VIT - Vellore,,LTIMindtree,BML,4LPA
1497,21BML0093,VIT - Vellore,Ninja,TCS,BML,3.3LPA
1498,21BML0096,VIT - Vellore,Ninja,TCS,BML,3.3LPA
1499,21BML0097,VIT - Vellore,Ninja,TCS,BML,3.3LPA
1500,21BML0106,VIT - Vellore,Ninja,TCS,BML,3.3LPA
1501,21BML0115,VIT - Vellore,Ninja,TCS,BML,3.3LPA
1502,21BML0117,VIT - Vellore,Ninja,TCS,BML,3.3LPA
1503,21BML0122,VIT - Vellore,Ninja,TCS,BML,3.3LPA
1504,21BML0125,VIT - Vellore,Ninja,TCS,BML,3.3LPA
1505,21BML0126,VIT - Vellore,,LTIMindtree,BML,4LPA
1506,21BML0126,VIT - Vellore,Ninja,TCS,BML,3.3LPA
1507,21BML0128,VIT - Vellore,,LTIMindtree,BML,4LPA
1508,21BML0128,VIT - Vellore,Ninja,TCS,BML,3.3LPA
1509,21BML0138,VIT - Vellore,Ninja,TCS,BML,3.3LPA
1510,21BML0146,VIT - Vellore,Ninja,TCS,BML,3.3LPA
1511,21BML0151,VIT - Vellore,Ninja,TCS,BML,3.3LPA
1512,21BML0154,VIT - Vellore,Ninja,TCS,BML,3.3LPA
1513,21BML0155,VIT - Vellore,GenC Select,Cognizant,BML,4LPA
1514,21BML0155,VIT - Vellore,,LTIMindtree,BML,4LPA
1515,21BML0155,VIT - Vellore,,Infosys,BML,3.6LPA
1516,21BML0161,VIT - Vellore,Ninja,TCS,BML,3.3LPA
1517,21BMM0019,VIT - Vellore,Ninja,TCS,BMM,3.3LPA
1784,21BAI1002,VIT - Chennai,,Infosys,BAI,3.6LPA
1785,21BAI1010,VIT - Chennai,Ninja,TCS,BAI,3.3LPA
1786,21BAI1015,VIT - Chennai,Ninja,TCS,BAI,3.3LPA
1787,21bai1018,VIT - Chennai,,Infosys,BAI,3.6LPA
1788,21BAI1018,VIT - Chennai,Ninja,TCS,BAI,3.3LPA
1789,21BAI1019,VIT - Chennai,GenC Select,Cognizant,BAI,4LPA
1790,21BAI1020,VIT - Chennai,GenC Select,Cognizant,BAI,4LPA
1791,21BAI1020,VIT - Chennai,Ninja,TCS,BAI,3.3LPA
1792,21BAI1025,VIT - Chennai,Ninja,TCS,BAI,3.3LPA
1793,21BAI1028,VIT - Chennai,Ninja,TCS,BAI,3.3LPA
1794,21BAI1029,VIT - Chennai,,Infosys,BAI,3.6LPA
1795,21BAI1029,VIT - Chennai,Ninja,TCS,BAI,3.3LPA
1796,21BAI1032,VIT - Chennai,,LTIMindtree,BAI,4LPA
1797,21BAI1032,VIT - Chennai,Ninja,TCS,BAI,3.3LPA
1798,21BAI1032,VIT - Chennai,GenC Select,Cognizant,BAI,4LPA
1799,21BAI1034,VIT - Chennai,Ninja,TCS,BAI,3.3LPA
1800,21BAI1039,VIT - Chennai,,Infosys,BAI,3.6LPA
1801,21BAI1039,VIT - Chennai,Ninja,TCS,BAI,3.3LPA
1802,21BAI1042,VIT - Chennai,,LTIMindtree,BAI,4LPA
1803,21BAI1042,VIT - Chennai,Ninja,TCS,BAI,3.3LPA
1804,21BAI1051,VIT - Chennai,Ninja,TCS,BAI,3.3LPA
1805,21BAI1052,VIT - Chennai,,Infosys,BAI,3.6LPA
1806,21BAI1052,VIT - Chennai,GenC Select,Cognizant,BAI,4LPA
1807,21BAI1054,VIT - Chennai,Ninja,TCS,BAI,3.3LPA
1808,21BAI1062,VIT - Chennai,Ninja,TCS,BAI,3.3LPA
1809,21BAI1071,VIT - Chennai,,LTIMindtree,BAI,4LPA
1810,21BAI1071,VIT - Chennai,,Infosys,BAI,3.6LPA
1811,21BAI1074,VIT - Chennai,GenC Next Select,Cognizant,BAI,5.4LPA
1812,21BAI1075,VIT - Chennai,,Infosys,BAI,3.6LPA
1813,21BAI1075,VIT - Chennai,Ninja,TCS,BAI,3.3LPA
1814,21BAI1079,VIT - Chennai,Ninja,TCS,BAI,3.3LPA
1815,21bai1084,VIT - Chennai,GenC Select,Cognizant,BAI,4LPA
1816,21BAI1088,VIT - Chennai,Ninja,TCS,BAI,3.3LPA
1817,21BAI1104,VIT - Chennai,GenC Select,Cognizant,BAI,4LPA
1818,21BAI1104,VIT - Chennai,,LTIMindtree,BAI,4LPA
1819,21bai1104,VIT - Chennai,Ninja,TCS,BAI,3.3LPA
1820,21BAI1108,VIT - Chennai,GenC Select,Cognizant,BAI,4LPA
1821,21BAI1115,VIT - Chennai,GenC Next Select,Cognizant,BAI,5.4LPA
1822,21BAI1116,VIT - Chennai,Ninja,TCS,BAI,3.3LPA
1823,21BAI1119,VIT - Chennai,Ninja,TCS,BAI,3.3LPA
1824,21BAI1121,VIT - Chennai,,Infosys,BAI,3.6LPA
1825,21BAI1121,VIT - Chennai,Ninja,TCS,BAI,3.3LPA
1826,21BAI1125,VIT - Chennai,Ninja,TCS,BAI,3.3LPA
1827,21BAI1126,VIT - Chennai,Ninja,TCS,BAI,3.3LPA
1828,21BAI1148,VIT - Chennai,GenC Next Select,Cognizant,BAI,5.4LPA
1829,21BAI1154,VIT - Chennai,Ninja,TCS,BAI,3.3LPA
1830,21BAI1162,VIT - Chennai,Ninja,TCS,BAI,3.3LPA
1831,21BAI1164,VIT - Chennai,GenC Select,Cognizant,BAI,4LPA
1832,21BAI1164,VIT - Chennai,Ninja,TCS,BAI,3.3LPA
1833,21BAI1176,VIT - Chennai,,Infosys,BAI,3.6LPA
1834,21BAI1176,VIT - Chennai,Ninja,TCS,BAI,3.3LPA
1835,21BAI1177,VIT - Chennai,,LTIMindtree,BAI,4LPA
1836,21BAI1177,VIT - Chennai,,Infosys,BAI,3.6LPA
1837,21BAI1177,VIT - Chennai,Ninja,TCS,BAI,3.3LPA
1838,21BAI1184,VIT - Chennai,,Infosys,BAI,3.6LPA
1839,21BAI1184,VIT - Chennai,Ninja,TCS,BAI,3.3LPA
1840,21BAI1188,VIT - Chennai,Ninja,TCS,BAI,3.3LPA
1841,21BAI1190,VIT - Chennai,,Infosys,BAI,3.6LPA
1842,21BAI1190,VIT - Chennai,Ninja,TCS,BAI,3.3LPA
1843,21BAI1191,VIT - Chennai,,Infosys,BAI,3.6LPA
1844,21BAI1191,VIT - Chennai,Ninja,TCS,BAI,3.3LPA
1845,21BAI1196,VIT - Chennai,GenC Select,Cognizant,BAI,4LPA
1846,21BAI1197,VIT - Chennai,GenC Select,Cognizant,BAI,4LPA
1847,21BAI1197,VIT - Chennai,Ninja,TCS,BAI,3.3LPA
1848,21BAI1204,VIT - Chennai,,Infosys,BAI,3.6LPA
1849,21BAI1204,VIT - Chennai,Ninja,TCS,BAI,3.3LPA
1850,21BAI1209,VIT - Chennai,Ninja,TCS,BAI,3.3LPA
1851,21BAI1214,VIT - Chennai,,Infosys,BAI,3.6LPA
1852,21BAI1214,VIT - Chennai,Ninja,TCS,BAI,3.3LPA
1853,21BAI1217,VIT - Chennai,GenC Select,Cognizant,BAI,4LPA
1854,21BAI1217,VIT - Chennai,,Infosys,BAI,3.6LPA
1855,21BAI1217,VIT - Chennai,Ninja,TCS,BAI,3.3LPA
1856,21BAI1225,VIT - Chennai,Ninja,TCS,BAI,3.3LPA
1857,21BAI1231,VIT - Chennai,Ninja,TCS,BAI,3.3LPA
1858,21BAI1233,VIT - Chennai,GenC Select,Cognizant,BAI,4LPA
1859,21BAI1240,VIT - Chennai,,Infosys,BAI,3.6LPA
1860,21BAI1240,VIT - Chennai,Ninja,TCS,BAI,3.3LPA
1861,21BAI1243,VIT - Chennai,Ninja,TCS,BAI,3.3LPA
1862,21BAI1244,VIT - Chennai,Ninja,TCS,BAI,3.3LPA
1863,21BAI1250,VIT - Chennai,,Infosys,BAI,3.6LPA
1864,21BAI1252,VIT - Chennai,Ninja,TCS,BAI,3.3LPA
1865,21BAI1254,VIT - Chennai,Ninja,TCS,BAI,3.3LPA
1866,21BAI1259,VIT - Chennai,Ninja,TCS,BAI,3.3LPA
1867,21BAI1270,VIT - Chennai,GenC Select,Cognizant,BAI,4LPA
1868,21BAI1270,VIT - Chennai,Ninja,TCS,BAI,3.3LPA
1869,21BAI1272,VIT - Chennai,Ninja,TCS,BAI,3.3LPA
1870,21bai1281,VIT - Chennai,Ninja,TCS,BAI,3.3LPA
1871,21BAI1282,VIT - Chennai,Ninja,TCS,BAI,3.3LPA
1872,21BAI1286,VIT - Chennai,GenC Select,Cognizant,BAI,4LPA
1873,21BAI1286,VIT - Chennai,Ninja,TCS,BAI,3.3LPA
1874,21BAI1287,VIT - Chennai,,LTIMindtree,BAI,4LPA
1875,21BAI1287,VIT - Chennai,Ninja,TCS,BAI,3.3LPA
1876,21BAI1296,VIT - Chennai,Ninja,TCS,BAI,3.3LPA
1877,21BAI1306,VIT - Chennai,,Infosys,BAI,3.6LPA
1878,21BAI1306,VIT - Chennai,Ninja,TCS,BAI,3.3LPA
1879,21BAI1308,VIT - Chennai,,Infosys,BAI,3.6LPA
1880,21BAI1308,VIT - Chennai,Ninja,TCS,BAI,3.3LPA
1881,21BAI1309,VIT - Chennai,,Infosys,BAI,3.6LPA
1882,21BAI1309,VIT - Chennai,Ninja,TCS,BAI,3.3LPA
1883,21BAI1309,VIT - Chennai,,LTIMindtree,BAI,4LPA
1884,21bai1312,VIT - Chennai,Ninja,TCS,BAI,3.3LPA
1885,21BAI1319,VIT - Chennai,Ninja,TCS,BAI,3.3LPA
1886,21BAI1326,VIT - Chennai,Ninja,TCS,BAI,3.3LPA
1887,21BAI1330,VIT - Chennai,Ninja,TCS,BAI,3.3LPA
1888,21BAI1339,VIT - Chennai,Ninja,TCS,BAI,3.3LPA
1889,21BAI1342,VIT - Chennai,,Infosys,BAI,3.6LPA
1890,21BAI1347,VIT - Chennai,Ninja,TCS,BAI,3.3LPA
1891,21BAI1353,VIT - Chennai,Ninja,TCS,BAI,3.3LPA
1892,21BAI1360,VIT - Chennai,Ninja,TCS,BAI,3.3LPA
1893,21BAI1361,VIT - Chennai,Ninja,TCS,BAI,3.3LPA
1894,21BAI1368,VIT - Chennai,GenC Select,Cognizant,BAI,4LPA
1895,21BAI1368,VIT - Chennai,,Infosys,BAI,3.6LPA
1896,21BAI1368,VIT - Chennai,Ninja,TCS,BAI,3.3LPA
1897,21BAI1374,VIT - Chennai,,Infosys,BAI,3.6LPA
1898,21BAI1376,VIT - Chennai,,Infosys,BAI,3.6LPA
1899,21BAI1379,VIT - Chennai,,Infosys,BAI,3.6LPA
1900,21BAI1379,VIT - Chennai,Ninja,TCS,BAI,3.3LPA
1901,21BAI1380,VIT - Chennai,Ninja,TCS,BAI,3.3LPA
1902,21BAI1381,VIT - Chennai,Ninja,TCS,BAI,3.3LPA
1903,21BAI1392,VIT - Chennai,Ninja,TCS,BAI,3.3LPA
1904,21BAI1398,VIT - Chennai,GenC Select,Cognizant,BAI,4LPA
1905,21BAI1408,VIT - Chennai,Ninja,TCS,BAI,3.3LPA
1906,21BAI1414,VIT - Chennai,Ninja,TCS,BAI,3.3LPA
1907,21BAI1420,VIT - Chennai,Ninja,TCS,BAI,3.3LPA
1908,21BAI1421,VIT - Chennai,Ninja,TCS,BAI,3.3LPA
1909,21BAI1433,VIT - Chennai,Ninja,TCS,BAI,3.3LPA
1910,21BAI1437,VIT - Chennai,Ninja,TCS,BAI,3.3LPA
1911,21BAI1439,VIT - Chennai,Ninja,TCS,BAI,3.3LPA
1912,21BAI1448,VIT - Chennai,,LTIMindtree,BAI,4LPA
1913,21BAI1448,VIT - Chennai,Ninja,TCS,BAI,3.3LPA
1914,21BAI1450,VIT - Chennai,Ninja,TCS,BAI,3.3LPA
1915,21BAI1456,VIT - Chennai,Ninja,TCS,BAI,3.3LPA
1916,21BAI1460,VIT - Chennai,,Infosys,BAI,3.6LPA
1917,21BAI1461,VIT - Chennai,,LTIMindtree,BAI,4LPA
1918,21BAI1461,VIT - Chennai,Ninja,TCS,BAI,3.3LPA
1919,21BAI1462,VIT - Chennai,,Infosys,BAI,3.6LPA
1920,21BAI1462,VIT - Chennai,Ninja,TCS,BAI,3.3LPA
1921,21BAI1466,VIT - Chennai,,Infosys,BAI,3.6LPA
1922,21BAI1469,VIT - Chennai,GenC Select,Cognizant,BAI,4LPA
1923,21BAI1477,VIT - Chennai,Ninja,TCS,BAI,3.3LPA
1924,21BAI1480,VIT - Chennai,GenC Select,Cognizant,BAI,4LPA
1925,21BAI1480,VIT - Chennai,,Infosys,BAI,3.6LPA
1926,21BAI1481,VIT - Chennai,,LTIMindtree,BAI,4LPA
1927,21BAI1481,VIT - Chennai,Ninja,TCS,BAI,3.3LPA
1928,21BAI1483,VIT - Chennai,Ninja,TCS,BAI,3.3LPA
1929,21BAI1484,VIT - Chennai,,Infosys,BAI,3.6LPA
1930,21BAI1484,VIT - Chennai,Ninja,TCS,BAI,3.3LPA
1931,21BAI1513,VIT - Chennai,Ninja,TCS,BAI,3.3LPA
1932,21BAI1514,VIT - Chennai,,Infosys,BAI,3.6LPA
1933,21BAI1515,VIT - Chennai,GenC Select,Cognizant,BAI,4LPA
1934,21BAI1516,VIT - Chennai,GenC Select,Cognizant,BAI,4LPA
1935,21BAI1516,VIT - Chennai,Ninja,TCS,BAI,3.3LPA
1936,21BAI1519,VIT - Chennai,,Infosys,BAI,3.6LPA
1937,21BAI1519,VIT - Chennai,Ninja,TCS,BAI,3.3LPA
1938,21BAI1532,VIT - Chennai,Ninja,TCS,BAI,3.3LPA
1939,21BAI1536,VIT - Chennai,Ninja,TCS,BAI,3.3LPA
1940,21BAI1552,VIT - Chennai,,Infosys,BAI,3.6LPA
1941,21BAI1552,VIT - Chennai,Ninja,TCS,BAI,3.3LPA
1942,21BAI1553,VIT - Chennai,GenC Select,Cognizant,BAI,4LPA
1943,21BAI1559,VIT - Chennai,Ninja,TCS,BAI,3.3LPA
1944,21BAI1560,VIT - Chennai,GenC Select,Cognizant,BAI,4LPA
1945,21BAI1560,VIT - Chennai,,Infosys,BAI,3.6LPA
1946,21BAI1568,VIT - Chennai,Ninja,TCS,BAI,3.3LPA
1947,21BAI1579,VIT - Chennai,Ninja,TCS,BAI,3.3LPA
1948,21BAI1581,VIT - Chennai,,Infosys,BAI,3.6LPA
1949,21BAI1584,VIT - Chennai,Ninja,TCS,BAI,3.3LPA
1950,21BAI1586,VIT - Chennai,Ninja,TCS,BAI,3.3LPA
1951,21BAI1589,VIT - Chennai,,Infosys,BAI,3.6LPA
1952,21BAI1589,VIT - Chennai,Ninja,TCS,BAI,3.3LPA
1953,21BAI1592,VIT - Chennai,,LTIMindtree,BAI,4LPA
1954,21BAI1592,VIT - Chennai,Ninja,TCS,BAI,3.3LPA
1955,21BAI1594,VIT - Chennai,Ninja,TCS,BAI,3.3LPA
1956,21BAI1600,VIT - Chennai,GenC Select,Cognizant,BAI,4LPA
1957,21BAI1600,VIT - Chennai,,Infosys,BAI,3.6LPA
1958,21BAI1604,VIT - Chennai,Ninja,TCS,BAI,3.3LPA
1959,21BAI1605,VIT - Chennai,Ninja,TCS,BAI,3.3LPA
1960,21BAI1608,VIT - Chennai,Ninja,TCS,BAI,3.3LPA
1961,21BAI1609,VIT - Chennai,Ninja,TCS,BAI,3.3LPA
1962,21BAI1615,VIT - Chennai,Ninja,TCS,BAI,3.3LPA
1963,21BAI1615,VIT - Chennai,,LTIMindtree,BAI,4LPA
1964,21BAI1621,VIT - Chennai,,LTIMindtree,BAI,4LPA
1965,21BAI1621,VIT - Chennai,,Infosys,BAI,3.6LPA
1966,21BAI1621,VIT - Chennai,Ninja,TCS,BAI,3.3LPA
1967,21BAI1639,VIT - Chennai,,LTIMindtree,BAI,4LPA
1968,21BAI1645,VIT - Chennai,Ninja,TCS,BAI,3.3LPA
1969,21BAI1646,VIT - Chennai,Ninja,TCS,BAI,3.3LPA
1970,21BAI1647,VIT - Chennai,GenC Select,Cognizant,BAI,4LPA
1971,21BAI1647,VIT - Chennai,Ninja,TCS,BAI,3.3LPA
1972,21BAI1650,VIT - Chennai,Ninja,TCS,BAI,3.3LPA
1973,21BAI1658,VIT - Chennai,Ninja,TCS,BAI,3.3LPA
1974,21BAI1662,VIT - Chennai,Ninja,TCS,BAI,3.3LPA
1975,21BAI1668,VIT - Chennai,GenC Select,Cognizant,BAI,4LPA
1976,21BAI1668,VIT - Chennai,Ninja,TCS,BAI,3.3LPA
1977,21BAI1676,VIT - Chennai,Ninja,TCS,BAI,3.3LPA
1978,21BAI1682,VIT - Chennai,,Infosys,BAI,3.6LPA
1979,21BAI1686,VIT - Chennai,Ninja,TCS,BAI,3.3LPA
1980,21BAI1698,VIT - Chennai,Ninja,TCS,BAI,3.3LPA
1981,21BAI1699,VIT - Chennai,Ninja,TCS,BAI,3.3LPA
1982,21BAI1709,VIT - Chennai,,Infosys,BAI,3.6LPA
1983,21BAI1709,VIT - Chennai,Ninja,TCS,BAI,3.3LPA
1984,21BAI1712,VIT - Chennai,Ninja,TCS,BAI,3.3LPA
1985,21BAI1717,VIT - Chennai,,Infosys,BAI,3.6LPA
1986,21BAI1720,VIT - Chennai,Ninja,TCS,BAI,3.3LPA
1987,21BAI1721,VIT - Chennai,,Infosys,BAI,3.6LPA
1988,21BAI1724,VIT - Chennai,Ninja,TCS,BAI,3.3LPA
1989,21BAI1729,VIT - Chennai,Ninja,TCS,BAI,3.3LPA
1990,21BAI1730,VIT - Chennai,Ninja,TCS,BAI,3.3LPA
1991,21BAI1734,VIT - Chennai,Ninja,TCS,BAI,3.3LPA
1992,21BAI1738,VIT - Chennai,Ninja,TCS,BAI,3.3LPA
1993,21BAI1754,VIT - Chennai,,Infosys,BAI,3.6LPA
1994,21BAI1762,VIT - Chennai,GenC Select,Cognizant,BAI,4LPA
1995,21BAI1780,VIT - Chennai,GenC Select,Cognizant,BAI,4LPA
1996,21BAI1782,VIT - Chennai,Ninja,TCS,BAI,3.3LPA
1997,21BAI1783,VIT - Chennai,Ninja,TCS,BAI,3.3LPA
1998,21BAI1792,VIT - Chennai,Ninja,TCS,BAI,3.3LPA
1999,21BAI1810,VIT - Chennai,Ninja,TCS,BAI,3.3LPA
2000,21BAI1810,VIT - Chennai,GenC Select,Cognizant,BAI,4LPA
2001,21BAI1815,VIT - Chennai,,Infosys,BAI,3.6LPA
2002,21BAI1815,VIT - Chennai,Ninja,TCS,BAI,3.3LPA
2003,21BAI1817,VIT - Chennai,,Infosys,BAI,3.6LPA
2004,21BAI1826,VIT - Chennai,GenC Select,Cognizant,BAI,4LPA
2005,21BAI1826,VIT - Chennai,Ninja,TCS,BAI,3.3LPA
2006,21BAI1829,VIT - Chennai,,Infosys,BAI,3.6LPA
2007,21BAI1833,VIT - Chennai,GenC Select,Cognizant,BAI,4LPA
2008,21BAI1833,VIT - Chennai,Ninja,TCS,BAI,3.3LPA
2009,21BAI1839,VIT - Chennai,,Infosys,BAI,3.6LPA
2010,21BAI1839,VIT - Chennai,Ninja,TCS,BAI,3.3LPA
2011,21BAI1840,VIT - Chennai,GenC Select,Cognizant,BAI,4LPA
2012,21BAI1840,VIT - Chennai,,Infosys,BAI,3.6LPA
2013,21BAI1840,VIT - Chennai,Ninja,TCS,BAI,3.3LPA
2014,21BAI1854,VIT - Chennai,Ninja,TCS,BAI,3.3LPA
2015,21BAI1865,VIT - Chennai,,Infosys,BAI,3.6LPA
2016,21BAI1868,VIT - Chennai,Ninja,TCS,BAI,3.3LPA
2017,21BAI1871,VIT - Chennai,Ninja,TCS,BAI,3.3LPA
2018,21BAI1872,VIT - Chennai,Ninja,TCS,BAI,3.3LPA
2019,21BAI1887,VIT - Chennai,,Infosys,BAI,3.6LPA
2020,21BAI1892,VIT - Chennai,Ninja,TCS,BAI,3.3LPA
2021,21BAI1893,VIT - Chennai,Ninja,TCS,BAI,3.3LPA
2022,21BAI1900,VIT - Chennai,,Infosys,BAI,3.6LPA
2023,21BAI1901,VIT - Chennai,Ninja,TCS,BAI,3.3LPA
2024,21BAI1907,VIT - Chennai,Ninja,TCS,BAI,3.3LPA
2025,21BCE1004,VIT - Chennai,Ninja,TCS,BCE,3.3LPA
2026,21BCE1016,VIT - Chennai,Ninja,TCS,BCE,3.3LPA
2027,21BCE1022,VIT - Chennai,GenC Select,Cognizant,BCE,4LPA
2028,21BCE1022,VIT - Chennai,Ninja,TCS,BCE,3.3LPA
2029,21BCE1025,VIT - Chennai,GenC Select,Cognizant,BCE,4LPA
2030,21BCE1025,VIT - Chennai,Ninja,TCS,BCE,3.3LPA
2031,21BCE1028,VIT - Chennai,,Infosys,BCE,3.6LPA
2032,21BCE1028,VIT - Chennai,Ninja,TCS,BCE,3.3LPA
2033,21BCE1033,VIT - Chennai,GenC Select,Cognizant,BCE,4LPA
2034,21BCE1034,VIT - Chennai,,LTIMindtree,BCE,4LPA
2035,21BCE1034,VIT - Chennai,,Infosys,BCE,3.6LPA
2036,21BCE1034,VIT - Chennai,Ninja,TCS,BCE,3.3LPA
2037,21BCE1037,VIT - Chennai,,Infosys,BCE,3.6LPA
2038,21BCE1037,VIT - Chennai,Ninja,TCS,BCE,3.3LPA
2039,21BCE1039,VIT - Chennai,Ninja,TCS,BCE,3.3LPA
2040,21BCE1043,VIT - Chennai,GenC Select,Cognizant,BCE,4LPA
2041,21BCE1043,VIT - Chennai,,Infosys,BCE,3.6LPA
2042,21BCE1043,VIT - Chennai,Ninja,TCS,BCE,3.3LPA
2043,21BCE1043,VIT - Chennai,,LTIMindtree,BCE,4LPA
2044,21BCE1048,VIT - Chennai,Ninja,TCS,BCE,3.3LPA
2045,21BCE1056,VIT - Chennai,GenC Select,Cognizant,BCE,4LPA
2046,21BCE1056,VIT - Chennai,,Infosys,BCE,3.6LPA
2047,21BCE1056,VIT - Chennai,Ninja,TCS,BCE,3.3LPA
2048,21BCE1057,VIT - Chennai,,LTIMindtree,BCE,4LPA
2049,21BCE1057,VIT - Chennai,,Infosys,BCE,3.6LPA
2050,21BCE1057,VIT - Chennai,Ninja,TCS,BCE,3.3LPA
2051,21BCE1059,VIT - Chennai,GenC Select,Cognizant,BCE,4LPA
2052,21BCE1059,VIT - Chennai,,Infosys,BCE,3.6LPA
2053,21BCE1059,VIT - Chennai,Ninja,TCS,BCE,3.3LPA
2054,21BCE1060,VIT - Chennai,Ninja,TCS,BCE,3.3LPA
2055,21BCE1064,VIT - Chennai,,LTIMindtree,BCE,4LPA
2056,21BCE1064,VIT - Chennai,,Infosys,BCE,3.6LPA
2057,21BCE1071,VIT - Chennai,GenC Select,Cognizant,BCE,4LPA
2058,21BCE1071,VIT - Chennai,,Infosys,BCE,3.6LPA
2059,21BCE1077,VIT - Chennai,,Infosys,BCE,3.6LPA
2060,21BCE1077,VIT - Chennai,Ninja,TCS,BCE,3.3LPA
2061,21BCE1085,VIT - Chennai,GenC Select,Cognizant,BCE,4LPA
2062,21BCE1085,VIT - Chennai,Ninja,TCS,BCE,3.3LPA
2063,21BCE1099,VIT - Chennai,GenC Select,Cognizant,BCE,4LPA
2064,21BCE1099,VIT - Chennai,Ninja,TCS,BCE,3.3LPA
2065,21BCE1100,VIT - Chennai,Ninja,TCS,BCE,3.3LPA
2066,21BCE1101,VIT - Chennai,Ninja,TCS,BCE,3.3LPA
2067,21BCE1103,VIT - Chennai,Ninja,TCS,BCE,3.3LPA
2068,21BCE1106,VIT - Chennai,Ninja,TCS,BCE,3.3LPA
2069,21BCE1107,VIT - Chennai,Ninja,TCS,BCE,3.3LPA
2070,21BCE1109,VIT - Chennai,,Infosys,BCE,3.6LPA
2071,21BCE1109,VIT - Chennai,Ninja,TCS,BCE,3.3LPA
2072,21BCE1114,VIT - Chennai,GenC Select,Cognizant,BCE,4LPA
2073,21BCE1121,VIT - Chennai,Ninja,TCS,BCE,3.3LPA
2074,21BCE1123,VIT - Chennai,GenC Select,Cognizant,BCE,4LPA
2075,21BCE1123,VIT - Chennai,,LTIMindtree,BCE,4LPA
2076,21BCE1123,VIT - Chennai,,Infosys,BCE,3.6LPA
2077,21BCE1123,VIT - Chennai,Ninja,TCS,BCE,3.3LPA
2078,21BCE1126,VIT - Chennai,GenC Select,Cognizant,BCE,4LPA
2079,21BCE1126,VIT - Chennai,,Infosys,BCE,3.6LPA
2080,21BCE1145,VIT - Chennai,Ninja,TCS,BCE,3.3LPA
2081,21BCE1160,VIT - Chennai,Ninja,TCS,BCE,3.3LPA
2082,21BCE1163,VIT - Chennai,GenC Select,Cognizant,BCE,4LPA
2083,21BCE1163,VIT - Chennai,Ninja,TCS,BCE,3.3LPA
2084,21BCE1165,VIT - Chennai,,Infosys,BCE,3.6LPA
2085,21BCE1165,VIT - Chennai,Ninja,TCS,BCE,3.3LPA
2086,21BCE1172,VIT - Chennai,,Infosys,BCE,3.6LPA
2087,21BCE1172,VIT - Chennai,Ninja,TCS,BCE,3.3LPA
2088,21BCE1178,VIT - Chennai,Ninja,TCS,BCE,3.3LPA
2089,21BCE1189,VIT - Chennai,,Infosys,BCE,3.6LPA
2090,21BCE1194,VIT - Chennai,GenC Select,Cognizant,BCE,4LPA
2091,21BCE1194,VIT - Chennai,Ninja,TCS,BCE,3.3LPA
2092,21BCE1195,VIT - Chennai,Ninja,TCS,BCE,3.3LPA
2093,21BCE1204,VIT - Chennai,GenC Select,Cognizant,BCE,4LPA
2094,21BCE1204,VIT - Chennai,,Infosys,BCE,3.6LPA
2095,21BCE1204,VIT - Chennai,Ninja,TCS,BCE,3.3LPA
2096,21BCE1206,VIT - Chennai,,Infosys,BCE,3.6LPA
2097,21BCE1206,VIT - Chennai,Ninja,TCS,BCE,3.3LPA
2098,21BCE1209,VIT - Chennai,Ninja,TCS,BCE,3.3LPA
2099,21BCE1211,VIT - Chennai,Ninja,TCS,BCE,3.3LPA
2100,21BCE1212,VIT - Chennai,GenC Select,Cognizant,BCE,4LPA
2101,21BCE1216,VIT - Chennai,Ninja,TCS,BCE,3.3LPA
2102,21BCE1218,VIT - Chennai,Ninja,TCS,BCE,3.3LPA
2103,21BCE1224,VIT - Chennai,Ninja,TCS,BCE,3.3LPA
2104,21BCE1227,VIT - Chennai,,LTIMindtree,BCE,4LPA
2105,21BCE1227,VIT - Chennai,,Infosys,BCE,3.6LPA
2106,21BCE1227,VIT - Chennai,Ninja,TCS,BCE,3.3LPA
2107,21BCE1230,VIT - Chennai,Ninja,TCS,BCE,3.3LPA
2108,21BCE1233,VIT - Chennai,,Infosys,BCE,3.6LPA
2109,21BCE1233,VIT - Chennai,Ninja,TCS,BCE,3.3LPA
2110,21BCE1238,VIT - Chennai,,LTIMindtree,BCE,4LPA
2111,21BCE1238,VIT - Chennai,Ninja,TCS,BCE,3.3LPA
2112,21BCE1242,VIT - Chennai,Ninja,TCS,BCE,3.3LPA
2113,21BCE1244,VIT - Chennai,,Infosys,BCE,3.6LPA
2114,21BCE1244,VIT - Chennai,Ninja,TCS,BCE,3.3LPA
2115,21BCE1247,VIT - Chennai,Ninja,TCS,BCE,3.3LPA
2116,21BCE1248,VIT - Chennai,Ninja,TCS,BCE,3.3LPA
2117,21BCE1249,VIT - Chennai,Ninja,TCS,BCE,3.3LPA
2118,21BCE1255,VIT - Chennai,,Infosys,BCE,3.6LPA
2119,21BCE1262,VIT - Chennai,Ninja,TCS,BCE,3.3LPA
2120,21BCE1264,VIT - Chennai,Ninja,TCS,BCE,3.3LPA
2121,21BCE1265,VIT - Chennai,Ninja,TCS,BCE,3.3LPA
2122,21BCE1270,VIT - Chennai,Ninja,TCS,BCE,3.3LPA
2123,21BCE1271,VIT - Chennai,Ninja,TCS,BCE,3.3LPA
2124,21BCE1285,VIT - Chennai,Ninja,TCS,BCE,3.3LPA
2125,21BCE1288,VIT - Chennai,GenC Select,Cognizant,BCE,4LPA
2126,21BCE1288,VIT - Chennai,,LTIMindtree,BCE,4LPA
2127,21BCE1288,VIT - Chennai,,Infosys,BCE,3.6LPA
2128,21BCE1288,VIT - Chennai,Ninja,TCS,BCE,3.3LPA
2129,21BCE1291,VIT - Chennai,Ninja,TCS,BCE,3.3LPA
2130,21BCE1293,VIT - Chennai,GenC Select,Cognizant,BCE,4LPA
2131,21BCE1293,VIT - Chennai,Ninja,TCS,BCE,3.3LPA
2132,21BCE1303,VIT - Chennai,GenC Select,Cognizant,BCE,4LPA
2133,21BCE1303,VIT - Chennai,,Infosys,BCE,3.6LPA
2134,21BCE1303,VIT - Chennai,Ninja,TCS,BCE,3.3LPA
2135,21BCE1305,VIT - Chennai,Ninja,TCS,BCE,3.3LPA
2136,21BCE1309,VIT - Chennai,Ninja,TCS,BCE,3.3LPA
2137,21BCE1314,VIT - Chennai,Ninja,TCS,BCE,3.3LPA
2138,21BCE1323,VIT - Chennai,,Infosys,BCE,3.6LPA
2139,21BCE1325,VIT - Chennai,,Infosys,BCE,3.6LPA
2140,21BCE1325,VIT - Chennai,Ninja,TCS,BCE,3.3LPA
2141,21BCE1344,VIT - Chennai,GenC Select,Cognizant,BCE,4LPA
2142,21BCE1344,VIT - Chennai,,LTIMindtree,BCE,4LPA
2143,21BCE1344,VIT - Chennai,,Infosys,BCE,3.6LPA
2144,21BCE1344,VIT - Chennai,Ninja,TCS,BCE,3.3LPA
2145,21BCE1366,VIT - Chennai,,Infosys,BCE,3.6LPA
2146,21BCE1366,VIT - Chennai,Ninja,TCS,BCE,3.3LPA
2147,21BCE1367,VIT - Chennai,Ninja,TCS,BCE,3.3LPA
2148,21BCE1377,VIT - Chennai,GenC Next Select,Cognizant,BCE,5.4LPA
2149,21BCE1381,VIT - Chennai,GenC Select,Cognizant,BCE,4LPA
2150,21BCE1381,VIT - Chennai,Ninja,TCS,BCE,3.3LPA
2151,21BCE1382,VIT - Chennai,,LTIMindtree,BCE,4LPA
2152,21BCE1385,VIT - Chennai,GenC Select,Cognizant,BCE,4LPA
2153,21BCE1386,VIT - Chennai,Ninja,TCS,BCE,3.3LPA
2154,21BCE1387,VIT - Chennai,Ninja,TCS,BCE,3.3LPA
2155,21BCE1390,VIT - Chennai,GenC Select,Cognizant,BCE,4LPA
2156,21BCE1391,VIT - Chennai,GenC Select,Cognizant,BCE,4LPA
2157,21BCE1391,VIT - Chennai,,Infosys,BCE,3.6LPA
2158,21BCE1391,VIT - Chennai,Ninja,TCS,BCE,3.3LPA
2159,21BCE1392,VIT - Chennai,,Infosys,BCE,3.6LPA
2160,21BCE1392,VIT - Chennai,Ninja,TCS,BCE,3.3LPA
2161,21BCE1393,VIT - Chennai,GenC Select,Cognizant,BCE,4LPA
2162,21BCE1394,VIT - Chennai,,Infosys,BCE,3.6LPA
2163,21BCE1397,VIT - Chennai,,Infosys,BCE,3.6LPA
2164,21BCE1415,VIT - Chennai,GenC Select,Cognizant,BCE,4LPA
2165,21BCE1415,VIT - Chennai,,Infosys,BCE,3.6LPA
2166,21BCE1415,VIT - Chennai,Ninja,TCS,BCE,3.3LPA
2167,21BCE1418,VIT - Chennai,Ninja,TCS,BCE,3.3LPA
2168,21BCE1420,VIT - Chennai,,Infosys,BCE,3.6LPA
2169,21BCE1422,VIT - Chennai,Ninja,TCS,BCE,3.3LPA
2170,21BCE1437,VIT - Chennai,Ninja,TCS,BCE,3.3LPA
2171,21BCE1443,VIT - Chennai,,Infosys,BCE,3.6LPA
2172,21BCE1443,VIT - Chennai,Ninja,TCS,BCE,3.3LPA
2173,21BCE1453,VIT - Chennai,Ninja,TCS,BCE,3.3LPA
2174,21BCE1455,VIT - Chennai,GenC Select,Cognizant,BCE,4LPA
2175,21BCE1455,VIT - Chennai,,Infosys,BCE,3.6LPA
2176,21BCE1464,VIT - Chennai,,Infosys,BCE,3.6LPA
2177,21BCE1464,VIT - Chennai,Ninja,TCS,BCE,3.3LPA
2178,21BCE1470,VIT - Chennai,Ninja,TCS,BCE,3.3LPA
2179,21BCE1471,VIT - Chennai,Ninja,TCS,BCE,3.3LPA
2180,21BCE1483,VIT - Chennai,GenC Select,Cognizant,BCE,4LPA
2181,21BCE1483,VIT - Chennai,,LTIMindtree,BCE,4LPA
2182,21BCE1483,VIT - Chennai,Ninja,TCS,BCE,3.3LPA
2183,21BCE1487,VIT - Chennai,Ninja,TCS,BCE,3.3LPA
2184,21BCE1492,VIT - Chennai,,Infosys,BCE,3.6LPA
2185,21BCE1492,VIT - Chennai,Ninja,TCS,BCE,3.3LPA
2186,21BCE1495,VIT - Chennai,Ninja,TCS,BCE,3.3LPA
2187,21BCE1503,VIT - Chennai,Ninja,TCS,BCE,3.3LPA
2188,21BCE1504,VIT - Chennai,Ninja,TCS,BCE,3.3LPA
2189,21BCE1505,VIT - Chennai,,Infosys,BCE,3.6LPA
2190,21BCE1505,VIT - Chennai,Ninja,TCS,BCE,3.3LPA
2191,21BCE1510,VIT - Chennai,Ninja,TCS,BCE,3.3LPA
2192,21BCE1518,VIT - Chennai,GenC Select,Cognizant,BCE,4LPA
2193,21BCE1518,VIT - Chennai,Ninja,TCS,BCE,3.3LPA
2194,21BCE1521,VIT - Chennai,Ninja,TCS,BCE,3.3LPA
2195,21BCE1531,VIT - Chennai,GenC Select,Cognizant,BCE,4LPA
2196,21BCE1539,VIT - Chennai,Ninja,TCS,BCE,3.3LPA
2197,21BCE1542,VIT - Chennai,GenC Select,Cognizant,BCE,4LPA
2198,21BCE1542,VIT - Chennai,,Infosys,BCE,3.6LPA
2199,21BCE1542,VIT - Chennai,Ninja,TCS,BCE,3.3LPA
2200,21BCE1544,VIT - Chennai,Ninja,TCS,BCE,3.3LPA
2201,21BCE1548,VIT - Chennai,GenC Next Select,Cognizant,BCE,5.4LPA
2202,21BCE1553,VIT - Chennai,Ninja,TCS,BCE,3.3LPA
2203,21BCE1557,VIT - Chennai,GenC Select,Cognizant,BCE,4LPA
2204,21BCE1557,VIT - Chennai,Ninja,TCS,BCE,3.3LPA
2205,21BCE1558,VIT - Chennai,Ninja,TCS,BCE,3.3LPA
2206,21BCE1559,VIT - Chennai,Ninja,TCS,BCE,3.3LPA
2207,21BCE1564,VIT - Chennai,Ninja,TCS,BCE,3.3LPA
2208,21BCE1565,VIT - Chennai,,Infosys,BCE,3.6LPA
2209,21BCE1569,VIT - Chennai,,LTIMindtree,BCE,4LPA
2210,21BCE1569,VIT - Chennai,Ninja,TCS,BCE,3.3LPA
2211,21BCE1578,VIT - Chennai,Ninja,TCS,BCE,3.3LPA
2212,21BCE1579,VIT - Chennai,GenC Select,Cognizant,BCE,4LPA
2213,21BCE1584,VIT - Chennai,Ninja,TCS,BCE,3.3LPA
2214,21BCE1586,VIT - Chennai,,Infosys,BCE,3.6LPA
2215,21BCE1588,VIT - Chennai,GenC Select,Cognizant,BCE,4LPA
2216,21BCE1588,VIT - Chennai,Ninja,TCS,BCE,3.3LPA
2217,21BCE1622,VIT - Chennai,Ninja,TCS,BCE,3.3LPA
2218,21BCE1626,VIT - Chennai,,LTIMindtree,BCE,4LPA
2219,21BCE1638,VIT - Chennai,Ninja,TCS,BCE,3.3LPA
2220,21BCE1642,VIT - Chennai,Ninja,TCS,BCE,3.3LPA
2221,21BCE1645,VIT - Chennai,,Infosys,BCE,3.6LPA
2222,21BCE1645,VIT - Chennai,Ninja,TCS,BCE,3.3LPA
2223,21BCE1645,VIT - Chennai,,LTIMindtree,BCE,4LPA
2224,21BCE1647,VIT - Chennai,,Infosys,BCE,3.6LPA
2225,21BCE1647,VIT - Chennai,Ninja,TCS,BCE,3.3LPA
2226,21BCE1652,VIT - Chennai,Ninja,TCS,BCE,3.3LPA
2227,21BCE1654,VIT - Chennai,GenC Select,Cognizant,BCE,4LPA
2228,21BCE1654,VIT - Chennai,,Infosys,BCE,3.6LPA
2229,21BCE1654,VIT - Chennai,Ninja,TCS,BCE,3.3LPA
2230,21BCE1666,VIT - Chennai,Ninja,TCS,BCE,3.3LPA
2231,21BCE1673,VIT - Chennai,,LTIMindtree,BCE,4LPA
2232,21BCE1673,VIT - Chennai,Ninja,TCS,BCE,3.3LPA
2233,21BCE1675,VIT - Chennai,,LTIMindtree,BCE,4LPA
2234,21BCE1675,VIT - Chennai,Ninja,TCS,BCE,3.3LPA
2235,21BCE1678,VIT - Chennai,GenC Select,Cognizant,BCE,4LPA
2236,21BCE1678,VIT - Chennai,Ninja,TCS,BCE,3.3LPA
2237,21BCE1681,VIT - Chennai,Ninja,TCS,BCE,3.3LPA
2238,21BCE1686,VIT - Chennai,GenC Select,Cognizant,BCE,4LPA
2239,21BCE1686,VIT - Chennai,,LTIMindtree,BCE,4LPA
2240,21BCE1686,VIT - Chennai,Ninja,TCS,BCE,3.3LPA
2241,21BCE1700,VIT - Chennai,Ninja,TCS,BCE,3.3LPA
2242,21BCE1705,VIT - Chennai,Ninja,TCS,BCE,3.3LPA
2243,21BCE1715,VIT - Chennai,GenC Select,Cognizant,BCE,4LPA
2244,21BCE1715,VIT - Chennai,,LTIMindtree,BCE,4LPA
2245,21BCE1716,VIT - Chennai,Ninja,TCS,BCE,3.3LPA
2246,21BCE1730,VIT - Chennai,Ninja,TCS,BCE,3.3LPA
2247,21BCE1731,VIT - Chennai,Ninja,TCS,BCE,3.3LPA
2248,21BCE1734,VIT - Chennai,GenC Select,Cognizant,BCE,4LPA
2249,21BCE1740,VIT - Chennai,,Infosys,BCE,3.6LPA
2250,21BCE1744,VIT - Chennai,GenC Select,Cognizant,BCE,4LPA
2251,21BCE1744,VIT - Chennai,Ninja,TCS,BCE,3.3LPA
2252,21bce1752,VIT - Chennai,GenC Select,Cognizant,BCE,4LPA
2253,21BCE1752,VIT - Chennai,Ninja,TCS,BCE,3.3LPA
2254,21BCE1762,VIT - Chennai,Ninja,TCS,BCE,3.3LPA
2255,21BCE1763,VIT - Chennai,Ninja,TCS,BCE,3.3LPA
2256,21BCE1781,VIT - Chennai,,LTIMindtree,BCE,4LPA
2257,21BCE1795,VIT - Chennai,,Infosys,BCE,3.6LPA
2258,21BCE1800,VIT - Chennai,Ninja,TCS,BCE,3.3LPA
2259,21BCE1803,VIT - Chennai,Ninja,TCS,BCE,3.3LPA
2260,21BCE1806,VIT - Chennai,Ninja,TCS,BCE,3.3LPA
2261,21BCE1807,VIT - Chennai,Ninja,TCS,BCE,3.3LPA
2262,21BCE1830,VIT - Chennai,GenC Select,Cognizant,BCE,4LPA
2263,21BCE1830,VIT - Chennai,,Infosys,BCE,3.6LPA
2264,21BCE1830,VIT - Chennai,Ninja,TCS,BCE,3.3LPA
2265,21BCE1834,VIT - Chennai,Ninja,TCS,BCE,3.3LPA
2266,21BCE1836,VIT - Chennai,GenC Select,Cognizant,BCE,4LPA
2267,21BCE1836,VIT - Chennai,Ninja,TCS,BCE,3.3LPA
2268,21BCE1844,VIT - Chennai,Ninja,TCS,BCE,3.3LPA
2269,21BCE1851,VIT - Chennai,Ninja,TCS,BCE,3.3LPA
2270,21BCE1853,VIT - Chennai,Ninja,TCS,BCE,3.3LPA
2271,21BCE1860,VIT - Chennai,Ninja,TCS,BCE,3.3LPA
2272,21BCE1868,VIT - Chennai,Ninja,TCS,BCE,3.3LPA
2273,21BCE1874,VIT - Chennai,GenC Select,Cognizant,BCE,4LPA
2274,21BCE1874,VIT - Chennai,Ninja,TCS,BCE,3.3LPA
2275,21BCE1893,VIT - Chennai,GenC Select,Cognizant,BCE,4LPA
2276,21BCE1893,VIT - Chennai,Ninja,TCS,BCE,3.3LPA
2277,21BCE1894,VIT - Chennai,Ninja,TCS,BCE,3.3LPA
2278,21BCE1902,VIT - Chennai,Ninja,TCS,BCE,3.3LPA
2279,21BCE1903,VIT - Chennai,GenC Select,Cognizant,BCE,4LPA
2280,21BCE1903,VIT - Chennai,Ninja,TCS,BCE,3.3LPA
2281,21BCE1913,VIT - Chennai,GenC Next Select,Cognizant,BCE,5.4LPA
2282,21BCE1916,VIT - Chennai,,Infosys,BCE,3.6LPA
2283,21BCE1916,VIT - Chennai,Ninja,TCS,BCE,3.3LPA
2284,21BCE1924,VIT - Chennai,Ninja,TCS,BCE,3.3LPA
2285,21BCE1926,VIT - Chennai,Ninja,TCS,BCE,3.3LPA
2286,21BCE1927,VIT - Chennai,Ninja,TCS,BCE,3.3LPA
2287,21BCE1928,VIT - Chennai,Ninja,TCS,BCE,3.3LPA
2288,21BCE1932,VIT - Chennai,,Infosys,BCE,3.6LPA
2289,21BCE1932,VIT - Chennai,Ninja,TCS,BCE,3.3LPA
2290,21BCE1958,VIT - Chennai,,LTIMindtree,BCE,4LPA
2291,21BCE1958,VIT - Chennai,,Infosys,BCE,3.6LPA
2292,21BCE1958,VIT - Chennai,Ninja,TCS,BCE,3.3LPA
2293,21BCE1964,VIT - Chennai,GenC Next Select,Cognizant,BCE,5.4LPA
2294,21BCE1967,VIT - Chennai,Ninja,TCS,BCE,3.3LPA
2295,21BCE1971,VIT - Chennai,,Infosys,BCE,3.6LPA
2296,21BCE1971,VIT - Chennai,Ninja,TCS,BCE,3.3LPA
2297,21bce1974,VIT - Chennai,Ninja,TCS,BCE,3.3LPA
2298,21BCE1978,VIT - Chennai,Ninja,TCS,BCE,3.3LPA
2299,21BCE1981,VIT - Chennai,Ninja,TCS,BCE,3.3LPA
2300,21BCE1981,VIT - Chennai,GenC Select,Cognizant,BCE,4LPA
2301,21BCE1982,VIT - Chennai,GenC Select,Cognizant,BCE,4LPA
2302,21BCE1986,VIT - Chennai,Ninja,TCS,BCE,3.3LPA
2303,21BCE1989,VIT - Chennai,Ninja,TCS,BCE,3.3LPA
2304,21BCE1990,VIT - Chennai,Ninja,TCS,BCE,3.3LPA
2305,21BCE1993,VIT - Chennai,GenC Select,Cognizant,BCE,4LPA
2306,21BCE5003,VIT - Chennai,Ninja,TCS,BCE,3.3LPA
2307,21BCE5004,VIT - Chennai,Ninja,TCS,BCE,3.3LPA
2308,21BCE5020,VIT - Chennai,Ninja,TCS,BCE,3.3LPA
2309,21BCE5032,VIT - Chennai,Ninja,TCS,BCE,3.3LPA
2310,21BCE5034,VIT - Chennai,GenC Select,Cognizant,BCE,4LPA
2311,21BCE5034,VIT - Chennai,Ninja,TCS,BCE,3.3LPA
2312,21BCE5040,VIT - Chennai,GenC Select,Cognizant,BCE,4LPA
2313,21BCE5040,VIT - Chennai,,Infosys,BCE,3.6LPA
2314,21BCE5040,VIT - Chennai,Ninja,TCS,BCE,3.3LPA
2315,21BCE5045,VIT - Chennai,Ninja,TCS,BCE,3.3LPA
2316,21BCE5058,VIT - Chennai,Ninja,TCS,BCE,3.3LPA
2317,21BCE5063,VIT - Chennai,GenC Select,Cognizant,BCE,4LPA
2318,21BCE5072,VIT - Chennai,GenC Select,Cognizant,BCE,4LPA
2319,21BCE5072,VIT - Chennai,,LTIMindtree,BCE,4LPA
2320,21BCE5072,VIT - Chennai,,Infosys,BCE,3.6LPA
2321,21BCE5072,VIT - Chennai,Ninja,TCS,BCE,3.3LPA
2322,21BCE5081,VIT - Chennai,,Infosys,BCE,3.6LPA
2323,21BCE5081,VIT - Chennai,Ninja,TCS,BCE,3.3LPA
2324,21BCE5085,VIT - Chennai,,Infosys,BCE,3.6LPA
2325,21BCE5085,VIT - Chennai,Ninja,TCS,BCE,3.3LPA
2326,21BCE5101,VIT - Chennai,GenC Select,Cognizant,BCE,4LPA
2327,21BCE5104,VIT - Chennai,,LTIMindtree,BCE,4LPA
2328,21BCE5104,VIT - Chennai,,Infosys,BCE,3.6LPA
2329,21BCE5104,VIT - Chennai,Ninja,TCS,BCE,3.3LPA
2330,21BCE5110,VIT - Chennai,GenC Select,Cognizant,BCE,4LPA
2331,21BCE5110,VIT - Chennai,Ninja,TCS,BCE,3.3LPA
2332,21BCE5113,VIT - Chennai,,Infosys,BCE,3.6LPA
2333,21BCE5113,VIT - Chennai,Ninja,TCS,BCE,3.3LPA
2334,21BCE5117,VIT - Chennai,Ninja,TCS,BCE,3.3LPA
2335,21BCE5125,VIT - Chennai,,Infosys,BCE,3.6LPA
2336,21BCE5125,VIT - Chennai,Ninja,TCS,BCE,3.3LPA
2337,21BCE5129,VIT - Chennai,Ninja,TCS,BCE,3.3LPA
2338,21BCE5129,VIT - Chennai,GenC Select,Cognizant,BCE,4LPA
2339,21BCE5133,VIT - Chennai,,LTIMindtree,BCE,4LPA
2340,21BCE5133,VIT - Chennai,,Infosys,BCE,3.6LPA
2341,21BCE5133,VIT - Chennai,Ninja,TCS,BCE,3.3LPA
2342,21BCE5146,VIT - Chennai,Ninja,TCS,BCE,3.3LPA
2343,21BCE5153,VIT - Chennai,GenC Select,Cognizant,BCE,4LPA
2344,21BCE5153,VIT - Chennai,,Infosys,BCE,3.6LPA
2345,21BCE5153,VIT - Chennai,Ninja,TCS,BCE,3.3LPA
2346,21BCE5154,VIT - Chennai,GenC Select,Cognizant,BCE,4LPA
2347,21BCE5158,VIT - Chennai,GenC Select,Cognizant,BCE,4LPA
2348,21BCE5158,VIT - Chennai,,LTIMindtree,BCE,4LPA
2349,21BCE5163,VIT - Chennai,GenC Select,Cognizant,BCE,4LPA
2350,21BCE5163,VIT - Chennai,,LTIMindtree,BCE,4LPA
2351,21BCE5163,VIT - Chennai,,Infosys,BCE,3.6LPA
2352,21BCE5163,VIT - Chennai,Ninja,TCS,BCE,3.3LPA
2353,21BCE5172,VIT - Chennai,GenC Select,Cognizant,BCE,4LPA
2354,21BCE5172,VIT - Chennai,,LTIMindtree,BCE,4LPA
2355,21BCE5174,VIT - Chennai,,Infosys,BCE,3.6LPA
2356,21BCE5179,VIT - Chennai,,Infosys,BCE,3.6LPA
2357,21BCE5179,VIT - Chennai,Ninja,TCS,BCE,3.3LPA
2358,21BCE5182,VIT - Chennai,Ninja,TCS,BCE,3.3LPA
2359,21BCE5184,VIT - Chennai,Ninja,TCS,BCE,3.3LPA
2360,21BCE5191,VIT - Chennai,Ninja,TCS,BCE,3.3LPA
2361,21BCE5195,VIT - Chennai,Ninja,TCS,BCE,3.3LPA
2362,21BCE5201,VIT - Chennai,,Infosys,BCE,3.6LPA
2363,21BCE5203,VIT - Chennai,GenC Select,Cognizant,BCE,4LPA
2364,21BCE5203,VIT - Chennai,,LTIMindtree,BCE,4LPA
2365,21BCE5203,VIT - Chennai,,Infosys,BCE,3.6LPA
2366,21BCE5204,VIT - Chennai,GenC Select,Cognizant,BCE,4LPA
2367,21BCE5204,VIT - Chennai,,LTIMindtree,BCE,4LPA
2368,21BCE5204,VIT - Chennai,,Infosys,BCE,3.6LPA
2369,21BCE5206,VIT - Chennai,GenC Select,Cognizant,BCE,4LPA
2370,21BCE5206,VIT - Chennai,Ninja,TCS,BCE,3.3LPA
2371,21BCE5212,VIT - Chennai,,Infosys,BCE,3.6LPA
2372,21BCE5212,VIT - Chennai,Ninja,TCS,BCE,3.3LPA
2373,21BCE5214,VIT - Chennai,,Infosys,BCE,3.6LPA
2374,21BCE5214,VIT - Chennai,Ninja,TCS,BCE,3.3LPA
2375,21BCE5219,VIT - Chennai,Ninja,TCS,BCE,3.3LPA
2376,21BCE5220,VIT - Chennai,,Infosys,BCE,3.6LPA
2377,21BCE5220,VIT - Chennai,Ninja,TCS,BCE,3.3LPA
2378,21BCE5229,VIT - Chennai,GenC Select,Cognizant,BCE,4LPA
2379,21BCE5235,VIT - Chennai,Ninja,TCS,BCE,3.3LPA
2380,21BCE5243,VIT - Chennai,Ninja,TCS,BCE,3.3LPA
2381,21BCE5245,VIT - Chennai,Ninja,TCS,BCE,3.3LPA
2382,21BCE5252,VIT - Chennai,GenC Next Select,Cognizant,BCE,5.4LPA
2383,21BCE5256,VIT - Chennai,Ninja,TCS,BCE,3.3LPA
2384,21BCE5262,VIT - Chennai,Ninja,TCS,BCE,3.3LPA
2385,21BCE5268,VIT - Chennai,Ninja,TCS,BCE,3.3LPA
2386,21BCE5269,VIT - Chennai,,Infosys,BCE,3.6LPA
2387,21BCE5275,VIT - Chennai,,Infosys,BCE,3.6LPA
2388,21BCE5275,VIT - Chennai,Ninja,TCS,BCE,3.3LPA
2389,21BCE5280,VIT - Chennai,GenC Select,Cognizant,BCE,4LPA
2390,21BCE5285,VIT - Chennai,Ninja,TCS,BCE,3.3LPA
2391,21BCE5288,VIT - Chennai,,Infosys,BCE,3.6LPA
2392,21BCE5289,VIT - Chennai,,Infosys,BCE,3.6LPA
2393,21BCE5296,VIT - Chennai,Ninja,TCS,BCE,3.3LPA
2394,21BCE5298,VIT - Chennai,GenC Select,Cognizant,BCE,4LPA
2395,21BCE5300,VIT - Chennai,,Infosys,BCE,3.6LPA
2396,21BCE5300,VIT - Chennai,Ninja,TCS,BCE,3.3LPA
2397,21BCE5303,VIT - Chennai,Ninja,TCS,BCE,3.3LPA
2398,21BCE5316,VIT - Chennai,Ninja,TCS,BCE,3.3LPA
2399,21BCE5334,VIT - Chennai,Ninja,TCS,BCE,3.3LPA
2400,21BCE5337,VIT - Chennai,Ninja,TCS,BCE,3.3LPA
2401,21BCE5339,VIT - Chennai,GenC Select,Cognizant,BCE,4LPA
2402,21BCE5340,VIT - Chennai,GenC Select,Cognizant,BCE,4LPA
2403,21BCE5340,VIT - Chennai,Ninja,TCS,BCE,3.3LPA
2404,21BCE5346,VIT - Chennai,GenC Select,Cognizant,BCE,4LPA
2405,21BCE5346,VIT - Chennai,Ninja,TCS,BCE,3.3LPA
2406,21BCE5353,VIT - Chennai,Ninja,TCS,BCE,3.3LPA
2407,21BCE5355,VIT - Chennai,GenC Select,Cognizant,BCE,4LPA
2408,21BCE5355,VIT - Chennai,,Infosys,BCE,3.6LPA
2409,21BCE5355,VIT - Chennai,Ninja,TCS,BCE,3.3LPA
2410,21BCE5356,VIT - Chennai,GenC Select,Cognizant,BCE,4LPA
2411,21BCE5356,VIT - Chennai,,Infosys,BCE,3.6LPA
2412,21BCE5359,VIT - Chennai,,LTIMindtree,BCE,4LPA
2413,21BCE5359,VIT - Chennai,Ninja,TCS,BCE,3.3LPA
2414,21BCE5361,VIT - Chennai,Ninja,TCS,BCE,3.3LPA
2415,21BCE5368,VIT - Chennai,,Infosys,BCE,3.6LPA
2416,21BCE5368,VIT - Chennai,Ninja,TCS,BCE,3.3LPA
2417,21BCE5369,VIT - Chennai,Ninja,TCS,BCE,3.3LPA
2418,21BCE5370,VIT - Chennai,Ninja,TCS,BCE,3.3LPA
2419,21BCE5380,VIT - Chennai,Ninja,TCS,BCE,3.3LPA
2420,21BCE5390,VIT - Chennai,,Infosys,BCE,3.6LPA
2421,21BCE5390,VIT - Chennai,Ninja,TCS,BCE,3.3LPA
2422,21BCE5393,VIT - Chennai,,Infosys,BCE,3.6LPA
2423,21BCE5400,VIT - Chennai,,Infosys,BCE,3.6LPA
2424,21BCE5400,VIT - Chennai,Ninja,TCS,BCE,3.3LPA
2425,21BCE5411,VIT - Chennai,,Infosys,BCE,3.6LPA
2426,21BCE5423,VIT - Chennai,Ninja,TCS,BCE,3.3LPA
2427,21BCE5424,VIT - Chennai,Ninja,TCS,BCE,3.3LPA
2428,21BCE5430,VIT - Chennai,Ninja,TCS,BCE,3.3LPA
2429,21BCE5431,VIT - Chennai,Ninja,TCS,BCE,3.3LPA
2430,21BCE5435,VIT - Chennai,Ninja,TCS,BCE,3.3LPA
2431,21BCE5440,VIT - Chennai,GenC Select,Cognizant,BCE,4LPA
2432,21BCE5442,VIT - Chennai,,Infosys,BCE,3.6LPA
2433,21BCE5442,VIT - Chennai,Ninja,TCS,BCE,3.3LPA
2434,21BCE5453,VIT - Chennai,,LTIMindtree,BCE,4LPA
2435,21BCE5453,VIT - Chennai,,Infosys,BCE,3.6LPA
2436,21BCE5453,VIT - Chennai,Ninja,TCS,BCE,3.3LPA
2437,21BCE5454,VIT - Chennai,GenC Select,Cognizant,BCE,4LPA
2438,21BCE5454,VIT - Chennai,,Infosys,BCE,3.6LPA
2439,21BCE5454,VIT - Chennai,Ninja,TCS,BCE,3.3LPA
2440,21BCE5458,VIT - Chennai,,Infosys,BCE,3.6LPA
2441,21BCE5463,VIT - Chennai,GenC Select,Cognizant,BCE,4LPA
2442,21BCE5468,VIT - Chennai,Ninja,TCS,BCE,3.3LPA
2443,21BCE5478,VIT - Chennai,GenC Select,Cognizant,BCE,4LPA
2444,21BCE5481,VIT - Chennai,,Infosys,BCE,3.6LPA
2445,21BCE5481,VIT - Chennai,Ninja,TCS,BCE,3.3LPA
2446,21BCE5481,VIT - Chennai,,LTIMindtree,BCE,4LPA
2447,21BCE5482,VIT - Chennai,,Infosys,BCE,3.6LPA
2448,21BCE5485,VIT - Chennai,Ninja,TCS,BCE,3.3LPA
2449,21BCE5494,VIT - Chennai,Ninja,TCS,BCE,3.3LPA
2450,21BCE5496,VIT - Chennai,,Infosys,BCE,3.6LPA
2451,21BCE5496,VIT - Chennai,Ninja,TCS,BCE,3.3LPA
2452,21BCE5498,VIT - Chennai,Ninja,TCS,BCE,3.3LPA
2453,21BCE5501,VIT - Chennai,,LTIMindtree,BCE,4LPA
2454,21BCE5511,VIT - Chennai,Ninja,TCS,BCE,3.3LPA
2455,21BCE5541,VIT - Chennai,,Infosys,BCE,3.6LPA
2456,21BCE5541,VIT - Chennai,Ninja,TCS,BCE,3.3LPA
2457,21BCE5546,VIT - Chennai,GenC Select,Cognizant,BCE,4LPA
2458,21BCE5559,VIT - Chennai,Ninja,TCS,BCE,3.3LPA
2459,21BCE5570,VIT - Chennai,Ninja,TCS,BCE,3.3LPA
2460,21BCE5571,VIT - Chennai,,LTIMindtree,BCE,4LPA
2461,21BCE5571,VIT - Chennai,,Infosys,BCE,3.6LPA
2462,21BCE5587,VIT - Chennai,,Infosys,BCE,3.6LPA
2463,21BCE5589,VIT - Chennai,Ninja,TCS,BCE,3.3LPA
2464,21BCE5596,VIT - Chennai,Ninja,TCS,BCE,3.3LPA
2465,21BCE5603,VIT - Chennai,Ninja,TCS,BCE,3.3LPA
2466,21BCE5604,VIT - Chennai,Ninja,TCS,BCE,3.3LPA
2467,21BCE5606,VIT - Chennai,GenC Select,Cognizant,BCE,4LPA
2468,21BCE5606,VIT - Chennai,Ninja,TCS,BCE,3.3LPA
2469,21BCE5608,VIT - Chennai,,Infosys,BCE,3.6LPA
2470,21BCE5608,VIT - Chennai,Ninja,TCS,BCE,3.3LPA
2471,21BCE5612,VIT - Chennai,,Infosys,BCE,3.6LPA
2472,21BCE5612,VIT - Chennai,Ninja,TCS,BCE,3.3LPA
2473,21BCE5613,VIT - Chennai,Ninja,TCS,BCE,3.3LPA
2474,21BCE5623,VIT - Chennai,Ninja,TCS,BCE,3.3LPA
2475,21BCE5627,VIT - Chennai,Ninja,TCS,BCE,3.3LPA
2476,21BCE5632,VIT - Chennai,Ninja,TCS,BCE,3.3LPA
2477,21BCE5634,VIT - Chennai,Ninja,TCS,BCE,3.3LPA
2478,21BCE5642,VIT - Chennai,GenC Select,Cognizant,BCE,4LPA
2479,21BCE5649,VIT - Chennai,,LTIMindtree,BCE,4LPA
2480,21BCE5651,VIT - Chennai,,LTIMindtree,BCE,4LPA
2481,21BCE5654,VIT - Chennai,Ninja,TCS,BCE,3.3LPA
2482,21BCE5655,VIT - Chennai,Ninja,TCS,BCE,3.3LPA
2483,21BCE5666,VIT - Chennai,Ninja,TCS,BCE,3.3LPA
2484,21BCE5682,VIT - Chennai,GenC Select,Cognizant,BCE,4LPA
2485,21BCE5682,VIT - Chennai,Ninja,TCS,BCE,3.3LPA
2486,21BCE5689,VIT - Chennai,Ninja,TCS,BCE,3.3LPA
2487,21BCE5690,VIT - Chennai,,Infosys,BCE,3.6LPA
2488,21BCE5690,VIT - Chennai,Ninja,TCS,BCE,3.3LPA
2489,21BCE5691,VIT - Chennai,GenC Select,Cognizant,BCE,4LPA
2490,21BCE5691,VIT - Chennai,Ninja,TCS,BCE,3.3LPA
2491,21BCE5697,VIT - Chennai,Ninja,TCS,BCE,3.3LPA
2492,21BCE5702,VIT - Chennai,Ninja,TCS,BCE,3.3LPA
2493,21BCE5716,VIT - Chennai,,Infosys,BCE,3.6LPA
2494,21BCE5716,VIT - Chennai,Ninja,TCS,BCE,3.3LPA
2495,21BCE5718,VIT - Chennai,,Infosys,BCE,3.6LPA
2496,21BCE5718,VIT - Chennai,Ninja,TCS,BCE,3.3LPA
2497,21BCE5719,VIT - Chennai,Ninja,TCS,BCE,3.3LPA
2498,21BCE5739,VIT - Chennai,GenC Select,Cognizant,BCE,4LPA
2499,21BCE5739,VIT - Chennai,,LTIMindtree,BCE,4LPA
2500,21BCE5739,VIT - Chennai,Ninja,TCS,BCE,3.3LPA
2501,21BCE5744,VIT - Chennai,,Infosys,BCE,3.6LPA
2502,21BCE5746,VIT - Chennai,Ninja,TCS,BCE,3.3LPA
2503,21bce5752,VIT - Chennai,Ninja,TCS,BCE,3.3LPA
2504,21BCE5756,VIT - Chennai,,LTIMindtree,BCE,4LPA
2505,21BCE5756,VIT - Chennai,,Infosys,BCE,3.6LPA
2506,21BCE5756,VIT - Chennai,Ninja,TCS,BCE,3.3LPA
2507,21BCE5770,VIT - Chennai,Ninja,TCS,BCE,3.3LPA
2508,21BCE5776,VIT - Chennai,,Infosys,BCE,3.6LPA
2509,21BCE5780,VIT - Chennai,,LTIMindtree,BCE,4LPA
2510,21BCE5780,VIT - Chennai,Ninja,TCS,BCE,3.3LPA
2511,21BCE5789,VIT - Chennai,Ninja,TCS,BCE,3.3LPA
2512,21BCE5792,VIT - Chennai,Ninja,TCS,BCE,3.3LPA
2513,21BCE5803,VIT - Chennai,GenC Select,Cognizant,BCE,4LPA
2514,21BCE5806,VIT - Chennai,,LTIMindtree,BCE,4LPA
2515,21BCE5807,VIT - Chennai,,Infosys,BCE,3.6LPA
2516,21BCE5816,VIT - Chennai,Ninja,TCS,BCE,3.3LPA
2517,21BCE5819,VIT - Chennai,Ninja,TCS,BCE,3.3LPA
2518,21BCE5844,VIT - Chennai,Ninja,TCS,BCE,3.3LPA
2519,21BCE5852,VIT - Chennai,Ninja,TCS,BCE,3.3LPA
2520,21BCE5862,VIT - Chennai,,Infosys,BCE,3.6LPA
2521,21BCE5862,VIT - Chennai,Ninja,TCS,BCE,3.3LPA
2522,21BCE5872,VIT - Chennai,Ninja,TCS,BCE,3.3LPA
2523,21BCE5891,VIT - Chennai,,Infosys,BCE,3.6LPA
2524,21BCE5907,VIT - Chennai,Ninja,TCS,BCE,3.3LPA
2525,21BCE5908,VIT - Chennai,Ninja,TCS,BCE,3.3LPA
2526,21BCE5913,VIT - Chennai,,Infosys,BCE,3.6LPA
2527,21BCE5913,VIT - Chennai,Ninja,TCS,BCE,3.3LPA
2528,21BCE5919,VIT - Chennai,Ninja,TCS,BCE,3.3LPA
2529,21BCE5921,VIT - Chennai,Ninja,TCS,BCE,3.3LPA
2530,21BCE5927,VIT - Chennai,Ninja,TCS,BCE,3.3LPA
2531,21BCE5930,VIT - Chennai,Ninja,TCS,BCE,3.3LPA
2532,21BCE5931,VIT - Chennai,Ninja,TCS,BCE,3.3LPA
2533,21BCE5934,VIT - Chennai,,Infosys,BCE,3.6LPA
2534,21BCE5934,VIT - Chennai,Ninja,TCS,BCE,3.3LPA
2535,21BCE5937,VIT - Chennai,GenC Select,Cognizant,BCE,4LPA
2536,21BCE5941,VIT - Chennai,,Infosys,BCE,3.6LPA
2537,21BCE5941,VIT - Chennai,Ninja,TCS,BCE,3.3LPA
2538,21BCE5946,VIT - Chennai,,Infosys,BCE,3.6LPA
2539,21BCE5946,VIT - Chennai,Ninja,TCS,BCE,3.3LPA
2540,21BCE5961,VIT - Chennai,Ninja,TCS,BCE,3.3LPA
2541,21BCE5965,VIT - Chennai,Ninja,TCS,BCE,3.3LPA
2542,21BCE5974,VIT - Chennai,Ninja,TCS,BCE,3.3LPA
2543,21BCE5979,VIT - Chennai,,Infosys,BCE,3.6LPA
2544,21BCE5979,VIT - Chennai,Ninja,TCS,BCE,3.3LPA
2545,21BCE5983,VIT - Chennai,GenC Select,Cognizant,BCE,4LPA
2546,21BCE5983,VIT - Chennai,Ninja,TCS,BCE,3.3LPA
2547,21BCE6017,VIT - Chennai,GenC Select,Cognizant,BCE,4LPA
2548,21BCE6019,VIT - Chennai,,Infosys,BCE,3.6LPA
2549,21BCE6019,VIT - Chennai,Ninja,TCS,BCE,3.3LPA
2550,21BCE6026,VIT - Chennai,Ninja,TCS,BCE,3.3LPA
2551,21BCE6037,VIT - Chennai,Ninja,TCS,BCE,3.3LPA
2552,21BCE6039,VIT - Chennai,,LTIMindtree,BCE,4LPA
2553,21BCE6039,VIT - Chennai,Ninja,TCS,BCE,3.3LPA
2554,21BCE6047,VIT - Chennai,GenC Select,Cognizant,BCE,4LPA
2555,21BCE6047,VIT - Chennai,Ninja,TCS,BCE,3.3LPA
2556,21BCE6057,VIT - Chennai,Ninja,TCS,BCE,3.3LPA
2557,21BCE6058,VIT - Chennai,Ninja,TCS,BCE,3.3LPA
2558,21BCE6066,VIT - Chennai,Ninja,TCS,BCE,3.3LPA
2559,21BCE6096,VIT - Chennai,Ninja,TCS,BCE,3.3LPA
2560,21BCE6103,VIT - Chennai,Ninja,TCS,BCE,3.3LPA
2561,21BCE6111,VIT - Chennai,,LTIMindtree,BCE,4LPA
2562,21BCE6116,VIT - Chennai,,Infosys,BCE,3.6LPA
2563,21BCE6117,VIT - Chennai,,Infosys,BCE,3.6LPA
2564,21BCE6117,VIT - Chennai,Ninja,TCS,BCE,3.3LPA
2565,21BCE6119,VIT - Chennai,Ninja,TCS,BCE,3.3LPA
2566,21BCE6126,VIT - Chennai,GenC Select,Cognizant,BCE,4LPA
2567,21BCE6126,VIT - Chennai,Ninja,TCS,BCE,3.3LPA
2568,21BCE6131,VIT - Chennai,Ninja,TCS,BCE,3.3LPA
2569,21BCE6137,VIT - Chennai,,Infosys,BCE,3.6LPA
2570,21BCE6158,VIT - Chennai,Ninja,TCS,BCE,3.3LPA
2571,21BCE6159,VIT - Chennai,,Infosys,BCE,3.6LPA
2572,21BCE6159,VIT - Chennai,Ninja,TCS,BCE,3.3LPA
2573,21BCE6160,VIT - Chennai,Ninja,TCS,BCE,3.3LPA
2574,21BCE6180,VIT - Chennai,Ninja,TCS,BCE,3.3LPA
2575,21BCE6185,VIT - Chennai,Ninja,TCS,BCE,3.3LPA
2576,21BCE6198,VIT - Chennai,Ninja,TCS,BCE,3.3LPA
2577,21BCE6202,VIT - Chennai,Ninja,TCS,BCE,3.3LPA
2578,21BCL1010,VIT - Chennai,Ninja,TCS,BCL,3.3LPA
2579,21BEC1007,VIT - Chennai,Ninja,TCS,BEC,3.3LPA
2580,21BEC1008,VIT - Chennai,Ninja,TCS,BEC,3.3LPA
2581,21BEC1009,VIT - Chennai,,Infosys,BEC,3.6LPA
2582,21BEC1009,VIT - Chennai,Ninja,TCS,BEC,3.3LPA
2583,21BEC1013,VIT - Chennai,Ninja,TCS,BEC,3.3LPA
2584,21BEC1019,VIT - Chennai,GenC Select,Cognizant,BEC,4LPA
2585,21BEC1019,VIT - Chennai,,Infosys,BEC,3.6LPA
2586,21BEC1024,VIT - Chennai,,Infosys,BEC,3.6LPA
2587,21BEC1024,VIT - Chennai,Ninja,TCS,BEC,3.3LPA
2588,21BEC1024,VIT - Chennai,GenC Select,Cognizant,BEC,4LPA
2589,21BEC1036,VIT - Chennai,,Infosys,BEC,3.6LPA
2590,21BEC1036,VIT - Chennai,Ninja,TCS,BEC,3.3LPA
2591,21BEC1049,VIT - Chennai,GenC Select,Cognizant,BEC,4LPA
2592,21BEC1053,VIT - Chennai,Ninja,TCS,BEC,3.3LPA
2593,21BEC1057,VIT - Chennai,,Infosys,BEC,3.6LPA
2594,21BEC1059,VIT - Chennai,Ninja,TCS,BEC,3.3LPA
2595,21BEC1064,VIT - Chennai,Ninja,TCS,BEC,3.3LPA
2596,21BEC1067,VIT - Chennai,Ninja,TCS,BEC,3.3LPA
2597,21BEC1069,VIT - Chennai,Ninja,TCS,BEC,3.3LPA
2598,21BEC1074,VIT - Chennai,Ninja,TCS,BEC,3.3LPA
2599,21BEC1075,VIT - Chennai,,Infosys,BEC,3.6LPA
2600,21BEC1075,VIT - Chennai,Ninja,TCS,BEC,3.3LPA
2601,21BEC1077,VIT - Chennai,Ninja,TCS,BEC,3.3LPA
2602,21BEC1079,VIT - Chennai,Ninja,TCS,BEC,3.3LPA
2603,21BEC1080,VIT - Chennai,,Infosys,BEC,3.6LPA
2604,21BEC1082,VIT - Chennai,GenC Select,Cognizant,BEC,4LPA
2605,21BEC1083,VIT - Chennai,GenC Select,Cognizant,BEC,4LPA
2606,21BEC1083,VIT - Chennai,,Infosys,BEC,3.6LPA
2607,21BEC1088,VIT - Chennai,,LTIMindtree,BEC,4LPA
2608,21BEC1091,VIT - Chennai,Ninja,TCS,BEC,3.3LPA
2609,21BEC1098,VIT - Chennai,,Infosys,BEC,3.6LPA
2610,21BEC1098,VIT - Chennai,Ninja,TCS,BEC,3.3LPA
2611,21BEC1112,VIT - Chennai,Ninja,TCS,BEC,3.3LPA
2612,21BEC1118,VIT - Chennai,,Infosys,BEC,3.6LPA
2613,21BEC1138,VIT - Chennai,Ninja,TCS,BEC,3.3LPA
2614,21BEC1139,VIT - Chennai,GenC Select,Cognizant,BEC,4LPA
2615,21BEC1139,VIT - Chennai,,Infosys,BEC,3.6LPA
2616,21BEC1139,VIT - Chennai,Ninja,TCS,BEC,3.3LPA
2617,21BEC1143,VIT - Chennai,,LTIMindtree,BEC,4LPA
2618,21BEC1143,VIT - Chennai,Ninja,TCS,BEC,3.3LPA
2619,21BEC1146,VIT - Chennai,GenC Select,Cognizant,BEC,4LPA
2620,21BEC1146,VIT - Chennai,,LTIMindtree,BEC,4LPA
2621,21BEC1146,VIT - Chennai,Ninja,TCS,BEC,3.3LPA
2622,21BEC1151,VIT - Chennai,,Infosys,BEC,3.6LPA
2623,21BEC1154,VIT - Chennai,GenC Next Select,Cognizant,BEC,5.4LPA
2624,21BEC1161,VIT - Chennai,Ninja,TCS,BEC,3.3LPA
2625,21BEC1165,VIT - Chennai,Ninja,TCS,BEC,3.3LPA
2626,21BEC1168,VIT - Chennai,,Infosys,BEC,3.6LPA
2627,21BEC1168,VIT - Chennai,Ninja,TCS,BEC,3.3LPA
2628,21BEC1175,VIT - Chennai,GenC Select,Cognizant,BEC,4LPA
2629,21BEC1176,VIT - Chennai,GenC Select,Cognizant,BEC,4LPA
2630,21BEC1176,VIT - Chennai,Ninja,TCS,BEC,3.3LPA
2631,21BEC1181,VIT - Chennai,Ninja,TCS,BEC,3.3LPA
2632,21BEC1185,VIT - Chennai,Ninja,TCS,BEC,3.3LPA
2633,21BEC1188,VIT - Chennai,Ninja,TCS,BEC,3.3LPA
2634,21BEC1197,VIT - Chennai,,Infosys,BEC,3.6LPA
2635,21BEC1198,VIT - Chennai,,Infosys,BEC,3.6LPA
2636,21BEC1200,VIT - Chennai,Ninja,TCS,BEC,3.3LPA
2637,21BEC1202,VIT - Chennai,Ninja,TCS,BEC,3.3LPA
2638,21BEC1204,VIT - Chennai,,Infosys,BEC,3.6LPA
2639,21BEC1204,VIT - Chennai,Ninja,TCS,BEC,3.3LPA
2640,21BEC1205,VIT - Chennai,,Infosys,BEC,3.6LPA
2641,21BEC1205,VIT - Chennai,Ninja,TCS,BEC,3.3LPA
2642,21BEC1206,VIT - Chennai,GenC Select,Cognizant,BEC,4LPA
2643,21BEC1212,VIT - Chennai,Ninja,TCS,BEC,3.3LPA
2644,21BEC1213,VIT - Chennai,Ninja,TCS,BEC,3.3LPA
2645,21BEC1214,VIT - Chennai,Ninja,TCS,BEC,3.3LPA
2646,21BEC1215,VIT - Chennai,,Infosys,BEC,3.6LPA
2647,21BEC1215,VIT - Chennai,Ninja,TCS,BEC,3.3LPA
2648,21BEC1216,VIT - Chennai,Ninja,TCS,BEC,3.3LPA
2649,21BEC1217,VIT - Chennai,Ninja,TCS,BEC,3.3LPA
2650,21BEC1221,VIT - Chennai,Ninja,TCS,BEC,3.3LPA
2651,21BEC1238,VIT - Chennai,Ninja,TCS,BEC,3.3LPA
2652,21BEC1243,VIT - Chennai,Ninja,TCS,BEC,3.3LPA
2653,21BEC1246,VIT - Chennai,Ninja,TCS,BEC,3.3LPA
2654,21BEC1250,VIT - Chennai,Ninja,TCS,BEC,3.3LPA
2655,21BEC1254,VIT - Chennai,,Infosys,BEC,3.6LPA
2656,21BEC1256,VIT - Chennai,Ninja,TCS,BEC,3.3LPA
2657,21BEC1258,VIT - Chennai,GenC Select,Cognizant,BEC,4LPA
2658,21BEC1258,VIT - Chennai,Ninja,TCS,BEC,3.3LPA
2659,21BEC1262,VIT - Chennai,,LTIMindtree,BEC,4LPA
2660,21BEC1262,VIT - Chennai,Ninja,TCS,BEC,3.3LPA
2661,21BEC1263,VIT - Chennai,,Infosys,BEC,3.6LPA
2662,21BEC1263,VIT - Chennai,Ninja,TCS,BEC,3.3LPA
2663,21BEC1270,VIT - Chennai,Ninja,TCS,BEC,3.3LPA
2664,21BEC1271,VIT - Chennai,Ninja,TCS,BEC,3.3LPA
2665,21BEC1272,VIT - Chennai,,Infosys,BEC,3.6LPA
2666,21BEC1272,VIT - Chennai,Ninja,TCS,BEC,3.3LPA
2667,21BEC1277,VIT - Chennai,,Infosys,BEC,3.6LPA
2668,21BEC1277,VIT - Chennai,Ninja,TCS,BEC,3.3LPA
2669,21BEC1284,VIT - Chennai,GenC Select,Cognizant,BEC,4LPA
2670,21BEC1284,VIT - Chennai,Ninja,TCS,BEC,3.3LPA
2671,21BEC1287,VIT - Chennai,Ninja,TCS,BEC,3.3LPA
2672,21BEC1291,VIT - Chennai,Ninja,TCS,BEC,3.3LPA
2673,21BEC1300,VIT - Chennai,,Infosys,BEC,3.6LPA
2674,21BEC1300,VIT - Chennai,Ninja,TCS,BEC,3.3LPA
2675,21BEC1307,VIT - Chennai,,Infosys,BEC,3.6LPA
2676,21BEC1308,VIT - Chennai,,Infosys,BEC,3.6LPA
2677,21BEC1308,VIT - Chennai,Ninja,TCS,BEC,3.3LPA
2678,21BEC1311,VIT - Chennai,GenC Select,Cognizant,BEC,4LPA
2679,21BEC1311,VIT - Chennai,Ninja,TCS,BEC,3.3LPA
2680,21BEC1312,VIT - Chennai,,Infosys,BEC,3.6LPA
2681,21BEC1312,VIT - Chennai,Ninja,TCS,BEC,3.3LPA
2682,21BEC1315,VIT - Chennai,,Infosys,BEC,3.6LPA
2683,21BEC1320,VIT - Chennai,,Infosys,BEC,3.6LPA
2684,21BEC1320,VIT - Chennai,Ninja,TCS,BEC,3.3LPA
2685,21BEC1321,VIT - Chennai,,Infosys,BEC,3.6LPA
2686,21BEC1321,VIT - Chennai,Ninja,TCS,BEC,3.3LPA
2687,21BEC1323,VIT - Chennai,GenC Select,Cognizant,BEC,4LPA
2688,21BEC1325,VIT - Chennai,GenC Select,Cognizant,BEC,4LPA
2689,21BEC1325,VIT - Chennai,Ninja,TCS,BEC,3.3LPA
2690,21BEC1332,VIT - Chennai,Ninja,TCS,BEC,3.3LPA
2691,21BEC1338,VIT - Chennai,,Infosys,BEC,3.6LPA
2692,21BEC1338,VIT - Chennai,Ninja,TCS,BEC,3.3LPA
2693,21BEC1343,VIT - Chennai,GenC Select,Cognizant,BEC,4LPA
2694,21BEC1355,VIT - Chennai,Ninja,TCS,BEC,3.3LPA
2695,21BEC1358,VIT - Chennai,Ninja,TCS,BEC,3.3LPA
2696,21BEC1361,VIT - Chennai,Ninja,TCS,BEC,3.3LPA
2697,21BEC1372,VIT - Chennai,Ninja,TCS,BEC,3.3LPA
2698,21BEC1375,VIT - Chennai,,Infosys,BEC,3.6LPA
2699,21BEC1384,VIT - Chennai,GenC Next Select,Cognizant,BEC,5.4LPA
2700,21BEC1410,VIT - Chennai,Ninja,TCS,BEC,3.3LPA
2701,21BEC1415,VIT - Chennai,GenC Select,Cognizant,BEC,4LPA
2702,21BEC1422,VIT - Chennai,GenC Select,Cognizant,BEC,4LPA
2703,21BEC1422,VIT - Chennai,,LTIMindtree,BEC,4LPA
2704,21BEC1425,VIT - Chennai,Ninja,TCS,BEC,3.3LPA
2705,21BEC1427,VIT - Chennai,,LTIMindtree,BEC,4LPA
2706,21BEC1427,VIT - Chennai,,Infosys,BEC,3.6LPA
2707,21BEC1429,VIT - Chennai,GenC Select,Cognizant,BEC,4LPA
2708,21BEC1429,VIT - Chennai,Ninja,TCS,BEC,3.3LPA
2709,21BEC1431,VIT - Chennai,Ninja,TCS,BEC,3.3LPA
2710,21bec1433,VIT - Chennai,,Infosys,BEC,3.6LPA
2711,21BEC1434,VIT - Chennai,,Infosys,BEC,3.6LPA
2712,21BEC1434,VIT - Chennai,Ninja,TCS,BEC,3.3LPA
2713,21BEC1438,VIT - Chennai,,Infosys,BEC,3.6LPA
2714,21BEC1440,VIT - Chennai,GenC Select,Cognizant,BEC,4LPA
2715,21BEC1440,VIT - Chennai,Ninja,TCS,BEC,3.3LPA
2716,21BEC1445,VIT - Chennai,Ninja,TCS,BEC,3.3LPA
2717,21BEC1447,VIT - Chennai,Ninja,TCS,BEC,3.3LPA
2718,21BEC1450,VIT - Chennai,Ninja,TCS,BEC,3.3LPA
2719,21BEC1455,VIT - Chennai,Ninja,TCS,BEC,3.3LPA
2720,21BEC1457,VIT - Chennai,Ninja,TCS,BEC,3.3LPA
2721,21BEC1459,VIT - Chennai,Ninja,TCS,BEC,3.3LPA
2722,21BEC1460,VIT - Chennai,GenC Select,Cognizant,BEC,4LPA
2723,21BEC1473,VIT - Chennai,,Infosys,BEC,3.6LPA
2724,21BEC1473,VIT - Chennai,Ninja,TCS,BEC,3.3LPA
2725,21BEC1477,VIT - Chennai,Ninja,TCS,BEC,3.3LPA
2726,21BEC1479,VIT - Chennai,,Infosys,BEC,3.6LPA
2727,21BEC1480,VIT - Chennai,GenC Select,Cognizant,BEC,4LPA
2728,21BEC1481,VIT - Chennai,Ninja,TCS,BEC,3.3LPA
2729,21BEC1484,VIT - Chennai,GenC Select,Cognizant,BEC,4LPA
2730,21BEC1484,VIT - Chennai,,LTIMindtree,BEC,4LPA
2731,21BEC1484,VIT - Chennai,Ninja,TCS,BEC,3.3LPA
2732,21BEC1486,VIT - Chennai,GenC Select,Cognizant,BEC,4LPA
2733,21BEC1488,VIT - Chennai,,Infosys,BEC,3.6LPA
2734,21BEC1488,VIT - Chennai,Ninja,TCS,BEC,3.3LPA
2735,21BEC1495,VIT - Chennai,,LTIMindtree,BEC,4LPA
2736,21BEC1495,VIT - Chennai,,Infosys,BEC,3.6LPA
2737,21BEC1495,VIT - Chennai,Ninja,TCS,BEC,3.3LPA
2738,21BEC1496,VIT - Chennai,,Infosys,BEC,3.6LPA
2739,21BEC1496,VIT - Chennai,Ninja,TCS,BEC,3.3LPA
2740,21BEC1497,VIT - Chennai,GenC Select,Cognizant,BEC,4LPA
2741,21BEC1497,VIT - Chennai,,Infosys,BEC,3.6LPA
2742,21BEC1497,VIT - Chennai,Ninja,TCS,BEC,3.3LPA
2743,21BEC1500,VIT - Chennai,,Infosys,BEC,3.6LPA
2744,21BEC1505,VIT - Chennai,GenC Select,Cognizant,BEC,4LPA
2745,21BEC1505,VIT - Chennai,Ninja,TCS,BEC,3.3LPA
2746,21BEC1507,VIT - Chennai,,Infosys,BEC,3.6LPA
2747,21BEC1507,VIT - Chennai,Ninja,TCS,BEC,3.3LPA
2748,21BEC1517,VIT - Chennai,,LTIMindtree,BEC,4LPA
2749,21BEC1517,VIT - Chennai,Ninja,TCS,BEC,3.3LPA
2750,21BEC1519,VIT - Chennai,,LTIMindtree,BEC,4LPA
2751,21BEC1519,VIT - Chennai,,Infosys,BEC,3.6LPA
2752,21BEC1519,VIT - Chennai,Ninja,TCS,BEC,3.3LPA
2753,21BEC1521,VIT - Chennai,Ninja,TCS,BEC,3.3LPA
2754,21BEC1523,VIT - Chennai,GenC Select,Cognizant,BEC,4LPA
2755,21BEC1523,VIT - Chennai,,Infosys,BEC,3.6LPA
2756,21BEC1523,VIT - Chennai,Ninja,TCS,BEC,3.3LPA
2757,21BEC1529,VIT - Chennai,,LTIMindtree,BEC,4LPA
2758,21BEC1529,VIT - Chennai,Ninja,TCS,BEC,3.3LPA
2759,21BEC1531,VIT - Chennai,,LTIMindtree,BEC,4LPA
2760,21BEC1531,VIT - Chennai,,Infosys,BEC,3.6LPA
2761,21BEC1532,VIT - Chennai,,Infosys,BEC,3.6LPA
2762,21BEC1534,VIT - Chennai,Ninja,TCS,BEC,3.3LPA
2763,21BEC1536,VIT - Chennai,Ninja,TCS,BEC,3.3LPA
2764,21BEC1537,VIT - Chennai,Ninja,TCS,BEC,3.3LPA
2765,21BEC1542,VIT - Chennai,GenC Select,Cognizant,BEC,4LPA
2766,21BEC1556,VIT - Chennai,GenC Select,Cognizant,BEC,4LPA
2767,21BEC1557,VIT - Chennai,,Infosys,BEC,3.6LPA
2768,21BEC1563,VIT - Chennai,,Infosys,BEC,3.6LPA
2769,21BEC1573,VIT - Chennai,Ninja,TCS,BEC,3.3LPA
2770,21BEC1577,VIT - Chennai,,Infosys,BEC,3.6LPA
2771,21BEC1577,VIT - Chennai,Ninja,TCS,BEC,3.3LPA
2772,21BEC1586,VIT - Chennai,,Infosys,BEC,3.6LPA
2773,21BEC1586,VIT - Chennai,Ninja,TCS,BEC,3.3LPA
2774,21BEC1587,VIT - Chennai,Ninja,TCS,BEC,3.3LPA
2775,21BEC1589,VIT - Chennai,,Infosys,BEC,3.6LPA
2776,21BEC1589,VIT - Chennai,Ninja,TCS,BEC,3.3LPA
2777,21BEC1590,VIT - Chennai,Ninja,TCS,BEC,3.3LPA
2778,21BEC1591,VIT - Chennai,,Infosys,BEC,3.6LPA
2779,21BEC1595,VIT - Chennai,,Infosys,BEC,3.6LPA
2780,21BEC1596,VIT - Chennai,GenC Select,Cognizant,BEC,4LPA
2781,21BEC1597,VIT - Chennai,GenC Select,Cognizant,BEC,4LPA
2782,21BEC1597,VIT - Chennai,Ninja,TCS,BEC,3.3LPA
2783,21BEC1598,VIT - Chennai,,LTIMindtree,BEC,4LPA
2784,21BEC1598,VIT - Chennai,Ninja,TCS,BEC,3.3LPA
2785,21BEC1601,VIT - Chennai,,LTIMindtree,BEC,4LPA
2786,21BEC1612,VIT - Chennai,,Infosys,BEC,3.6LPA
2787,21BEC1617,VIT - Chennai,Ninja,TCS,BEC,3.3LPA
2788,21BEC1623,VIT - Chennai,,Infosys,BEC,3.6LPA
2789,21BEC1623,VIT - Chennai,Ninja,TCS,BEC,3.3LPA
2790,21BEC1624,VIT - Chennai,GenC Select,Cognizant,BEC,4LPA
2791,21BEC1624,VIT - Chennai,Ninja,TCS,BEC,3.3LPA
2792,21BEC1627,VIT - Chennai,,Infosys,BEC,3.6LPA
2793,21BEC1627,VIT - Chennai,Ninja,TCS,BEC,3.3LPA
2794,21BEC1629,VIT - Chennai,GenC Select,Cognizant,BEC,4LPA
2795,21BEC1629,VIT - Chennai,,Infosys,BEC,3.6LPA
2796,21BEC1639,VIT - Chennai,Ninja,TCS,BEC,3.3LPA
2797,21BEC1641,VIT - Chennai,Ninja,TCS,BEC,3.3LPA
2798,21BEC1643,VIT - Chennai,Ninja,TCS,BEC,3.3LPA
2799,21BEC1651,VIT - Chennai,Ninja,TCS,BEC,3.3LPA
2800,21BEC1651,VIT - Chennai,,LTIMindtree,BEC,4LPA
2801,21BEC1652,VIT - Chennai,Ninja,TCS,BEC,3.3LPA
2802,21BEC1654,VIT - Chennai,,Infosys,BEC,3.6LPA
2803,21bec1654,VIT - Chennai,Ninja,TCS,BEC,3.3LPA
2804,21BEC1655,VIT - Chennai,,Infosys,BEC,3.6LPA
2805,21BEC1662,VIT - Chennai,,Infosys,BEC,3.6LPA
2806,21BEC1667,VIT - Chennai,GenC Select,Cognizant,BEC,4LPA
2807,21BEC1667,VIT - Chennai,,Infosys,BEC,3.6LPA
2808,21BEC1667,VIT - Chennai,Ninja,TCS,BEC,3.3LPA
2809,21BEC1672,VIT - Chennai,Ninja,TCS,BEC,3.3LPA
2810,21BEC1679,VIT - Chennai,,Infosys,BEC,3.6LPA
2811,21BEC1686,VIT - Chennai,Ninja,TCS,BEC,3.3LPA
2812,21BEC1688,VIT - Chennai,Ninja,TCS,BEC,3.3LPA
2813,21BEC1692,VIT - Chennai,,Infosys,BEC,3.6LPA
2814,21BEC1693,VIT - Chennai,Ninja,TCS,BEC,3.3LPA
2815,21BEC1694,VIT - Chennai,,Infosys,BEC,3.6LPA
2816,21BEC1697,VIT - Chennai,,Infosys,BEC,3.6LPA
2817,21bec1697,VIT - Chennai,Ninja,TCS,BEC,3.3LPA
2818,21BEC1698,VIT - Chennai,Ninja,TCS,BEC,3.3LPA
2819,21BEC1705,VIT - Chennai,,Infosys,BEC,3.6LPA
2820,21BEC1715,VIT - Chennai,GenC Select,Cognizant,BEC,4LPA
2821,21BEC1715,VIT - Chennai,Ninja,TCS,BEC,3.3LPA
2822,21BEC1719,VIT - Chennai,,Infosys,BEC,3.6LPA
2823,21BEC1722,VIT - Chennai,Ninja,TCS,BEC,3.3LPA
2824,21BEC1723,VIT - Chennai,Ninja,TCS,BEC,3.3LPA
2825,21BEC1732,VIT - Chennai,Ninja,TCS,BEC,3.3LPA
2826,21BEC1736,VIT - Chennai,Ninja,TCS,BEC,3.3LPA
2827,21BEC1742,VIT - Chennai,Ninja,TCS,BEC,3.3LPA
2828,21BEC1745,VIT - Chennai,,LTIMindtree,BEC,4LPA
2829,21BEC1749,VIT - Chennai,Ninja,TCS,BEC,3.3LPA
2830,21BEC1754,VIT - Chennai,Ninja,TCS,BEC,3.3LPA
2831,21BEC1755,VIT - Chennai,,Infosys,BEC,3.6LPA
2832,21BEC1757,VIT - Chennai,Ninja,TCS,BEC,3.3LPA
2833,21BEC1758,VIT - Chennai,GenC Select,Cognizant,BEC,4LPA
2834,21BEC1760,VIT - Chennai,,Infosys,BEC,3.6LPA
2835,21BEC1760,VIT - Chennai,Ninja,TCS,BEC,3.3LPA
2836,21BEC1782,VIT - Chennai,Ninja,TCS,BEC,3.3LPA
2837,21BEC1783,VIT - Chennai,,Infosys,BEC,3.6LPA
2838,21BEC1783,VIT - Chennai,Ninja,TCS,BEC,3.3LPA
2839,21BEC1787,VIT - Chennai,,Infosys,BEC,3.6LPA
2840,21BEC1803,VIT - Chennai,Ninja,TCS,BEC,3.3LPA
2841,21BEC1804,VIT - Chennai,Ninja,TCS,BEC,3.3LPA
2842,21BEC1807,VIT - Chennai,,LTIMindtree,BEC,4LPA
2843,21BEC1807,VIT - Chennai,,Infosys,BEC,3.6LPA
2844,21BEC1808,VIT - Chennai,,Infosys,BEC,3.6LPA
2845,21BEC1808,VIT - Chennai,Ninja,TCS,BEC,3.3LPA
2846,21BEC1825,VIT - Chennai,Ninja,TCS,BEC,3.3LPA
2847,21BEC1846,VIT - Chennai,,Infosys,BEC,3.6LPA
2848,21BEC1846,VIT - Chennai,Ninja,TCS,BEC,3.3LPA
2849,21BEC1848,VIT - Chennai,Ninja,TCS,BEC,3.3LPA
2850,21BEC1849,VIT - Chennai,Ninja,TCS,BEC,3.3LPA
2851,21BEC1851,VIT - Chennai,Ninja,TCS,BEC,3.3LPA
2852,21BEC1852,VIT - Chennai,Ninja,TCS,BEC,3.3LPA
2853,21BEC1853,VIT - Chennai,,Infosys,BEC,3.6LPA
2854,21BEE1009,VIT - Chennai,Ninja,TCS,BEE,3.3LPA
2855,21BEE1011,VIT - Chennai,Ninja,TCS,BEE,3.3LPA
2856,21BEE1012,VIT - Chennai,Ninja,TCS,BEE,3.3LPA
2857,21BEE1016,VIT - Chennai,Ninja,TCS,BEE,3.3LPA
2858,21BEE1017,VIT - Chennai,,Infosys,BEE,3.6LPA
2859,21BEE1022,VIT - Chennai,GenC Select,Cognizant,BEE,4LPA
2860,21BEE1022,VIT - Chennai,Ninja,TCS,BEE,3.3LPA
2861,21BEE1025,VIT - Chennai,,Infosys,BEE,3.6LPA
2862,21BEE1027,VIT - Chennai,Ninja,TCS,BEE,3.3LPA
2863,21BEE1032,VIT - Chennai,Ninja,TCS,BEE,3.3LPA
2864,21BEE1039,VIT - Chennai,Ninja,TCS,BEE,3.3LPA
2865,21BEE1040,VIT - Chennai,Ninja,TCS,BEE,3.3LPA
2866,21BEE1043,VIT - Chennai,,Infosys,BEE,3.6LPA
2867,21BEE1043,VIT - Chennai,Ninja,TCS,BEE,3.3LPA
2868,21BEE1053,VIT - Chennai,GenC Select,Cognizant,BEE,4LPA
2869,21BEE1053,VIT - Chennai,,Infosys,BEE,3.6LPA
2870,21BEE1053,VIT - Chennai,Ninja,TCS,BEE,3.3LPA
2871,21BEE1067,VIT - Chennai,Ninja,TCS,BEE,3.3LPA
2872,21BEE1076,VIT - Chennai,Ninja,TCS,BEE,3.3LPA
2873,21BEE1099,VIT - Chennai,,Infosys,BEE,3.6LPA
2874,21BEE1099,VIT - Chennai,Ninja,TCS,BEE,3.3LPA
2875,21BEE1108,VIT - Chennai,,Infosys,BEE,3.6LPA
2876,21BEE1119,VIT - Chennai,GenC Select,Cognizant,BEE,4LPA
2877,21BEE1119,VIT - Chennai,,Infosys,BEE,3.6LPA
2878,21BEE1119,VIT - Chennai,Ninja,TCS,BEE,3.3LPA
2879,21BEE1120,VIT - Chennai,Ninja,TCS,BEE,3.3LPA
2880,21BEE1126,VIT - Chennai,Ninja,TCS,BEE,3.3LPA
2881,21BEE1134,VIT - Chennai,,LTIMindtree,BEE,4LPA
2882,21BEE1134,VIT - Chennai,,Infosys,BEE,3.6LPA
2883,21BEE1134,VIT - Chennai,Ninja,TCS,BEE,3.3LPA
2884,21BEE1134,VIT - Chennai,GenC Select,Cognizant,BEE,4LPA
2885,21BEE1136,VIT - Chennai,Ninja,TCS,BEE,3.3LPA
2886,21BEE1147,VIT - Chennai,,Infosys,BEE,3.6LPA
2887,21BEE1155,VIT - Chennai,GenC Select,Cognizant,BEE,4LPA
2888,21BEE1156,VIT - Chennai,Ninja,TCS,BEE,3.3LPA
2889,21BEE1161,VIT - Chennai,Ninja,TCS,BEE,3.3LPA
2890,21BEE1181,VIT - Chennai,Ninja,TCS,BEE,3.3LPA
2891,21BEE1189,VIT - Chennai,,Infosys,BEE,3.6LPA
2892,21BEE1194,VIT - Chennai,Ninja,TCS,BEE,3.3LPA
2893,21BEE1198,VIT - Chennai,Ninja,TCS,BEE,3.3LPA
2894,21BEE1220,VIT - Chennai,,Infosys,BEE,3.6LPA
2895,21BEE1225,VIT - Chennai,,LTIMindtree,BEE,4LPA
2896,21BEE1225,VIT - Chennai,Ninja,TCS,BEE,3.3LPA
2897,21BEE1227,VIT - Chennai,Ninja,TCS,BEE,3.3LPA
2898,21BEE1244,VIT - Chennai,Ninja,TCS,BEE,3.3LPA
2899,21BEE1250,VIT - Chennai,GenC Select,Cognizant,BEE,4LPA
2900,21BEE1250,VIT - Chennai,Ninja,TCS,BEE,3.3LPA
2901,21BEE1251,VIT - Chennai,Ninja,TCS,BEE,3.3LPA
2902,21BEE1262,VIT - Chennai,Ninja,TCS,BEE,3.3LPA
2903,21BEE1275,VIT - Chennai,Ninja,TCS,BEE,3.3LPA
2904,21BEE1282,VIT - Chennai,,Infosys,BEE,3.6LPA
2905,21BEE1282,VIT - Chennai,Ninja,TCS,BEE,3.3LPA
2906,21BEE1283,VIT - Chennai,Ninja,TCS,BEE,3.3LPA
2907,21BEE1286,VIT - Chennai,Ninja,TCS,BEE,3.3LPA
2908,21BEE1292,VIT - Chennai,Ninja,TCS,BEE,3.3LPA
2909,21BEE1301,VIT - Chennai,,Infosys,BEE,3.6LPA
2910,21BEE1301,VIT - Chennai,Ninja,TCS,BEE,3.3LPA
2911,21BEE1302,VIT - Chennai,,Infosys,BEE,3.6LPA
2912,21BEE1302,VIT - Chennai,Ninja,TCS,BEE,3.3LPA
2913,21BEE1303,VIT - Chennai,Ninja,TCS,BEE,3.3LPA
2914,21BEE1307,VIT - Chennai,Ninja,TCS,BEE,3.3LPA
2915,21BEE1325,VIT - Chennai,Ninja,TCS,BEE,3.3LPA
2916,21BEE1333,VIT - Chennai,Ninja,TCS,BEE,3.3LPA
2917,21BEE1335,VIT - Chennai,,Infosys,BEE,3.6LPA
2918,21BEE1335,VIT - Chennai,Ninja,TCS,BEE,3.3LPA
2919,21BEE1338,VIT - Chennai,Ninja,TCS,BEE,3.3LPA
2920,21BLC1008,VIT - Chennai,Ninja,TCS,BLC,3.3LPA
2921,21BLC1010,VIT - Chennai,Ninja,TCS,BLC,3.3LPA
2922,21blc1013,VIT - Chennai,Ninja,TCS,BLC,3.3LPA
2923,21BLC1015,VIT - Chennai,Ninja,TCS,BLC,3.3LPA
2924,21BLC1020,VIT - Chennai,GenC Select,Cognizant,BLC,4LPA
2925,21BLC1020,VIT - Chennai,,LTIMindtree,BLC,4LPA
2926,21BLC1020,VIT - Chennai,Ninja,TCS,BLC,3.3LPA
2927,21BLC1023,VIT - Chennai,,Infosys,BLC,3.6LPA
2928,21BLC1023,VIT - Chennai,Ninja,TCS,BLC,3.3LPA
2929,21BLC1024,VIT - Chennai,Ninja,TCS,BLC,3.3LPA
2930,21BLC1032,VIT - Chennai,Ninja,TCS,BLC,3.3LPA
2931,21BLC1033,VIT - Chennai,Ninja,TCS,BLC,3.3LPA
2932,21BLC1036,VIT - Chennai,Ninja,TCS,BLC,3.3LPA
2933,21BLC1037,VIT - Chennai,Ninja,TCS,BLC,3.3LPA
2934,21BLC1040,VIT - Chennai,,Infosys,BLC,3.6LPA
2935,21BLC1040,VIT - Chennai,Ninja,TCS,BLC,3.3LPA
2936,21BLC1041,VIT - Chennai,,Infosys,BLC,3.6LPA
2937,21BLC1041,VIT - Chennai,Ninja,TCS,BLC,3.3LPA
2938,21BLC1047,VIT - Chennai,Ninja,TCS,BLC,3.3LPA
2939,21BLC1048,VIT - Chennai,Ninja,TCS,BLC,3.3LPA
2940,21BLC1050,VIT - Chennai,,Infosys,BLC,3.6LPA
2941,21BLC1050,VIT - Chennai,Ninja,TCS,BLC,3.3LPA
2942,21BLC1052,VIT - Chennai,GenC Select,Cognizant,BLC,4LPA
2943,21BLC1052,VIT - Chennai,Ninja,TCS,BLC,3.3LPA
2944,21BLC1054,VIT - Chennai,Ninja,TCS,BLC,3.3LPA
2945,21BLC1064,VIT - Chennai,Ninja,TCS,BLC,3.3LPA
2946,21BLC1069,VIT - Chennai,Ninja,TCS,BLC,3.3LPA
2947,21BLC1070,VIT - Chennai,Ninja,TCS,BLC,3.3LPA
2948,21BLC1072,VIT - Chennai,,Infosys,BLC,3.6LPA
2949,21BLC1072,VIT - Chennai,,LTIMindtree,BLC,4LPA
2950,21BLC1073,VIT - Chennai,GenC Select,Cognizant,BLC,4LPA
2951,21BLC1074,VIT - Chennai,,LTIMindtree,BLC,4LPA
2952,21BLC1074,VIT - Chennai,Ninja,TCS,BLC,3.3LPA
2953,21BLC1076,VIT - Chennai,,Infosys,BLC,3.6LPA
2954,21BLC1076,VIT - Chennai,Ninja,TCS,BLC,3.3LPA
2955,21BLC1077,VIT - Chennai,Ninja,TCS,BLC,3.3LPA
2956,21BLC1084,VIT - Chennai,GenC Select,Cognizant,BLC,4LPA
2957,21BLC1090,VIT - Chennai,Ninja,TCS,BLC,3.3LPA
2958,21BLC1093,VIT - Chennai,Ninja,TCS,BLC,3.3LPA
2959,21BLC1102,VIT - Chennai,,Infosys,BLC,3.6LPA
2960,21BLC1106,VIT - Chennai,GenC Select,Cognizant,BLC,4LPA
2961,21BLC1106,VIT - Chennai,,Infosys,BLC,3.6LPA
2962,21BLC1106,VIT - Chennai,Ninja,TCS,BLC,3.3LPA
2963,21BLC1115,VIT - Chennai,Ninja,TCS,BLC,3.3LPA
2964,21BLC1124,VIT - Chennai,Ninja,TCS,BLC,3.3LPA
2965,21BLC1157,VIT - Chennai,GenC Select,Cognizant,BLC,4LPA
2966,21BLC1163,VIT - Chennai,Ninja,TCS,BLC,3.3LPA
2967,21BLC1164,VIT - Chennai,GenC Select,Cognizant,BLC,4LPA
2968,21BLC1164,VIT - Chennai,Ninja,TCS,BLC,3.3LPA
2969,21BLC1167,VIT - Chennai,Ninja,TCS,BLC,3.3LPA
2970,21BLC1170,VIT - Chennai,Ninja,TCS,BLC,3.3LPA
2971,21BLC1173,VIT - Chennai,,Infosys,BLC,3.6LPA
2972,21BLC1173,VIT - Chennai,Ninja,TCS,BLC,3.3LPA
2973,21BLC1174,VIT - Chennai,Ninja,TCS,BLC,3.3LPA
2974,21BLC1175,VIT - Chennai,Ninja,TCS,BLC,3.3LPA
2975,21blc1178,VIT - Chennai,GenC Next Select,Cognizant,BLC,5.4LPA
2976,21BLC1179,VIT - Chennai,,Infosys,BLC,3.6LPA
2977,21BLC1181,VIT - Chennai,,Infosys,BLC,3.6LPA
2978,21BLC1184,VIT - Chennai,Ninja,TCS,BLC,3.3LPA
2979,21BLC1194,VIT - Chennai,GenC Select,Cognizant,BLC,4LPA
2980,21BLC1194,VIT - Chennai,Ninja,TCS,BLC,3.3LPA
2981,21BLC1199,VIT - Chennai,,Infosys,BLC,3.6LPA
2982,21BLC1199,VIT - Chennai,Ninja,TCS,BLC,3.3LPA
2983,21BLC1201,VIT - Chennai,Ninja,TCS,BLC,3.3LPA
2984,21BLC1204,VIT - Chennai,,Infosys,BLC,3.6LPA
2985,21BLC1206,VIT - Chennai,Ninja,TCS,BLC,3.3LPA
2986,21BLC1209,VIT - Chennai,Ninja,TCS,BLC,3.3LPA
2987,21BLC1216,VIT - Chennai,Ninja,TCS,BLC,3.3LPA
2988,21BLC1220,VIT - Chennai,Ninja,TCS,BLC,3.3LPA
2989,21BLC1221,VIT - Chennai,Ninja,TCS,BLC,3.3LPA
2990,21BLC1222,VIT - Chennai,Ninja,TCS,BLC,3.3LPA
2991,21BLC1228,VIT - Chennai,Ninja,TCS,BLC,3.3LPA
2992,21BLC1229,VIT - Chennai,Ninja,TCS,BLC,3.3LPA
2993,21BLC1232,VIT - Chennai,Ninja,TCS,BLC,3.3LPA
2994,21BLC1233,VIT - Chennai,Ninja,TCS,BLC,3.3LPA
2995,21BLC1244,VIT - Chennai,Ninja,TCS,BLC,3.3LPA
2996,21BLC1252,VIT - Chennai,Ninja,TCS,BLC,3.3LPA
2997,21BLC1257,VIT - Chennai,,Infosys,BLC,3.6LPA
2998,21BLC1257,VIT - Chennai,Ninja,TCS,BLC,3.3LPA
2999,21BLC1260,VIT - Chennai,Ninja,TCS,BLC,3.3LPA
3000,21BLC1269,VIT - Chennai,Ninja,TCS,BLC,3.3LPA
3001,21BLC1273,VIT - Chennai,Ninja,TCS,BLC,3.3LPA
3002,21BLC1276,VIT - Chennai,,Infosys,BLC,3.6LPA
3003,21BLC1276,VIT - Chennai,Ninja,TCS,BLC,3.3LPA
3004,21BLC1282,VIT - Chennai,Ninja,TCS,BLC,3.3LPA
3005,21BLC1286,VIT - Chennai,Ninja,TCS,BLC,3.3LPA
3006,21BLC1288,VIT - Chennai,GenC Select,Cognizant,BLC,4LPA
3007,21BLC1288,VIT - Chennai,,LTIMindtree,BLC,4LPA
3008,21BLC1288,VIT - Chennai,,Infosys,BLC,3.6LPA
3009,21BLC1288,VIT - Chennai,Ninja,TCS,BLC,3.3LPA
3010,21BLC1290,VIT - Chennai,Ninja,TCS,BLC,3.3LPA
3011,21BLC1293,VIT - Chennai,Ninja,TCS,BLC,3.3LPA
3012,21BLC1299,VIT - Chennai,Ninja,TCS,BLC,3.3LPA
3013,21BLC1308,VIT - Chennai,Ninja,TCS,BLC,3.3LPA
3014,21BLC1314,VIT - Chennai,,Infosys,BLC,3.6LPA
3015,21BLC1314,VIT - Chennai,Ninja,TCS,BLC,3.3LPA
3016,21BLC1315,VIT - Chennai,Ninja,TCS,BLC,3.3LPA
3017,21BLC1322,VIT - Chennai,Ninja,TCS,BLC,3.3LPA
3018,21BLC1323,VIT - Chennai,Ninja,TCS,BLC,3.3LPA
3019,21BLC1329,VIT - Chennai,Ninja,TCS,BLC,3.3LPA
3020,21BLC1343,VIT - Chennai,Ninja,TCS,BLC,3.3LPA
3021,21BLC1349,VIT - Chennai,Ninja,TCS,BLC,3.3LPA
3022,21BLC1350,VIT - Chennai,GenC Select,Cognizant,BLC,4LPA
3023,21BLC1350,VIT - Chennai,,Infosys,BLC,3.6LPA
3024,21BLC1350,VIT - Chennai,Ninja,TCS,BLC,3.3LPA
3025,21BLC1356,VIT - Chennai,GenC Select,Cognizant,BLC,4LPA
3026,21BLC1358,VIT - Chennai,GenC Select,Cognizant,BLC,4LPA
3027,21BLC1358,VIT - Chennai,,Infosys,BLC,3.6LPA
3028,21BLC1359,VIT - Chennai,GenC Select,Cognizant,BLC,4LPA
3029,21BLC1359,VIT - Chennai,Ninja,TCS,BLC,3.3LPA
3030,21BLC1369,VIT - Chennai,,Infosys,BLC,3.6LPA
3031,21BLC1373,VIT - Chennai,Ninja,TCS,BLC,3.3LPA
3032,21BLC1376,VIT - Chennai,,Infosys,BLC,3.6LPA
3033,21BLC1376,VIT - Chennai,Ninja,TCS,BLC,3.3LPA
3034,21BLC1384,VIT - Chennai,,LTIMindtree,BLC,4LPA
3035,21BLC1384,VIT - Chennai,Ninja,TCS,BLC,3.3LPA
3036,21BLC1385,VIT - Chennai,,Infosys,BLC,3.6LPA
3037,21BLC1385,VIT - Chennai,Ninja,TCS,BLC,3.3LPA
3038,21BLC1387,VIT - Chennai,Ninja,TCS,BLC,3.3LPA
3039,21BLC1388,VIT - Chennai,Ninja,TCS,BLC,3.3LPA
3040,21BLC1390,VIT - Chennai,Ninja,TCS,BLC,3.3LPA
3041,21BLC1401,VIT - Chennai,,Infosys,BLC,3.6LPA
3042,21BLC1401,VIT - Chennai,Ninja,TCS,BLC,3.3LPA
3043,21BLC1416,VIT - Chennai,,Infosys,BLC,3.6LPA
3044,21BLC1416,VIT - Chennai,Ninja,TCS,BLC,3.3LPA
3045,21BLC1419,VIT - Chennai,Ninja,TCS,BLC,3.3LPA
3046,21BLC1423,VIT - Chennai,Ninja,TCS,BLC,3.3LPA
3047,21BLC1424,VIT - Chennai,Ninja,TCS,BLC,3.3LPA
3048,21BLC1425,VIT - Chennai,,Infosys,BLC,3.6LPA
3049,21BLC1425,VIT - Chennai,Ninja,TCS,BLC,3.3LPA
3050,21BLC1426,VIT - Chennai,,Infosys,BLC,3.6LPA
3051,21BLC1426,VIT - Chennai,Ninja,TCS,BLC,3.3LPA
3052,21BLC1434,VIT - Chennai,Ninja,TCS,BLC,3.3LPA
3053,21BLC1442,VIT - Chennai,,LTIMindtree,BLC,4LPA
3054,21BLC1442,VIT - Chennai,Ninja,TCS,BLC,3.3LPA
3055,21BLC1443,VIT - Chennai,GenC Select,Cognizant,BLC,4LPA
3056,21BLC1443,VIT - Chennai,Ninja,TCS,BLC,3.3LPA
3057,21BLC1448,VIT - Chennai,,Infosys,BLC,3.6LPA
3058,21BLC1448,VIT - Chennai,Ninja,TCS,BLC,3.3LPA
3059,21BLC1453,VIT - Chennai,GenC Select,Cognizant,BLC,4LPA
3060,21BLC1453,VIT - Chennai,Ninja,TCS,BLC,3.3LPA
3061,21BLC1457,VIT - Chennai,Ninja,TCS,BLC,3.3LPA
3062,21BLC1460,VIT - Chennai,GenC Select,Cognizant,BLC,4LPA
3063,21BLC1460,VIT - Chennai,,Infosys,BLC,3.6LPA
3064,21BLC1466,VIT - Chennai,,Infosys,BLC,3.6LPA
3065,21BLC1472,VIT - Chennai,Ninja,TCS,BLC,3.3LPA
3066,21BLC1475,VIT - Chennai,Ninja,TCS,BLC,3.3LPA
3067,21BLC1478,VIT - Chennai,GenC Select,Cognizant,BLC,4LPA
3068,21BLC1478,VIT - Chennai,,Infosys,BLC,3.6LPA
3069,21BLC1478,VIT - Chennai,Ninja,TCS,BLC,3.3LPA
3070,21BLC1486,VIT - Chennai,Ninja,TCS,BLC,3.3LPA
3071,21BLC1490,VIT - Chennai,Ninja,TCS,BLC,3.3LPA
3072,21BLC1497,VIT - Chennai,Ninja,TCS,BLC,3.3LPA
3073,21BLC1498,VIT - Chennai,Ninja,TCS,BLC,3.3LPA
3074,21BLC1501,VIT - Chennai,Ninja,TCS,BLC,3.3LPA
3075,21BLC1507,VIT - Chennai,Ninja,TCS,BLC,3.3LPA
3076,21BLC1508,VIT - Chennai,Ninja,TCS,BLC,3.3LPA
3077,21BLC1509,VIT - Chennai,Ninja,TCS,BLC,3.3LPA
3078,21BLC1511,VIT - Chennai,,Infosys,BLC,3.6LPA
3079,21BLC1512,VIT - Chennai,,Infosys,BLC,3.6LPA
3080,21BLC1512,VIT - Chennai,Ninja,TCS,BLC,3.3LPA
3081,21BLC1516,VIT - Chennai,Ninja,TCS,BLC,3.3LPA
3082,21BLC1523,VIT - Chennai,,Infosys,BLC,3.6LPA
3083,21BLC1523,VIT - Chennai,Ninja,TCS,BLC,3.3LPA
3084,21BLC1524,VIT - Chennai,Ninja,TCS,BLC,3.3LPA
3085,21BLC1529,VIT - Chennai,GenC Select,Cognizant,BLC,4LPA
3086,21BLC1529,VIT - Chennai,Ninja,TCS,BLC,3.3LPA
3087,21BLC1545,VIT - Chennai,GenC Select,Cognizant,BLC,4LPA
3088,21BLC1545,VIT - Chennai,,Infosys,BLC,3.6LPA
3089,21BLC1548,VIT - Chennai,Ninja,TCS,BLC,3.3LPA
3090,21BLC1551,VIT - Chennai,Ninja,TCS,BLC,3.3LPA
3091,21BLC1557,VIT - Chennai,GenC Select,Cognizant,BLC,4LPA
3092,21BLC1562,VIT - Chennai,Ninja,TCS,BLC,3.3LPA
3093,21BLC1574,VIT - Chennai,GenC Select,Cognizant,BLC,4LPA
3094,21BLC1574,VIT - Chennai,,LTIMindtree,BLC,4LPA
3095,21BLC1578,VIT - Chennai,GenC Select,Cognizant,BLC,4LPA
3096,21BLC1578,VIT - Chennai,,Infosys,BLC,3.6LPA
3097,21BLC1578,VIT - Chennai,Ninja,TCS,BLC,3.3LPA
3098,21BLC1589,VIT - Chennai,Ninja,TCS,BLC,3.3LPA
3099,21BLC1603,VIT - Chennai,GenC Select,Cognizant,BLC,4LPA
3100,21BLC1603,VIT - Chennai,,Infosys,BLC,3.6LPA
3101,21BLC1603,VIT - Chennai,Ninja,TCS,BLC,3.3LPA
3102,21BLC1607,VIT - Chennai,GenC Select,Cognizant,BLC,4LPA
3103,21BLC1610,VIT - Chennai,,LTIMindtree,BLC,4LPA
3104,21BLC1610,VIT - Chennai,Ninja,TCS,BLC,3.3LPA
3105,21BLC1612,VIT - Chennai,,Infosys,BLC,3.6LPA
3106,21BLC1612,VIT - Chennai,Ninja,TCS,BLC,3.3LPA
3107,21BLC1623,VIT - Chennai,,Infosys,BLC,3.6LPA
3108,21BLC1632,VIT - Chennai,GenC Select,Cognizant,BLC,4LPA
3109,21BLC1632,VIT - Chennai,,Infosys,BLC,3.6LPA
3110,21BLC1632,VIT - Chennai,Ninja,TCS,BLC,3.3LPA
3111,21BLC1640,VIT - Chennai,GenC Select,Cognizant,BLC,4LPA
3112,21BLC1645,VIT - Chennai,Ninja,TCS,BLC,3.3LPA
3113,21BLC1654,VIT - Chennai,Ninja,TCS,BLC,3.3LPA
3114,21BLC1666,VIT - Chennai,Ninja,TCS,BLC,3.3LPA
3115,21BLC1667,VIT - Chennai,Ninja,TCS,BLC,3.3LPA
3116,21BLC1668,VIT - Chennai,GenC Select,Cognizant,BLC,4LPA
3117,21BLC1668,VIT - Chennai,,LTIMindtree,BLC,4LPA
3118,21BLC1669,VIT - Chennai,GenC Select,Cognizant,BLC,4LPA
3119,21BLC1669,VIT - Chennai,,Infosys,BLC,3.6LPA
3120,21BLC1669,VIT - Chennai,Ninja,TCS,BLC,3.3LPA
3121,21BLC1670,VIT - Chennai,,Infosys,BLC,3.6LPA
3122,21BLC1670,VIT - Chennai,Ninja,TCS,BLC,3.3LPA
3123,21BLC1671,VIT - Chennai,,Infosys,BLC,3.6LPA
3124,21BLC1671,VIT - Chennai,Ninja,TCS,BLC,3.3LPA
3125,21BME1116,VIT - Chennai,Ninja,TCS,BME,3.3LPA
3126,21BME1141,VIT - Chennai,Ninja,TCS,BME,3.3LPA
3127,21BME1146,VIT - Chennai,Ninja,TCS,BME,3.3LPA
3128,21BME1235,VIT - Chennai,Ninja,TCS,BME,3.3LPA
3129,21BME1255,VIT - Chennai,Ninja,TCS,BME,3.3LPA
3130,21BME1262,VIT - Chennai,Ninja,TCS,BME,3.3LPA
3131,21BME1279,VIT - Chennai,Ninja,TCS,BME,3.3LPA
3132,21BMH1002,VIT - Chennai,Ninja,TCS,BMH,3.3LPA
3133,21BMH1003,VIT - Chennai,Ninja,TCS,BMH,3.3LPA
3134,21BMH1009,VIT - Chennai,Ninja,TCS,BMH,3.3LPA
3135,21BMH1015,VIT - Chennai,Ninja,TCS,BMH,3.3LPA
3136,21BMH1084,VIT - Chennai,Ninja,TCS,BMH,3.3LPA
3137,21BMH1092,VIT - Chennai,Ninja,TCS,BMH,3.3LPA
3138,21BMH1133,VIT - Chennai,Ninja,TCS,BMH,3.3LPA
3139,21BMH1139,VIT - Chennai,Ninja,TCS,BMH,3.3LPA
3140,21BMH1156,VIT - Chennai,Ninja,TCS,BMH,3.3LPA
3141,21BMH1157,VIT - Chennai,Ninja,TCS,BMH,3.3LPA
3142,21BMH1171,VIT - Chennai,Ninja,TCS,BMH,3.3LPA
3143,21BMH1185,VIT - Chennai,Ninja,TCS,BMH,3.3LPA
3144,21BMV1015,VIT - Chennai,Ninja,TCS,BMV,3.3LPA
3145,21BMV1026,VIT - Chennai,Ninja,TCS,BMV,3.3LPA
3146,21BMV1052,VIT - Chennai,,Infosys,BMV,3.6LPA
3147,21BMV1052,VIT - Chennai,Ninja,TCS,BMV,3.3LPA
3148,21BMV1068,VIT - Chennai,Ninja,TCS,BMV,3.3LPA
3149,21BMV1082,VIT - Chennai,Ninja,TCS,BMV,3.3LPA
3150,21BMV1107,VIT - Chennai,Ninja,TCS,BMV,3.3LPA
3151,21BPS1004,VIT - Chennai,GenC Select,Cognizant,BPS,4LPA
3152,21BPS1004,VIT - Chennai,Ninja,TCS,BPS,3.3LPA
3153,21BPS1008,VIT - Chennai,,LTIMindtree,BPS,4LPA
3154,21BPS1008,VIT - Chennai,Ninja,TCS,BPS,3.3LPA
3155,21BPS1014,VIT - Chennai,Ninja,TCS,BPS,3.3LPA
3156,21BPS1019,VIT - Chennai,,LTIMindtree,BPS,4LPA
3157,21BPS1019,VIT - Chennai,,Infosys,BPS,3.6LPA
3158,21BPS1019,VIT - Chennai,Ninja,TCS,BPS,3.3LPA
3159,21BPS1025,VIT - Chennai,,LTIMindtree,BPS,4LPA
3160,21BPS1025,VIT - Chennai,,Infosys,BPS,3.6LPA
3161,21BPS1025,VIT - Chennai,Ninja,TCS,BPS,3.3LPA
3162,21BPS1030,VIT - Chennai,GenC Select,Cognizant,BPS,4LPA
3163,21BPS1037,VIT - Chennai,GenC Select,Cognizant,BPS,4LPA
3164,21BPS1041,VIT - Chennai,,LTIMindtree,BPS,4LPA
3165,21BPS1042,VIT - Chennai,Ninja,TCS,BPS,3.3LPA
3166,21BPS1046,VIT - Chennai,,Infosys,BPS,3.6LPA
3167,21BPS1047,VIT - Chennai,,LTIMindtree,BPS,4LPA
3168,21BPS1048,VIT - Chennai,Ninja,TCS,BPS,3.3LPA
3169,21BPS1050,VIT - Chennai,Ninja,TCS,BPS,3.3LPA
3170,21BPS1061,VIT - Chennai,GenC Select,Cognizant,BPS,4LPA
3171,21BPS1061,VIT - Chennai,Ninja,TCS,BPS,3.3LPA
3172,21BPS1062,VIT - Chennai,,LTIMindtree,BPS,4LPA
3173,21BPS1062,VIT - Chennai,Ninja,TCS,BPS,3.3LPA
3174,21BPS1071,VIT - Chennai,Ninja,TCS,BPS,3.3LPA
3175,21BPS1073,VIT - Chennai,Ninja,TCS,BPS,3.3LPA
3176,21BPS1076,VIT - Chennai,,Infosys,BPS,3.6LPA
3177,21BPS1076,VIT - Chennai,Ninja,TCS,BPS,3.3LPA
3178,21BPS1076,VIT - Chennai,GenC Select,Cognizant,BPS,4LPA
3179,21BPS1084,VIT - Chennai,Ninja,TCS,BPS,3.3LPA
3180,21BPS1093,VIT - Chennai,Ninja,TCS,BPS,3.3LPA
3181,21BPS1096,VIT - Chennai,Ninja,TCS,BPS,3.3LPA
3182,21BPS1100,VIT - Chennai,,Infosys,BPS,3.6LPA
3183,21BPS1100,VIT - Chennai,Ninja,TCS,BPS,3.3LPA
3184,21BPS1101,VIT - Chennai,Ninja,TCS,BPS,3.3LPA
3185,21BPS1102,VIT - Chennai,Ninja,TCS,BPS,3.3LPA
3186,21BPS1106,VIT - Chennai,Ninja,TCS,BPS,3.3LPA
3187,21BPS1108,VIT - Chennai,Ninja,TCS,BPS,3.3LPA
3188,21BPS1118,VIT - Chennai,Ninja,TCS,BPS,3.3LPA
3189,21BPS1118,VIT - Chennai,GenC Select,Cognizant,BPS,4LPA
3190,21BPS1119,VIT - Chennai,Ninja,TCS,BPS,3.3LPA
3191,21BPS1121,VIT - Chennai,GenC Next Select,Cognizant,BPS,5.4LPA
3192,21BPS1122,VIT - Chennai,Ninja,TCS,BPS,3.3LPA
3193,21BPS1123,VIT - Chennai,GenC Select,Cognizant,BPS,4LPA
3194,21BPS1123,VIT - Chennai,,Infosys,BPS,3.6LPA
3195,21BPS1123,VIT - Chennai,Ninja,TCS,BPS,3.3LPA
3196,21BPS1129,VIT - Chennai,Ninja,TCS,BPS,3.3LPA
3197,21BPS1132,VIT - Chennai,,LTIMindtree,BPS,4LPA
3198,21BPS1134,VIT - Chennai,Ninja,TCS,BPS,3.3LPA
3199,21BPS1135,VIT - Chennai,Ninja,TCS,BPS,3.3LPA
3200,21BPS1137,VIT - Chennai,,Infosys,BPS,3.6LPA
3201,21BPS1137,VIT - Chennai,Ninja,TCS,BPS,3.3LPA
3202,21BPS1138,VIT - Chennai,GenC Select,Cognizant,BPS,4LPA
3203,21BPS1138,VIT - Chennai,Ninja,TCS,BPS,3.3LPA
3204,21BPS1140,VIT - Chennai,Ninja,TCS,BPS,3.3LPA
3205,21BPS1145,VIT - Chennai,,Infosys,BPS,3.6LPA
3206,21BPS1145,VIT - Chennai,Ninja,TCS,BPS,3.3LPA
3207,21BPS1148,VIT - Chennai,GenC Select,Cognizant,BPS,4LPA
3208,21BPS1148,VIT - Chennai,,LTIMindtree,BPS,4LPA
3209,21BPS1152,VIT - Chennai,Ninja,TCS,BPS,3.3LPA
3210,21BPS1155,VIT - Chennai,GenC Select,Cognizant,BPS,4LPA
3211,21BPS1165,VIT - Chennai,GenC Select,Cognizant,BPS,4LPA
3212,21BPS1168,VIT - Chennai,GenC Select,Cognizant,BPS,4LPA
3213,21BPS1176,VIT - Chennai,Ninja,TCS,BPS,3.3LPA
3214,21BPS1180,VIT - Chennai,,Infosys,BPS,3.6LPA
3215,21BPS1181,VIT - Chennai,GenC Select,Cognizant,BPS,4LPA
3216,21BPS1181,VIT - Chennai,,Infosys,BPS,3.6LPA
3217,21BPS1181,VIT - Chennai,Ninja,TCS,BPS,3.3LPA
3218,21BPS1193,VIT - Chennai,Ninja,TCS,BPS,3.3LPA
3219,21BPS1194,VIT - Chennai,,Infosys,BPS,3.6LPA
3220,21BPS1194,VIT - Chennai,Ninja,TCS,BPS,3.3LPA
3221,21BPS1195,VIT - Chennai,,Infosys,BPS,3.6LPA
3222,21BPS1202,VIT - Chennai,,LTIMindtree,BPS,4LPA
3223,21BPS1202,VIT - Chennai,Ninja,TCS,BPS,3.3LPA
3224,21BPS1212,VIT - Chennai,Ninja,TCS,BPS,3.3LPA
3225,21BPS1213,VIT - Chennai,GenC Next Select,Cognizant,BPS,5.4LPA
3226,21BPS1214,VIT - Chennai,,Infosys,BPS,3.6LPA
3227,21BPS1214,VIT - Chennai,Ninja,TCS,BPS,3.3LPA
3228,21BPS1219,VIT - Chennai,GenC Select,Cognizant,BPS,4LPA
3229,21BPS1219,VIT - Chennai,Ninja,TCS,BPS,3.3LPA
3230,21BPS1222,VIT - Chennai,,LTIMindtree,BPS,4LPA
3231,21BPS1222,VIT - Chennai,,Infosys,BPS,3.6LPA
3232,21BPS1222,VIT - Chennai,GenC Select,Cognizant,BPS,4LPA
3233,21BPS1225,VIT - Chennai,,Infosys,BPS,3.6LPA
3234,21BPS1235,VIT - Chennai,Ninja,TCS,BPS,3.3LPA
3235,21BPS1238,VIT - Chennai,GenC Select,Cognizant,BPS,4LPA
3236,21BPS1238,VIT - Chennai,,Infosys,BPS,3.6LPA
3237,21BPS1238,VIT - Chennai,Ninja,TCS,BPS,3.3LPA
3238,21BPS1247,VIT - Chennai,Ninja,TCS,BPS,3.3LPA
3239,21BPS1249,VIT - Chennai,GenC Select,Cognizant,BPS,4LPA
3240,21BPS1249,VIT - Chennai,Ninja,TCS,BPS,3.3LPA
3241,21BPS1252,VIT - Chennai,,Infosys,BPS,3.6LPA
3242,21BPS1258,VIT - Chennai,,Infosys,BPS,3.6LPA
3243,21BPS1260,VIT - Chennai,,Infosys,BPS,3.6LPA
3244,21BPS1264,VIT - Chennai,,Infosys,BPS,3.6LPA
3245,21BPS1269,VIT - Chennai,Ninja,TCS,BPS,3.3LPA
3246,21BPS1271,VIT - Chennai,GenC Select,Cognizant,BPS,4LPA
3247,21BPS1274,VIT - Chennai,Ninja,TCS,BPS,3.3LPA
3248,21BPS1282,VIT - Chennai,Ninja,TCS,BPS,3.3LPA
3249,21BPS1286,VIT - Chennai,GenC Select,Cognizant,BPS,4LPA
3250,21BPS1294,VIT - Chennai,GenC Select,Cognizant,BPS,4LPA
3251,21BPS1297,VIT - Chennai,,Infosys,BPS,3.6LPA
3252,21BPS1297,VIT - Chennai,Ninja,TCS,BPS,3.3LPA
3253,21BPS1302,VIT - Chennai,GenC Select,Cognizant,BPS,4LPA
3254,21BPS1304,VIT - Chennai,Ninja,TCS,BPS,3.3LPA
3255,21BPS1309,VIT - Chennai,,LTIMindtree,BPS,4LPA
3256,21BPS1309,VIT - Chennai,Ninja,TCS,BPS,3.3LPA
3257,21BPS1309,VIT - Chennai,GenC Select,Cognizant,BPS,4LPA
3258,21BPS1312,VIT - Chennai,Ninja,TCS,BPS,3.3LPA
3259,21BPS1314,VIT - Chennai,,Infosys,BPS,3.6LPA
3260,21BPS1314,VIT - Chennai,Ninja,TCS,BPS,3.3LPA
3261,21BPS1317,VIT - Chennai,Ninja,TCS,BPS,3.3LPA
3262,21BPS1323,VIT - Chennai,,Infosys,BPS,3.6LPA
3263,21BPS1323,VIT - Chennai,Ninja,TCS,BPS,3.3LPA
3264,21BPS1325,VIT - Chennai,Ninja,TCS,BPS,3.3LPA
3265,21BPS1335,VIT - Chennai,,Infosys,BPS,3.6LPA
3266,21BPS1338,VIT - Chennai,Ninja,TCS,BPS,3.3LPA
3267,21BPS1339,VIT - Chennai,,Infosys,BPS,3.6LPA
3268,21BPS1343,VIT - Chennai,Ninja,TCS,BPS,3.3LPA
3269,21BPS1354,VIT - Chennai,Ninja,TCS,BPS,3.3LPA
3270,21BPS1355,VIT - Chennai,GenC Select,Cognizant,BPS,4LPA
3271,21BPS1357,VIT - Chennai,,Infosys,BPS,3.6LPA
3272,21BPS1357,VIT - Chennai,Ninja,TCS,BPS,3.3LPA
3273,21BPS1359,VIT - Chennai,Ninja,TCS,BPS,3.3LPA
3274,21BPS1362,VIT - Chennai,Ninja,TCS,BPS,3.3LPA
3275,21BPS1364,VIT - Chennai,Ninja,TCS,BPS,3.3LPA
3276,21BPS1365,VIT - Chennai,Ninja,TCS,BPS,3.3LPA
3277,21BPS1376,VIT - Chennai,Ninja,TCS,BPS,3.3LPA
3278,21BPS1379,VIT - Chennai,GenC Next Select,Cognizant,BPS,5.4LPA
3279,21BPS1383,VIT - Chennai,Ninja,TCS,BPS,3.3LPA
3280,21BPS1387,VIT - Chennai,Ninja,TCS,BPS,3.3LPA
3281,21BPS1390,VIT - Chennai,,Infosys,BPS,3.6LPA
3282,21BPS1392,VIT - Chennai,,Infosys,BPS,3.6LPA
3283,21BPS1392,VIT - Chennai,Ninja,TCS,BPS,3.3LPA
3284,21BPS1396,VIT - Chennai,Ninja,TCS,BPS,3.3LPA
3285,21BPS1397,VIT - Chennai,Ninja,TCS,BPS,3.3LPA
3286,21BPS1399,VIT - Chennai,Ninja,TCS,BPS,3.3LPA
3287,21BPS1403,VIT - Chennai,Ninja,TCS,BPS,3.3LPA
3288,21BPS1404,VIT - Chennai,,Infosys,BPS,3.6LPA
3289,21BPS1404,VIT - Chennai,Ninja,TCS,BPS,3.3LPA
3290,21BPS1423,VIT - Chennai,Ninja,TCS,BPS,3.3LPA
3291,21BPS1426,VIT - Chennai,Ninja,TCS,BPS,3.3LPA
3292,21BPS1431,VIT - Chennai,Ninja,TCS,BPS,3.3LPA
3293,21BPS1432,VIT - Chennai,Ninja,TCS,BPS,3.3LPA
3294,21BPS1434,VIT - Chennai,Ninja,TCS,BPS,3.3LPA
3295,21BPS1435,VIT - Chennai,Ninja,TCS,BPS,3.3LPA
3296,21BPS1439,VIT - Chennai,GenC Next Select,Cognizant,BPS,5.4LPA
3297,21BPS1441,VIT - Chennai,Ninja,TCS,BPS,3.3LPA
3298,21BPS1442,VIT - Chennai,,LTIMindtree,BPS,4LPA
3299,21BPS1442,VIT - Chennai,Ninja,TCS,BPS,3.3LPA
3300,21BPS1444,VIT - Chennai,,Infosys,BPS,3.6LPA
3301,21BPS1446,VIT - Chennai,GenC Select,Cognizant,BPS,4LPA
3302,21BPS1455,VIT - Chennai,GenC Select,Cognizant,BPS,4LPA
3303,21BPS1463,VIT - Chennai,GenC Select,Cognizant,BPS,4LPA
3304,21BPS1464,VIT - Chennai,,LTIMindtree,BPS,4LPA
3305,21BPS1465,VIT - Chennai,Ninja,TCS,BPS,3.3LPA
3306,21BPS1473,VIT - Chennai,Ninja,TCS,BPS,3.3LPA
3307,21BPS1476,VIT - Chennai,GenC Select,Cognizant,BPS,4LPA
3308,21BPS1476,VIT - Chennai,Ninja,TCS,BPS,3.3LPA
3309,21BPS1478,VIT - Chennai,,Infosys,BPS,3.6LPA
3310,21BPS1483,VIT - Chennai,GenC Select,Cognizant,BPS,4LPA
3311,21bps1490,VIT - Chennai,Ninja,TCS,BPS,3.3LPA
3312,21BPS1491,VIT - Chennai,GenC Next Select,Cognizant,BPS,5.4LPA
3313,21BPS1495,VIT - Chennai,Ninja,TCS,BPS,3.3LPA
3314,21BPS1498,VIT - Chennai,,Infosys,BPS,3.6LPA
3315,21BPS1498,VIT - Chennai,Ninja,TCS,BPS,3.3LPA
3316,21BPS1498,VIT - Chennai,GenC Select,Cognizant,BPS,4LPA
3317,21BPS1516,VIT - Chennai,Ninja,TCS,BPS,3.3LPA
3318,21BPS1519,VIT - Chennai,Ninja,TCS,BPS,3.3LPA
3319,21BPS1530,VIT - Chennai,,Infosys,BPS,3.6LPA
3320,21BPS1530,VIT - Chennai,Ninja,TCS,BPS,3.3LPA
3321,21BPS1531,VIT - Chennai,GenC Select,Cognizant,BPS,4LPA
3322,21BPS1532,VIT - Chennai,Ninja,TCS,BPS,3.3LPA
3323,21BPS1538,VIT - Chennai,Ninja,TCS,BPS,3.3LPA
3324,21BPS1542,VIT - Chennai,Ninja,TCS,BPS,3.3LPA
3325,21BPS1545,VIT - Chennai,GenC Select,Cognizant,BPS,4LPA
3326,21BPS1545,VIT - Chennai,,Infosys,BPS,3.6LPA
3327,21BPS1561,VIT - Chennai,GenC Select,Cognizant,BPS,4LPA
3328,21BPS1561,VIT - Chennai,Ninja,TCS,BPS,3.3LPA
3329,21BPS1564,VIT - Chennai,Ninja,TCS,BPS,3.3LPA
3330,21BPS1565,VIT - Chennai,,Infosys,BPS,3.6LPA
3331,21BPS1568,VIT - Chennai,GenC Select,Cognizant,BPS,4LPA
3332,21BPS1568,VIT - Chennai,,Infosys,BPS,3.6LPA
3333,21BPS1578,VIT - Chennai,Ninja,TCS,BPS,3.3LPA
3334,21BPS1595,VIT - Chennai,Ninja,TCS,BPS,3.3LPA
3335,21BPS1597,VIT - Chennai,,Infosys,BPS,3.6LPA
3336,21BPS1599,VIT - Chennai,Ninja,TCS,BPS,3.3LPA
3337,21BPS1607,VIT - Chennai,,Infosys,BPS,3.6LPA
3338,21BPS1612,VIT - Chennai,GenC Select,Cognizant,BPS,4LPA
3339,21BPS1612,VIT - Chennai,,Infosys,BPS,3.6LPA
3340,21BPS1612,VIT - Chennai,Ninja,TCS,BPS,3.3LPA
3341,21BPS1617,VIT - Chennai,Ninja,TCS,BPS,3.3LPA
3342,21BPS1626,VIT - Chennai,Ninja,TCS,BPS,3.3LPA
3343,21BPS1629,VIT - Chennai,,Infosys,BPS,3.6LPA
3344,21BPS1629,VIT - Chennai,Ninja,TCS,BPS,3.3LPA
3345,21BRS1001,VIT - Chennai,GenC Select,Cognizant,BRS,4LPA
3346,21BRS1002,VIT - Chennai,Ninja,TCS,BRS,3.3LPA
3347,21BRS1010,VIT - Chennai,Ninja,TCS,BRS,3.3LPA
3348,21BRS1012,VIT - Chennai,Ninja,TCS,BRS,3.3LPA
3349,21BRS1016,VIT - Chennai,Ninja,TCS,BRS,3.3LPA
3350,21BRS1024,VIT - Chennai,Ninja,TCS,BRS,3.3LPA
3351,21BRS1031,VIT - Chennai,Ninja,TCS,BRS,3.3LPA
3352,21BRS1037,VIT - Chennai,Ninja,TCS,BRS,3.3LPA
3353,21BRS1050,VIT - Chennai,Ninja,TCS,BRS,3.3LPA
3354,21BRS1050,VIT - Chennai,GenC Select,Cognizant,BRS,4LPA
3355,21BRS1051,VIT - Chennai,,Infosys,BRS,3.6LPA
3356,21BRS1051,VIT - Chennai,Ninja,TCS,BRS,3.3LPA
3357,21BRS1051,VIT - Chennai,GenC Select,Cognizant,BRS,4LPA
3358,21BRS1058,VIT - Chennai,Ninja,TCS,BRS,3.3LPA
3359,21BRS1063,VIT - Chennai,Ninja,TCS,BRS,3.3LPA
3360,21BRS1068,VIT - Chennai,GenC Select,Cognizant,BRS,4LPA
3361,21BRS1068,VIT - Chennai,,LTIMindtree,BRS,4LPA
3362,21BRS1068,VIT - Chennai,Ninja,TCS,BRS,3.3LPA
3363,21BRS1070,VIT - Chennai,Ninja,TCS,BRS,3.3LPA
3364,21BRS1072,VIT - Chennai,GenC Select,Cognizant,BRS,4LPA
3365,21BRS1072,VIT - Chennai,Ninja,TCS,BRS,3.3LPA
3366,21BRS1079,VIT - Chennai,Ninja,TCS,BRS,3.3LPA
3367,21BRS1082,VIT - Chennai,GenC Select,Cognizant,BRS,4LPA
3368,21BRS1084,VIT - Chennai,GenC Select,Cognizant,BRS,4LPA
3369,21BRS1084,VIT - Chennai,Ninja,TCS,BRS,3.3LPA
3370,21BRS1093,VIT - Chennai,GenC Select,Cognizant,BRS,4LPA
3371,21BRS1111,VIT - Chennai,GenC Select,Cognizant,BRS,4LPA
3372,21BRS1111,VIT - Chennai,Ninja,TCS,BRS,3.3LPA
3373,21BRS1114,VIT - Chennai,,Infosys,BRS,3.6LPA
3374,21BRS1114,VIT - Chennai,Ninja,TCS,BRS,3.3LPA
3375,21BRS1136,VIT - Chennai,,LTIMindtree,BRS,4LPA
3376,21BRS1136,VIT - Chennai,GenC Select,Cognizant,BRS,4LPA
3377,21BRS1146,VIT - Chennai,GenC Select,Cognizant,BRS,4LPA
3378,21BRS1146,VIT - Chennai,Ninja,TCS,BRS,3.3LPA
3379,21BRS1149,VIT - Chennai,Ninja,TCS,BRS,3.3LPA
3380,21BRS1155,VIT - Chennai,Ninja,TCS,BRS,3.3LPA
3381,21BRS1159,VIT - Chennai,Ninja,TCS,BRS,3.3LPA
3382,21BRS1160,VIT - Chennai,Ninja,TCS,BRS,3.3LPA
3383,21BRS1166,VIT - Chennai,,Infosys,BRS,3.6LPA
3384,21BRS1166,VIT - Chennai,GenC Select,Cognizant,BRS,4LPA
3385,21BRS1169,VIT - Chennai,,Infosys,BRS,3.6LPA
3386,21BRS1169,VIT - Chennai,Ninja,TCS,BRS,3.3LPA
3387,21BRS1178,VIT - Chennai,GenC Select,Cognizant,BRS,4LPA
3388,21BRS1178,VIT - Chennai,Ninja,TCS,BRS,3.3LPA
3389,21BRS1190,VIT - Chennai,,Infosys,BRS,3.6LPA
3390,21BRS1190,VIT - Chennai,Ninja,TCS,BRS,3.3LPA
3391,21BRS1197,VIT - Chennai,Ninja,TCS,BRS,3.3LPA
3392,21BRS1201,VIT - Chennai,GenC Select,Cognizant,BRS,4LPA
3393,21BRS1201,VIT - Chennai,Ninja,TCS,BRS,3.3LPA
3394,21BRS1203,VIT - Chennai,GenC Select,Cognizant,BRS,4LPA
3395,21BRS1203,VIT - Chennai,,Infosys,BRS,3.6LPA
3396,21BRS1205,VIT - Chennai,,Infosys,BRS,3.6LPA
3397,21BRS1205,VIT - Chennai,Ninja,TCS,BRS,3.3LPA
3398,21BRS1207,VIT - Chennai,GenC Select,Cognizant,BRS,4LPA
3399,21brs1207,VIT - Chennai,Ninja,TCS,BRS,3.3LPA
3400,21BRS1212,VIT - Chennai,Ninja,TCS,BRS,3.3LPA
3401,21BRS1214,VIT - Chennai,Ninja,TCS,BRS,3.3LPA
3402,21BRS1216,VIT - Chennai,,Infosys,BRS,3.6LPA
3403,21BRS1216,VIT - Chennai,Ninja,TCS,BRS,3.3LPA
3404,21BRS1218,VIT - Chennai,,Infosys,BRS,3.6LPA
3405,21BRS1218,VIT - Chennai,Ninja,TCS,BRS,3.3LPA
3406,21BRS1224,VIT - Chennai,Ninja,TCS,BRS,3.3LPA
3407,21BRS1232,VIT - Chennai,Ninja,TCS,BRS,3.3LPA
3408,21BRS1233,VIT - Chennai,Ninja,TCS,BRS,3.3LPA
3409,21BRS1235,VIT - Chennai,Ninja,TCS,BRS,3.3LPA
3410,21BRS1239,VIT - Chennai,Ninja,TCS,BRS,3.3LPA
3411,21BRS1244,VIT - Chennai,,Infosys,BRS,3.6LPA
3412,21BRS1244,VIT - Chennai,Ninja,TCS,BRS,3.3LPA
3413,21BRS1245,VIT - Chennai,GenC Select,Cognizant,BRS,4LPA
3414,21BRS1245,VIT - Chennai,Ninja,TCS,BRS,3.3LPA
3415,21BRS1248,VIT - Chennai,Ninja,TCS,BRS,3.3LPA
3416,21BRS1249,VIT - Chennai,Ninja,TCS,BRS,3.3LPA
3417,21BRS1251,VIT - Chennai,,LTIMindtree,BRS,4LPA
3418,21BRS1251,VIT - Chennai,Ninja,TCS,BRS,3.3LPA
3419,21BRS1253,VIT - Chennai,,Infosys,BRS,3.6LPA
3420,21BRS1253,VIT - Chennai,Ninja,TCS,BRS,3.3LPA
3421,21BRS1254,VIT - Chennai,Ninja,TCS,BRS,3.3LPA
3422,21BRS1255,VIT - Chennai,,Infosys,BRS,3.6LPA
3423,21BRS1267,VIT - Chennai,Ninja,TCS,BRS,3.3LPA
3424,21BRS1271,VIT - Chennai,Ninja,TCS,BRS,3.3LPA
3425,21BRS1272,VIT - Chennai,GenC Select,Cognizant,BRS,4LPA
3426,21BRS1280,VIT - Chennai,,LTIMindtree,BRS,4LPA
3427,21BRS1283,VIT - Chennai,,Infosys,BRS,3.6LPA
3428,21BRS1283,VIT - Chennai,Ninja,TCS,BRS,3.3LPA
3429,21BRS1288,VIT - Chennai,,Infosys,BRS,3.6LPA
3430,21BRS1288,VIT - Chennai,Ninja,TCS,BRS,3.3LPA
3431,21BRS1293,VIT - Chennai,Ninja,TCS,BRS,3.3LPA
3432,21BRS1294,VIT - Chennai,,Infosys,BRS,3.6LPA
3433,21BRS1294,VIT - Chennai,Ninja,TCS,BRS,3.3LPA
3434,21BRS1295,VIT - Chennai,,Infosys,BRS,3.6LPA
3435,21BRS1295,VIT - Chennai,Ninja,TCS,BRS,3.3LPA
3436,21BRS1298,VIT - Chennai,,Infosys,BRS,3.6LPA
3437,21BRS1301,VIT - Chennai,Ninja,TCS,BRS,3.3LPA
3438,21BRS1304,VIT - Chennai,GenC Select,Cognizant,BRS,4LPA
3439,21BRS1305,VIT - Chennai,Ninja,TCS,BRS,3.3LPA
3440,21BRS1312,VIT - Chennai,Ninja,TCS,BRS,3.3LPA
3441,21BRS1315,VIT - Chennai,Ninja,TCS,BRS,3.3LPA
3442,21BRS1317,VIT - Chennai,,LTIMindtree,BRS,4LPA
3443,21BRS1317,VIT - Chennai,,Infosys,BRS,3.6LPA
3444,21BRS1317,VIT - Chennai,Ninja,TCS,BRS,3.3LPA
3445,21BRS1318,VIT - Chennai,,Infosys,BRS,3.6LPA
3446,21BRS1318,VIT - Chennai,Ninja,TCS,BRS,3.3LPA
3447,21BRS1326,VIT - Chennai,,Infosys,BRS,3.6LPA
3448,21BRS1332,VIT - Chennai,,LTIMindtree,BRS,4LPA
3449,21BRS1332,VIT - Chennai,,Infosys,BRS,3.6LPA
3450,21BRS1332,VIT - Chennai,Ninja,TCS,BRS,3.3LPA
3451,21BRS1332,VIT - Chennai,GenC Select,Cognizant,BRS,4LPA
3452,21BRS1334,VIT - Chennai,,LTIMindtree,BRS,4LPA
3453,21BRS1334,VIT - Chennai,,Infosys,BRS,3.6LPA
3454,21BRS1334,VIT - Chennai,Ninja,TCS,BRS,3.3LPA
3455,21BRS1338,VIT - Chennai,GenC Select,Cognizant,BRS,4LPA
3456,21BRS1339,VIT - Chennai,GenC Select,Cognizant,BRS,4LPA
3457,21BRS1339,VIT - Chennai,Ninja,TCS,BRS,3.3LPA
3458,21BRS1341,VIT - Chennai,Ninja,TCS,BRS,3.3LPA
3459,21BRS1350,VIT - Chennai,Ninja,TCS,BRS,3.3LPA
3460,21BRS1351,VIT - Chennai,Ninja,TCS,BRS,3.3LPA
3461,21BRS1354,VIT - Chennai,Ninja,TCS,BRS,3.3LPA
3462,21BRS1365,VIT - Chennai,Ninja,TCS,BRS,3.3LPA
3463,21BRS1369,VIT - Chennai,GenC Select,Cognizant,BRS,4LPA
3464,21BRS1373,VIT - Chennai,Ninja,TCS,BRS,3.3LPA
3465,21BRS1378,VIT - Chennai,GenC Select,Cognizant,BRS,4LPA
3466,21BRS1378,VIT - Chennai,Ninja,TCS,BRS,3.3LPA
3467,21BRS1379,VIT - Chennai,,LTIMindtree,BRS,4LPA
3468,21BRS1381,VIT - Chennai,Ninja,TCS,BRS,3.3LPA
3469,21BRS1382,VIT - Chennai,Ninja,TCS,BRS,3.3LPA
3470,21BRS1383,VIT - Chennai,,Infosys,BRS,3.6LPA
3471,21BRS1391,VIT - Chennai,GenC Select,Cognizant,BRS,4LPA
3472,21BRS1391,VIT - Chennai,,LTIMindtree,BRS,4LPA
3473,21BRS1394,VIT - Chennai,GenC Select,Cognizant,BRS,4LPA
3474,21BRS1396,VIT - Chennai,Ninja,TCS,BRS,3.3LPA
3475,21BRS1399,VIT - Chennai,GenC Select,Cognizant,BRS,4LPA
3476,21BRS1399,VIT - Chennai,,Infosys,BRS,3.6LPA
3477,21BRS1399,VIT - Chennai,Ninja,TCS,BRS,3.3LPA
3478,21BRS1408,VIT - Chennai,GenC Select,Cognizant,BRS,4LPA
3479,21BRS1408,VIT - Chennai,Ninja,TCS,BRS,3.3LPA
3480,21BRS1412,VIT - Chennai,Ninja,TCS,BRS,3.3LPA
3481,21BRS1419,VIT - Chennai,,Infosys,BRS,3.6LPA
3482,21BRS1419,VIT - Chennai,Ninja,TCS,BRS,3.3LPA
3483,21BRS1420,VIT - Chennai,GenC Select,Cognizant,BRS,4LPA
3484,21BRS1424,VIT - Chennai,Ninja,TCS,BRS,3.3LPA
3485,21BRS1425,VIT - Chennai,GenC Select,Cognizant,BRS,4LPA
3486,21BRS1427,VIT - Chennai,,Infosys,BRS,3.6LPA
3487,21BRS1427,VIT - Chennai,Ninja,TCS,BRS,3.3LPA
3488,21BRS1428,VIT - Chennai,Ninja,TCS,BRS,3.3LPA
3489,21BRS1430,VIT - Chennai,Ninja,TCS,BRS,3.3LPA
3490,21BRS1435,VIT - Chennai,GenC Select,Cognizant,BRS,4LPA
3491,21BRS1435,VIT - Chennai,Ninja,TCS,BRS,3.3LPA
3492,21BRS1441,VIT - Chennai,GenC Select,Cognizant,BRS,4LPA
3493,21BRS1444,VIT - Chennai,,Infosys,BRS,3.6LPA
3494,21BRS1444,VIT - Chennai,Ninja,TCS,BRS,3.3LPA
3495,21BRS1452,VIT - Chennai,,Infosys,BRS,3.6LPA
3496,21BRS1452,VIT - Chennai,Ninja,TCS,BRS,3.3LPA
3497,21BRS1454,VIT - Chennai,Ninja,TCS,BRS,3.3LPA
3498,21BRS1456,VIT - Chennai,,LTIMindtree,BRS,4LPA
3499,21BRS1456,VIT - Chennai,Ninja,TCS,BRS,3.3LPA
3500,21BRS1462,VIT - Chennai,Ninja,TCS,BRS,3.3LPA
3501,21BRS1463,VIT - Chennai,Ninja,TCS,BRS,3.3LPA
3502,21BRS1464,VIT - Chennai,Ninja,TCS,BRS,3.3LPA
3503,21BRS1472,VIT - Chennai,Ninja,TCS,BRS,3.3LPA
3504,21BRS1474,VIT - Chennai,GenC Select,Cognizant,BRS,4LPA
3505,21BRS1474,VIT - Chennai,,Infosys,BRS,3.6LPA
3506,21BRS1474,VIT - Chennai,Ninja,TCS,BRS,3.3LPA
3507,21BRS1480,VIT - Chennai,Ninja,TCS,BRS,3.3LPA
3508,21BRS1482,VIT - Chennai,,LTIMindtree,BRS,4LPA
3509,21BRS1487,VIT - Chennai,Ninja,TCS,BRS,3.3LPA
3510,21BRS1488,VIT - Chennai,GenC Select,Cognizant,BRS,4LPA
3511,21BRS1488,VIT - Chennai,Ninja,TCS,BRS,3.3LPA
3512,21BRS1503,VIT - Chennai,Ninja,TCS,BRS,3.3LPA
3513,21BRS1512,VIT - Chennai,,Infosys,BRS,3.6LPA
3514,21BRS1512,VIT - Chennai,Ninja,TCS,BRS,3.3LPA
3515,21BRS1519,VIT - Chennai,,Infosys,BRS,3.6LPA
3516,21BRS1523,VIT - Chennai,GenC Select,Cognizant,BRS,4LPA
3517,21BRS1523,VIT - Chennai,,Infosys,BRS,3.6LPA
3518,21BRS1523,VIT - Chennai,Ninja,TCS,BRS,3.3LPA
3519,21BRS1527,VIT - Chennai,GenC Select,Cognizant,BRS,4LPA
3520,21BRS1527,VIT - Chennai,,Infosys,BRS,3.6LPA
3521,21BRS1527,VIT - Chennai,Ninja,TCS,BRS,3.3LPA
3522,21BRS1528,VIT - Chennai,,Infosys,BRS,3.6LPA
3523,21BRS1528,VIT - Chennai,Ninja,TCS,BRS,3.3LPA
3524,21BRS1537,VIT - Chennai,Ninja,TCS,BRS,3.3LPA
3525,21BRS1544,VIT - Chennai,GenC Select,Cognizant,BRS,4LPA
3526,21BRS1544,VIT - Chennai,,Infosys,BRS,3.6LPA
3527,21BRS1544,VIT - Chennai,Ninja,TCS,BRS,3.3LPA
3528,21BRS1549,VIT - Chennai,Ninja,TCS,BRS,3.3LPA
3529,21BRS1562,VIT - Chennai,,Infosys,BRS,3.6LPA
3530,21BRS1565,VIT - Chennai,Ninja,TCS,BRS,3.3LPA
3531,21BRS1571,VIT - Chennai,,Infosys,BRS,3.6LPA
3532,21BRS1571,VIT - Chennai,Ninja,TCS,BRS,3.3LPA
3533,21BRS1591,VIT - Chennai,Ninja,TCS,BRS,3.3LPA
3534,21BRS1592,VIT - Chennai,,LTIMindtree,BRS,4LPA
3535,21BRS1592,VIT - Chennai,Ninja,TCS,BRS,3.3LPA
3536,21BRS1593,VIT - Chennai,GenC Select,Cognizant,BRS,4LPA
3537,21BRS1593,VIT - Chennai,Ninja,TCS,BRS,3.3LPA
3538,21BRS1594,VIT - Chennai,GenC Select,Cognizant,BRS,4LPA
3539,21BRS1594,VIT - Chennai,Ninja,TCS,BRS,3.3LPA
3540,21BRS1600,VIT - Chennai,GenC Select,Cognizant,BRS,4LPA
3541,21BRS1600,VIT - Chennai,Ninja,TCS,BRS,3.3LPA
3542,21BRS1606,VIT - Chennai,,Infosys,BRS,3.6LPA
3543,21BRS1608,VIT - Chennai,Ninja,TCS,BRS,3.3LPA
3544,21BRS1610,VIT - Chennai,Ninja,TCS,BRS,3.3LPA
3545,21BRS1611,VIT - Chennai,Ninja,TCS,BRS,3.3LPA
3546,21BRS1629,VIT - Chennai,GenC Select,Cognizant,BRS,4LPA
3547,21BRS1632,VIT - Chennai,Ninja,TCS,BRS,3.3LPA
3548,21BRS1637,VIT - Chennai,Ninja,TCS,BRS,3.3LPA
3549,21BRS1638,VIT - Chennai,,Infosys,BRS,3.6LPA
3550,21BRS1639,VIT - Chennai,,Infosys,BRS,3.6LPA
3551,21BRS1639,VIT - Chennai,Ninja,TCS,BRS,3.3LPA
3552,21BRS1640,VIT - Chennai,,Infosys,BRS,3.6LPA
3553,21BRS1641,VIT - Chennai,,Infosys,BRS,3.6LPA
3554,21BRS1643,VIT - Chennai,Ninja,TCS,BRS,3.3LPA
3555,21BRS1646,VIT - Chennai,GenC Select,Cognizant,BRS,4LPA
3556,21BRS1654,VIT - Chennai,Ninja,TCS,BRS,3.3LPA
3557,21BRS1657,VIT - Chennai,GenC Select,Cognizant,BRS,4LPA
3558,21BRS1657,VIT - Chennai,,Infosys,BRS,3.6LPA
3559,21BRS1666,VIT - Chennai,Ninja,TCS,BRS,3.3LPA
3560,21BRS1671,VIT - Chennai,,Infosys,BRS,3.6LPA
3561,21BRS1671,VIT - Chennai,Ninja,TCS,BRS,3.3LPA
3562,21BRS1673,VIT - Chennai,,Infosys,BRS,3.6LPA
3563,21BRS1673,VIT - Chennai,Ninja,TCS,BRS,3.3LPA
3564,21BRS1676,VIT - Chennai,Ninja,TCS,BRS,3.3LPA
3565,21BRS1681,VIT - Chennai,,Infosys,BRS,3.6LPA
3566,21BRS1684,VIT - Chennai,Ninja,TCS,BRS,3.3LPA
3567,21BRS1698,VIT - Chennai,GenC Select,Cognizant,BRS,4LPA
3568,21BRS1698,VIT - Chennai,,Infosys,BRS,3.6LPA
3662,21BAC10010,VIT - Bhopal,,LTIMindtree,BAC,4LPA
3663,21BAC10016,VIT - Bhopal,GenC Select,Cognizant,BAC,4LPA
3664,21BAC10016,VIT - Bhopal,Ninja,TCS,BAC,3.3LPA
3665,21BAC10018,VIT - Bhopal,Ninja,TCS,BAC,3.3LPA
3666,21BAC10034,VIT - Bhopal,Ninja,TCS,BAC,3.3LPA
3667,21BAC10036,VIT - Bhopal,Ninja,TCS,BAC,3.3LPA
3668,21BAC10038,VIT - Bhopal,GenC Select,Cognizant,BAC,4LPA
3669,21BAC10038,VIT - Bhopal,Ninja,TCS,BAC,3.3LPA
3670,21BAI10002,VIT - Bhopal,GenC Select,Cognizant,BAI,4LPA
3671,21BAI10002,VIT - Bhopal,,LTIMindtree,BAI,4LPA
3672,21BAI10002,VIT - Bhopal,Ninja,TCS,BAI,3.3LPA
3673,21BAI10016,VIT - Bhopal,,LTIMindtree,BAI,4LPA
3674,21BAI10023,VIT - Bhopal,GenC Select,Cognizant,BAI,4LPA
3675,21BAI10023,VIT - Bhopal,Ninja,TCS,BAI,3.3LPA
3676,21BAI10025,VIT - Bhopal,GenC Select,Cognizant,BAI,4LPA
3677,21BAI10025,VIT - Bhopal,Ninja,TCS,BAI,3.3LPA
3678,21BAI10028,VIT - Bhopal,Ninja,TCS,BAI,3.3LPA
3679,21BAI10034,VIT - Bhopal,,LTIMindtree,BAI,4LPA
3680,21BAI10034,VIT - Bhopal,Ninja,TCS,BAI,3.3LPA
3681,21BAI10036,VIT - Bhopal,GenC Select,Cognizant,BAI,4LPA
3682,21BAI10036,VIT - Bhopal,Ninja,TCS,BAI,3.3LPA
3683,21BAI10040,VIT - Bhopal,Ninja,TCS,BAI,3.3LPA
3684,21BAI10054,VIT - Bhopal,Ninja,TCS,BAI,3.3LPA
3685,21BAI10055,VIT - Bhopal,Ninja,TCS,BAI,3.3LPA
3686,21BAI10059,VIT - Bhopal,Ninja,TCS,BAI,3.3LPA
3687,21BAI10065,VIT - Bhopal,,LTIMindtree,BAI,4LPA
3688,21BAI10065,VIT - Bhopal,Ninja,TCS,BAI,3.3LPA
3689,21BAI10066,VIT - Bhopal,GenC Select,Cognizant,BAI,4LPA
3690,21BAI10070,VIT - Bhopal,Ninja,TCS,BAI,3.3LPA
3691,21BAI10073,VIT - Bhopal,,LTIMindtree,BAI,4LPA
3692,21BAI10086,VIT - Bhopal,GenC Select,Cognizant,BAI,4LPA
3693,21BAI10090,VIT - Bhopal,Ninja,TCS,BAI,3.3LPA
3694,21BAI10096,VIT - Bhopal,GenC Select,Cognizant,BAI,4LPA
3695,21BAI10096,VIT - Bhopal,Ninja,TCS,BAI,3.3LPA
3696,21BAI10100,VIT - Bhopal,Ninja,TCS,BAI,3.3LPA
3697,21BAI10103,VIT - Bhopal,GenC Select,Cognizant,BAI,4LPA
3698,21BAI10103,VIT - Bhopal,Ninja,TCS,BAI,3.3LPA
3699,21BAI10106,VIT - Bhopal,Ninja,TCS,BAI,3.3LPA
3700,21BAI10110,VIT - Bhopal,Ninja,TCS,BAI,3.3LPA
3701,21BAI10114,VIT - Bhopal,GenC Select,Cognizant,BAI,4LPA
3702,21BAI10118,VIT - Bhopal,GenC Next Select,Cognizant,BAI,5.4LPA
3703,21BAI10120,VIT - Bhopal,GenC Select,Cognizant,BAI,4LPA
3704,21BAI10121,VIT - Bhopal,Ninja,TCS,BAI,3.3LPA
3705,21BAI10123,VIT - Bhopal,,LTIMindtree,BAI,4LPA
3706,21BAI10123,VIT - Bhopal,Ninja,TCS,BAI,3.3LPA
3707,21BAI10128,VIT - Bhopal,Ninja,TCS,BAI,3.3LPA
3708,21BAI10139,VIT - Bhopal,,LTIMindtree,BAI,4LPA
3709,21BAI10148,VIT - Bhopal,Ninja,TCS,BAI,3.3LPA
3710,21BAI10152,VIT - Bhopal,Ninja,TCS,BAI,3.3LPA
3711,21BAI10157,VIT - Bhopal,GenC Select,Cognizant,BAI,4LPA
3712,21BAI10160,VIT - Bhopal,GenC Select,Cognizant,BAI,4LPA
3713,21BAI10166,VIT - Bhopal,Ninja,TCS,BAI,3.3LPA
3714,21BAI10174,VIT - Bhopal,Ninja,TCS,BAI,3.3LPA
3715,21BAI10175,VIT - Bhopal,GenC Select,Cognizant,BAI,4LPA
3716,21BAI10187,VIT - Bhopal,Ninja,TCS,BAI,3.3LPA
3717,21BAI10190,VIT - Bhopal,,LTIMindtree,BAI,4LPA
3718,21BAI10190,VIT - Bhopal,Ninja,TCS,BAI,3.3LPA
3719,21BAI10191,VIT - Bhopal,Ninja,TCS,BAI,3.3LPA
3720,21BAI10194,VIT - Bhopal,,LTIMindtree,BAI,4LPA
3721,21BAI10198,VIT - Bhopal,GenC Select,Cognizant,BAI,4LPA
3722,21BAI10198,VIT - Bhopal,Ninja,TCS,BAI,3.3LPA
3723,21BAI10202,VIT - Bhopal,GenC Select,Cognizant,BAI,4LPA
3724,21BAI10217,VIT - Bhopal,Ninja,TCS,BAI,3.3LPA
3725,21BAI10218,VIT - Bhopal,GenC Select,Cognizant,BAI,4LPA
3726,21BAI10221,VIT - Bhopal,Ninja,TCS,BAI,3.3LPA
3727,21BAI10231,VIT - Bhopal,Ninja,TCS,BAI,3.3LPA
3728,21BAI10232,VIT - Bhopal,GenC Select,Cognizant,BAI,4LPA
3729,21BAI10236,VIT - Bhopal,,LTIMindtree,BAI,4LPA
3730,21BAI10240,VIT - Bhopal,Ninja,TCS,BAI,3.3LPA
3731,21BAI10255,VIT - Bhopal,Ninja,TCS,BAI,3.3LPA
3732,21BAI10256,VIT - Bhopal,GenC Select,Cognizant,BAI,4LPA
3733,21BAI10257,VIT - Bhopal,GenC Select,Cognizant,BAI,4LPA
3734,21BAI10259,VIT - Bhopal,GenC Select,Cognizant,BAI,4LPA
3735,21BAI10259,VIT - Bhopal,Ninja,TCS,BAI,3.3LPA
3736,21BAI10265,VIT - Bhopal,Ninja,TCS,BAI,3.3LPA
3737,21BAI10281,VIT - Bhopal,Ninja,TCS,BAI,3.3LPA
3738,21BAI10285,VIT - Bhopal,Ninja,TCS,BAI,3.3LPA
3739,21BAI10288,VIT - Bhopal,Ninja,TCS,BAI,3.3LPA
3740,21BAI10299,VIT - Bhopal,Ninja,TCS,BAI,3.3LPA
3741,21BAI10302,VIT - Bhopal,Ninja,TCS,BAI,3.3LPA
3742,21BAI10317,VIT - Bhopal,Ninja,TCS,BAI,3.3LPA
3743,21BAI10318,VIT - Bhopal,,LTIMindtree,BAI,4LPA
3744,21BAI10325,VIT - Bhopal,Ninja,TCS,BAI,3.3LPA
3745,21BAI10342,VIT - Bhopal,Ninja,TCS,BAI,3.3LPA
3746,21BAI10354,VIT - Bhopal,,LTIMindtree,BAI,4LPA
3747,21BAI10354,VIT - Bhopal,Ninja,TCS,BAI,3.3LPA
3748,21BAI10356,VIT - Bhopal,Ninja,TCS,BAI,3.3LPA
3749,21BAI10368,VIT - Bhopal,GenC Select,Cognizant,BAI,4LPA
3750,21BAI10368,VIT - Bhopal,Ninja,TCS,BAI,3.3LPA
3751,21BAI10382,VIT - Bhopal,,LTIMindtree,BAI,4LPA
3752,21BAI10414,VIT - Bhopal,Ninja,TCS,BAI,3.3LPA
3753,21BAI10424,VIT - Bhopal,,LTIMindtree,BAI,4LPA
3754,21BAI10442,VIT - Bhopal,GenC Select,Cognizant,BAI,4LPA
3755,21BAI10442,VIT - Bhopal,Ninja,TCS,BAI,3.3LPA
3756,21BAI10450,VIT - Bhopal,GenC Select,Cognizant,BAI,4LPA
3757,21BAI10456,VIT - Bhopal,Ninja,TCS,BAI,3.3LPA
3758,21BAI10484,VIT - Bhopal,,LTIMindtree,BAI,4LPA
3759,21BAI10484,VIT - Bhopal,Ninja,TCS,BAI,3.3LPA
3760,21BAI10486,VIT - Bhopal,Ninja,TCS,BAI,3.3LPA
3761,21BAI10490,VIT - Bhopal,Ninja,TCS,BAI,3.3LPA
3762,21BCE10009,VIT - Bhopal,Ninja,TCS,BCE,3.3LPA
3763,21BCE10011,VIT - Bhopal,GenC Select,Cognizant,BCE,4LPA
3764,21BCE10011,VIT - Bhopal,,LTIMindtree,BCE,4LPA
3765,21BCE10014,VIT - Bhopal,GenC Select,Cognizant,BCE,4LPA
3766,21BCE10014,VIT - Bhopal,Ninja,TCS,BCE,3.3LPA
3767,21BCE10015,VIT - Bhopal,,LTIMindtree,BCE,4LPA
3768,21BCE10023,VIT - Bhopal,Ninja,TCS,BCE,3.3LPA
3769,21BCE10037,VIT - Bhopal,Ninja,TCS,BCE,3.3LPA
3770,21BCE10039,VIT - Bhopal,Ninja,TCS,BCE,3.3LPA
3771,21BCE10042,VIT - Bhopal,GenC Select,Cognizant,BCE,4LPA
3772,21BCE10045,VIT - Bhopal,Ninja,TCS,BCE,3.3LPA
3773,21BCE10047,VIT - Bhopal,Ninja,TCS,BCE,3.3LPA
3774,21BCE10048,VIT - Bhopal,,LTIMindtree,BCE,4LPA
3775,21BCE10049,VIT - Bhopal,Ninja,TCS,BCE,3.3LPA
3776,21BCE10052,VIT - Bhopal,GenC Select,Cognizant,BCE,4LPA
3777,21BCE10058,VIT - Bhopal,Ninja,TCS,BCE,3.3LPA
3778,21BCE10066,VIT - Bhopal,GenC Select,Cognizant,BCE,4LPA
3779,21BCE10066,VIT - Bhopal,Ninja,TCS,BCE,3.3LPA
3780,21BCE10067,VIT - Bhopal,Ninja,TCS,BCE,3.3LPA
3781,21BCE10070,VIT - Bhopal,Ninja,TCS,BCE,3.3LPA
3782,21BCE10072,VIT - Bhopal,Ninja,TCS,BCE,3.3LPA
3783,21BCE10081,VIT - Bhopal,GenC Select,Cognizant,BCE,4LPA
3784,21BCE10083,VIT - Bhopal,Ninja,TCS,BCE,3.3LPA
3785,21BCE10086,VIT - Bhopal,Ninja,TCS,BCE,3.3LPA
3786,21BCE10091,VIT - Bhopal,GenC Select,Cognizant,BCE,4LPA
3787,21BCE10091,VIT - Bhopal,Ninja,TCS,BCE,3.3LPA
3788,21BCE10091,VIT - Bhopal,,LTIMindtree,BCE,4LPA
3789,21BCE10096,VIT - Bhopal,GenC Next Select,Cognizant,BCE,5.4LPA
3790,21BCE10097,VIT - Bhopal,GenC Select,Cognizant,BCE,4LPA
3791,21BCE10097,VIT - Bhopal,Ninja,TCS,BCE,3.3LPA
3792,21BCE10107,VIT - Bhopal,Ninja,TCS,BCE,3.3LPA
3793,21BCE10110,VIT - Bhopal,Ninja,TCS,BCE,3.3LPA
3794,21BCE10111,VIT - Bhopal,GenC Select,Cognizant,BCE,4LPA
3795,21BCE10111,VIT - Bhopal,,LTIMindtree,BCE,4LPA
3796,21BCE10111,VIT - Bhopal,Ninja,TCS,BCE,3.3LPA
3797,21BCE10114,VIT - Bhopal,Ninja,TCS,BCE,3.3LPA
3798,21BCE10117,VIT - Bhopal,GenC Select,Cognizant,BCE,4LPA
3799,21BCE10120,VIT - Bhopal,,LTIMindtree,BCE,4LPA
3800,21BCE10120,VIT - Bhopal,Ninja,TCS,BCE,3.3LPA
3801,21BCE10125,VIT - Bhopal,Ninja,TCS,BCE,3.3LPA
3802,21BCE10128,VIT - Bhopal,Ninja,TCS,BCE,3.3LPA
3803,21BCE10138,VIT - Bhopal,Ninja,TCS,BCE,3.3LPA
3804,21BCE10144,VIT - Bhopal,GenC Select,Cognizant,BCE,4LPA
3805,21BCE10144,VIT - Bhopal,Ninja,TCS,BCE,3.3LPA
3806,21BCE10146,VIT - Bhopal,,LTIMindtree,BCE,4LPA
3807,21BCE10149,VIT - Bhopal,Ninja,TCS,BCE,3.3LPA
3808,21BCE10153,VIT - Bhopal,Ninja,TCS,BCE,3.3LPA
3809,21BCE10155,VIT - Bhopal,,LTIMindtree,BCE,4LPA
3810,21BCE10155,VIT - Bhopal,Ninja,TCS,BCE,3.3LPA
3811,21BCE10158,VIT - Bhopal,,LTIMindtree,BCE,4LPA
3812,21BCE10171,VIT - Bhopal,,LTIMindtree,BCE,4LPA
3813,21BCE10171,VIT - Bhopal,Ninja,TCS,BCE,3.3LPA
3814,21BCE10172,VIT - Bhopal,Ninja,TCS,BCE,3.3LPA
3815,21BCE10179,VIT - Bhopal,Ninja,TCS,BCE,3.3LPA
3816,21BCE10191,VIT - Bhopal,Ninja,TCS,BCE,3.3LPA
3817,21BCE10193,VIT - Bhopal,GenC Select,Cognizant,BCE,4LPA
3818,21BCE10193,VIT - Bhopal,,LTIMindtree,BCE,4LPA
3819,21BCE10193,VIT - Bhopal,Ninja,TCS,BCE,3.3LPA
3820,21BCE10197,VIT - Bhopal,GenC Next Select,Cognizant,BCE,5.4LPA
3821,21BCE10206,VIT - Bhopal,Ninja,TCS,BCE,3.3LPA
3822,21BCE10207,VIT - Bhopal,Ninja,TCS,BCE,3.3LPA
3823,21BCE10221,VIT - Bhopal,GenC Select,Cognizant,BCE,4LPA
3824,21BCE10225,VIT - Bhopal,Ninja,TCS,BCE,3.3LPA
3825,21BCE10241,VIT - Bhopal,Ninja,TCS,BCE,3.3LPA
3826,21BCE10252,VIT - Bhopal,Ninja,TCS,BCE,3.3LPA
3827,21BCE10260,VIT - Bhopal,Ninja,TCS,BCE,3.3LPA
3828,21BCE10264,VIT - Bhopal,,LTIMindtree,BCE,4LPA
3829,21BCE10267,VIT - Bhopal,Ninja,TCS,BCE,3.3LPA
3830,21BCE10268,VIT - Bhopal,Ninja,TCS,BCE,3.3LPA
3831,21BCE10276,VIT - Bhopal,GenC Select,Cognizant,BCE,4LPA
3832,21BCE10284,VIT - Bhopal,Ninja,TCS,BCE,3.3LPA
3833,21BCE10295,VIT - Bhopal,Ninja,TCS,BCE,3.3LPA
3834,21BCE10303,VIT - Bhopal,,LTIMindtree,BCE,4LPA
3835,21BCE10307,VIT - Bhopal,GenC Select,Cognizant,BCE,4LPA
3836,21BCE10307,VIT - Bhopal,,LTIMindtree,BCE,4LPA
3837,21BCE10307,VIT - Bhopal,Ninja,TCS,BCE,3.3LPA
3838,21BCE10317,VIT - Bhopal,Ninja,TCS,BCE,3.3LPA
3839,21BCE10322,VIT - Bhopal,GenC Select,Cognizant,BCE,4LPA
3840,21BCE10322,VIT - Bhopal,Ninja,TCS,BCE,3.3LPA
3841,21BCE10323,VIT - Bhopal,Ninja,TCS,BCE,3.3LPA
3842,21BCE10333,VIT - Bhopal,,LTIMindtree,BCE,4LPA
3843,21BCE10336,VIT - Bhopal,Ninja,TCS,BCE,3.3LPA
3844,21BCE10337,VIT - Bhopal,Ninja,TCS,BCE,3.3LPA
3845,21BCE10342,VIT - Bhopal,Ninja,TCS,BCE,3.3LPA
3846,21BCE10343,VIT - Bhopal,,LTIMindtree,BCE,4LPA
3847,21BCE10343,VIT - Bhopal,Ninja,TCS,BCE,3.3LPA
3848,21BCE10344,VIT - Bhopal,Ninja,TCS,BCE,3.3LPA
3849,21BCE10347,VIT - Bhopal,Ninja,TCS,BCE,3.3LPA
3850,21BCE10350,VIT - Bhopal,GenC Select,Cognizant,BCE,4LPA
3851,21BCE10352,VIT - Bhopal,GenC Select,Cognizant,BCE,4LPA
3852,21BCE10356,VIT - Bhopal,Ninja,TCS,BCE,3.3LPA
3853,21BCE10360,VIT - Bhopal,,LTIMindtree,BCE,4LPA
3854,21BCE10360,VIT - Bhopal,Ninja,TCS,BCE,3.3LPA
3855,21BCE10362,VIT - Bhopal,GenC Select,Cognizant,BCE,4LPA
3856,21BCE10362,VIT - Bhopal,Ninja,TCS,BCE,3.3LPA
3857,21BCE10371,VIT - Bhopal,Ninja,TCS,BCE,3.3LPA
3858,21BCE10373,VIT - Bhopal,,LTIMindtree,BCE,4LPA
3859,21BCE10374,VIT - Bhopal,GenC Select,Cognizant,BCE,4LPA
3860,21BCE10374,VIT - Bhopal,Ninja,TCS,BCE,3.3LPA
3861,21BCE10375,VIT - Bhopal,,LTIMindtree,BCE,4LPA
3862,21BCE10378,VIT - Bhopal,Ninja,TCS,BCE,3.3LPA
3863,21BCE10379,VIT - Bhopal,Ninja,TCS,BCE,3.3LPA
3864,21BCE10389,VIT - Bhopal,,LTIMindtree,BCE,4LPA
3865,21BCE10391,VIT - Bhopal,Ninja,TCS,BCE,3.3LPA
3866,21BCE10392,VIT - Bhopal,Ninja,TCS,BCE,3.3LPA
3867,21BCE10395,VIT - Bhopal,GenC Select,Cognizant,BCE,4LPA
3868,21BCE10395,VIT - Bhopal,Ninja,TCS,BCE,3.3LPA
3869,21BCE10396,VIT - Bhopal,GenC Select,Cognizant,BCE,4LPA
3870,21BCE10396,VIT - Bhopal,,LTIMindtree,BCE,4LPA
3871,21BCE10401,VIT - Bhopal,Ninja,TCS,BCE,3.3LPA
3872,21BCE10403,VIT - Bhopal,GenC Select,Cognizant,BCE,4LPA
3873,21BCE10404,VIT - Bhopal,Ninja,TCS,BCE,3.3LPA
3874,21BCE10411,VIT - Bhopal,Ninja,TCS,BCE,3.3LPA
3875,21BCE10412,VIT - Bhopal,Ninja,TCS,BCE,3.3LPA
3876,21BCE10413,VIT - Bhopal,,LTIMindtree,BCE,4LPA
3877,21BCE10415,VIT - Bhopal,GenC Select,Cognizant,BCE,4LPA
3878,21BCE10415,VIT - Bhopal,Ninja,TCS,BCE,3.3LPA
3879,21BCE10423,VIT - Bhopal,Ninja,TCS,BCE,3.3LPA
3880,21BCE10434,VIT - Bhopal,Ninja,TCS,BCE,3.3LPA
3881,21BCE10435,VIT - Bhopal,Ninja,TCS,BCE,3.3LPA
3882,21BCE10437,VIT - Bhopal,GenC Select,Cognizant,BCE,4LPA
3883,21BCE10437,VIT - Bhopal,Ninja,TCS,BCE,3.3LPA
3884,21BCE10438,VIT - Bhopal,Ninja,TCS,BCE,3.3LPA
3885,21BCE10441,VIT - Bhopal,GenC Select,Cognizant,BCE,4LPA
3886,21BCE10441,VIT - Bhopal,,LTIMindtree,BCE,4LPA
3887,21BCE10443,VIT - Bhopal,Ninja,TCS,BCE,3.3LPA
3888,21BCE10444,VIT - Bhopal,Ninja,TCS,BCE,3.3LPA
3889,21BCE10447,VIT - Bhopal,Ninja,TCS,BCE,3.3LPA
3890,21BCE10448,VIT - Bhopal,GenC Select,Cognizant,BCE,4LPA
3891,21BCE10448,VIT - Bhopal,Ninja,TCS,BCE,3.3LPA
3892,21BCE10450,VIT - Bhopal,Ninja,TCS,BCE,3.3LPA
3893,21BCE10454,VIT - Bhopal,Ninja,TCS,BCE,3.3LPA
3894,21BCE10465,VIT - Bhopal,Ninja,TCS,BCE,3.3LPA
3895,21BCE10484,VIT - Bhopal,Ninja,TCS,BCE,3.3LPA
3896,21BCE10487,VIT - Bhopal,Ninja,TCS,BCE,3.3LPA
3897,21BCE10493,VIT - Bhopal,GenC Select,Cognizant,BCE,4LPA
3898,21BCE10500,VIT - Bhopal,,LTIMindtree,BCE,4LPA
3899,21BCE10500,VIT - Bhopal,Ninja,TCS,BCE,3.3LPA
3900,21BCE10511,VIT - Bhopal,Ninja,TCS,BCE,3.3LPA
3901,21BCE10529,VIT - Bhopal,Ninja,TCS,BCE,3.3LPA
3902,21BCE10530,VIT - Bhopal,Ninja,TCS,BCE,3.3LPA
3903,21BCE10531,VIT - Bhopal,,LTIMindtree,BCE,4LPA
3904,21BCE10534,VIT - Bhopal,GenC Select,Cognizant,BCE,4LPA
3905,21BCE10534,VIT - Bhopal,Ninja,TCS,BCE,3.3LPA
3906,21BCE10536,VIT - Bhopal,GenC Select,Cognizant,BCE,4LPA
3907,21BCE10536,VIT - Bhopal,,LTIMindtree,BCE,4LPA
3908,21BCE10537,VIT - Bhopal,GenC Select,Cognizant,BCE,4LPA
3909,21BCE10537,VIT - Bhopal,Ninja,TCS,BCE,3.3LPA
3910,21BCE10555,VIT - Bhopal,GenC Select,Cognizant,BCE,4LPA
3911,21BCE10563,VIT - Bhopal,Ninja,TCS,BCE,3.3LPA
3912,21BCE10565,VIT - Bhopal,Ninja,TCS,BCE,3.3LPA
3913,21BCE10573,VIT - Bhopal,Ninja,TCS,BCE,3.3LPA
3914,21BCE10578,VIT - Bhopal,GenC Select,Cognizant,BCE,4LPA
3915,21BCE10584,VIT - Bhopal,GenC Select,Cognizant,BCE,4LPA
3916,21BCE10584,VIT - Bhopal,,LTIMindtree,BCE,4LPA
3917,21BCE10584,VIT - Bhopal,Ninja,TCS,BCE,3.3LPA
3918,21BCE10592,VIT - Bhopal,Ninja,TCS,BCE,3.3LPA
3919,21BCE10595,VIT - Bhopal,,LTIMindtree,BCE,4LPA
3920,21BCE10608,VIT - Bhopal,Ninja,TCS,BCE,3.3LPA
3921,21BCE10611,VIT - Bhopal,Ninja,TCS,BCE,3.3LPA
3922,21BCE10617,VIT - Bhopal,GenC Select,Cognizant,BCE,4LPA
3923,21BCE10618,VIT - Bhopal,Ninja,TCS,BCE,3.3LPA
3924,21BCE10638,VIT - Bhopal,Ninja,TCS,BCE,3.3LPA
3925,21BCE10639,VIT - Bhopal,,LTIMindtree,BCE,4LPA
3926,21BCE10640,VIT - Bhopal,Ninja,TCS,BCE,3.3LPA
3927,21BCE10646,VIT - Bhopal,Ninja,TCS,BCE,3.3LPA
3928,21BCE10647,VIT - Bhopal,,LTIMindtree,BCE,4LPA
3929,21BCE10648,VIT - Bhopal,GenC Select,Cognizant,BCE,4LPA
3930,21BCE10650,VIT - Bhopal,GenC Select,Cognizant,BCE,4LPA
3931,21BCE10660,VIT - Bhopal,Ninja,TCS,BCE,3.3LPA
3932,21BCE10662,VIT - Bhopal,,LTIMindtree,BCE,4LPA
3933,21BCE10666,VIT - Bhopal,Ninja,TCS,BCE,3.3LPA
3934,21BCE10670,VIT - Bhopal,Ninja,TCS,BCE,3.3LPA
3935,21BCE10675,VIT - Bhopal,Ninja,TCS,BCE,3.3LPA
3936,21BCE10714,VIT - Bhopal,GenC Select,Cognizant,BCE,4LPA
3937,21BCE10725,VIT - Bhopal,Ninja,TCS,BCE,3.3LPA
3938,21BCE10727,VIT - Bhopal,,LTIMindtree,BCE,4LPA
3939,21BCE10727,VIT - Bhopal,Ninja,TCS,BCE,3.3LPA
3940,21BCE10735,VIT - Bhopal,,LTIMindtree,BCE,4LPA
3941,21BCE10748,VIT - Bhopal,Ninja,TCS,BCE,3.3LPA
3942,21BCE10775,VIT - Bhopal,Ninja,TCS,BCE,3.3LPA
3943,21BCE10779,VIT - Bhopal,Ninja,TCS,BCE,3.3LPA
3944,21BCE10784,VIT - Bhopal,GenC Select,Cognizant,BCE,4LPA
3945,21BCE10784,VIT - Bhopal,Ninja,TCS,BCE,3.3LPA
3946,21BCE10796,VIT - Bhopal,,LTIMindtree,BCE,4LPA
3947,21BCE10815,VIT - Bhopal,,LTIMindtree,BCE,4LPA
3948,21BCE10815,VIT - Bhopal,Ninja,TCS,BCE,3.3LPA
3949,21BCE10838,VIT - Bhopal,,LTIMindtree,BCE,4LPA
3950,21BCE10840,VIT - Bhopal,Ninja,TCS,BCE,3.3LPA
3951,21BCE10842,VIT - Bhopal,Ninja,TCS,BCE,3.3LPA
3952,21BCE10843,VIT - Bhopal,GenC Select,Cognizant,BCE,4LPA
3953,21BCE10845,VIT - Bhopal,,LTIMindtree,BCE,4LPA
3954,21BCE10852,VIT - Bhopal,Ninja,TCS,BCE,3.3LPA
3955,21BCE10854,VIT - Bhopal,Ninja,TCS,BCE,3.3LPA
3956,21BCE10861,VIT - Bhopal,GenC Select,Cognizant,BCE,4LPA
3957,21BCE10861,VIT - Bhopal,Ninja,TCS,BCE,3.3LPA
3958,21BCE10868,VIT - Bhopal,Ninja,TCS,BCE,3.3LPA
3959,21BCE10879,VIT - Bhopal,Ninja,TCS,BCE,3.3LPA
3960,21BCE10883,VIT - Bhopal,GenC Select,Cognizant,BCE,4LPA
3961,21BCE10893,VIT - Bhopal,GenC Select,Cognizant,BCE,4LPA
3962,21BCE10906,VIT - Bhopal,,LTIMindtree,BCE,4LPA
3963,21BCE10906,VIT - Bhopal,Ninja,TCS,BCE,3.3LPA
3964,21BCE10931,VIT - Bhopal,,LTIMindtree,BCE,4LPA
3965,21BCE10940,VIT - Bhopal,Ninja,TCS,BCE,3.3LPA
3966,21BCE10941,VIT - Bhopal,Ninja,TCS,BCE,3.3LPA
3967,21BCE10959,VIT - Bhopal,Ninja,TCS,BCE,3.3LPA
3968,21BCE10975,VIT - Bhopal,Ninja,TCS,BCE,3.3LPA
3969,21BCE10977,VIT - Bhopal,,LTIMindtree,BCE,4LPA
3970,21BCE10982,VIT - Bhopal,,LTIMindtree,BCE,4LPA
3971,21BCE10997,VIT - Bhopal,Ninja,TCS,BCE,3.3LPA
3972,21BCE11004,VIT - Bhopal,Ninja,TCS,BCE,3.3LPA
3973,21BCE11008,VIT - Bhopal,Ninja,TCS,BCE,3.3LPA
3974,21BCE11016,VIT - Bhopal,GenC Select,Cognizant,BCE,4LPA
3975,21BCE11016,VIT - Bhopal,,LTIMindtree,BCE,4LPA
3976,21BCE11017,VIT - Bhopal,Ninja,TCS,BCE,3.3LPA
3977,21BCE11024,VIT - Bhopal,,LTIMindtree,BCE,4LPA
3978,21BCE11024,VIT - Bhopal,Ninja,TCS,BCE,3.3LPA
3979,21BCE11025,VIT - Bhopal,Ninja,TCS,BCE,3.3LPA
3980,21BCE11033,VIT - Bhopal,,LTIMindtree,BCE,4LPA
3981,21BCE11040,VIT - Bhopal,,LTIMindtree,BCE,4LPA
3982,21BCE11040,VIT - Bhopal,Ninja,TCS,BCE,3.3LPA
3983,21BCE11051,VIT - Bhopal,Ninja,TCS,BCE,3.3LPA
3984,21BCE11075,VIT - Bhopal,Ninja,TCS,BCE,3.3LPA
3985,21BCE11077,VIT - Bhopal,Ninja,TCS,BCE,3.3LPA
3986,21BCE11082,VIT - Bhopal,Ninja,TCS,BCE,3.3LPA
3987,21BCE11084,VIT - Bhopal,Ninja,TCS,BCE,3.3LPA
3988,21BCE11087,VIT - Bhopal,Ninja,TCS,BCE,3.3LPA
3989,21BCE11093,VIT - Bhopal,,LTIMindtree,BCE,4LPA
3990,21BCE11094,VIT - Bhopal,Ninja,TCS,BCE,3.3LPA
3991,21BCE11095,VIT - Bhopal,Ninja,TCS,BCE,3.3LPA
3992,21BCE11097,VIT - Bhopal,Ninja,TCS,BCE,3.3LPA
3993,21BCE11102,VIT - Bhopal,Ninja,TCS,BCE,3.3LPA
3994,21BCE11104,VIT - Bhopal,Ninja,TCS,BCE,3.3LPA
3995,21BCE11109,VIT - Bhopal,Ninja,TCS,BCE,3.3LPA
3996,21BCE11114,VIT - Bhopal,Ninja,TCS,BCE,3.3LPA
3997,21BCE11117,VIT - Bhopal,Ninja,TCS,BCE,3.3LPA
3998,21BCE11123,VIT - Bhopal,GenC Select,Cognizant,BCE,4LPA
3999,21BCE11125,VIT - Bhopal,Ninja,TCS,BCE,3.3LPA
4000,21BCE11131,VIT - Bhopal,Ninja,TCS,BCE,3.3LPA
4001,21BCE11140,VIT - Bhopal,Ninja,TCS,BCE,3.3LPA
4002,21BCE11141,VIT - Bhopal,Ninja,TCS,BCE,3.3LPA
4003,21BCE11143,VIT - Bhopal,Ninja,TCS,BCE,3.3LPA
4004,21BCE11146,VIT - Bhopal,Ninja,TCS,BCE,3.3LPA
4005,21BCE11147,VIT - Bhopal,,LTIMindtree,BCE,4LPA
4006,21BCE11147,VIT - Bhopal,Ninja,TCS,BCE,3.3LPA
4007,21BCE11148,VIT - Bhopal,Ninja,TCS,BCE,3.3LPA
4008,21BCE11153,VIT - Bhopal,GenC Select,Cognizant,BCE,4LPA
4009,21BCE11153,VIT - Bhopal,,LTIMindtree,BCE,4LPA
4010,21BCE11154,VIT - Bhopal,,LTIMindtree,BCE,4LPA
4011,21BCE11154,VIT - Bhopal,Ninja,TCS,BCE,3.3LPA
4012,21BCE11156,VIT - Bhopal,Ninja,TCS,BCE,3.3LPA
4013,21BCE11160,VIT - Bhopal,GenC Select,Cognizant,BCE,4LPA
4014,21BCE11165,VIT - Bhopal,Ninja,TCS,BCE,3.3LPA
4015,21BCE11170,VIT - Bhopal,,LTIMindtree,BCE,4LPA
4016,21BCE11170,VIT - Bhopal,Ninja,TCS,BCE,3.3LPA
4017,21BCE11172,VIT - Bhopal,Ninja,TCS,BCE,3.3LPA
4018,21BCE11173,VIT - Bhopal,GenC Select,Cognizant,BCE,4LPA
4019,21BCE11173,VIT - Bhopal,,LTIMindtree,BCE,4LPA
4020,21BCE11209,VIT - Bhopal,,LTIMindtree,BCE,4LPA
4021,21BCE11211,VIT - Bhopal,,LTIMindtree,BCE,4LPA
4022,21BCE11213,VIT - Bhopal,GenC Select,Cognizant,BCE,4LPA
4023,21BCE11213,VIT - Bhopal,Ninja,TCS,BCE,3.3LPA
4024,21BCE11214,VIT - Bhopal,Ninja,TCS,BCE,3.3LPA
4025,21BCE11218,VIT - Bhopal,,LTIMindtree,BCE,4LPA
4026,21BCE11227,VIT - Bhopal,Ninja,TCS,BCE,3.3LPA
4027,21BCE11229,VIT - Bhopal,GenC Select,Cognizant,BCE,4LPA
4028,21BCE11235,VIT - Bhopal,Ninja,TCS,BCE,3.3LPA
4029,21BCE11239,VIT - Bhopal,GenC Select,Cognizant,BCE,4LPA
4030,21BCE11240,VIT - Bhopal,GenC Select,Cognizant,BCE,4LPA
4031,21BCE11240,VIT - Bhopal,,LTIMindtree,BCE,4LPA
4032,21BCE11240,VIT - Bhopal,Ninja,TCS,BCE,3.3LPA
4033,21BCE11242,VIT - Bhopal,GenC Select,Cognizant,BCE,4LPA
4034,21BCE11242,VIT - Bhopal,,LTIMindtree,BCE,4LPA
4035,21BCE11249,VIT - Bhopal,Ninja,TCS,BCE,3.3LPA
4036,21BCE11263,VIT - Bhopal,,LTIMindtree,BCE,4LPA
4037,21BCE11263,VIT - Bhopal,GenC Select,Cognizant,BCE,4LPA
4038,21BCE11269,VIT - Bhopal,GenC Select,Cognizant,BCE,4LPA
4039,21BCE11269,VIT - Bhopal,Ninja,TCS,BCE,3.3LPA
4040,21BCE11277,VIT - Bhopal,Ninja,TCS,BCE,3.3LPA
4041,21BCE11281,VIT - Bhopal,Ninja,TCS,BCE,3.3LPA
4042,21BCE11283,VIT - Bhopal,,LTIMindtree,BCE,4LPA
4043,21BCE11288,VIT - Bhopal,Ninja,TCS,BCE,3.3LPA
4044,21BCE11294,VIT - Bhopal,Ninja,TCS,BCE,3.3LPA
4045,21BCE11305,VIT - Bhopal,,LTIMindtree,BCE,4LPA
4046,21BCE11309,VIT - Bhopal,Ninja,TCS,BCE,3.3LPA
4047,21BCE11331,VIT - Bhopal,Ninja,TCS,BCE,3.3LPA
4048,21BCE11337,VIT - Bhopal,Ninja,TCS,BCE,3.3LPA
4049,21BCE11339,VIT - Bhopal,GenC Select,Cognizant,BCE,4LPA
4050,21BCE11339,VIT - Bhopal,,LTIMindtree,BCE,4LPA
4051,21BCE11339,VIT - Bhopal,Ninja,TCS,BCE,3.3LPA
4052,21BCE11341,VIT - Bhopal,Ninja,TCS,BCE,3.3LPA
4053,21BCE11344,VIT - Bhopal,Ninja,TCS,BCE,3.3LPA
4054,21BCE11344,VIT - Bhopal,,LTIMindtree,BCE,4LPA
4055,21BCE11348,VIT - Bhopal,GenC Select,Cognizant,BCE,4LPA
4056,21BCE11348,VIT - Bhopal,,LTIMindtree,BCE,4LPA
4057,21BCE11348,VIT - Bhopal,Ninja,TCS,BCE,3.3LPA
4058,21BCE11356,VIT - Bhopal,GenC Select,Cognizant,BCE,4LPA
4059,21BCE11356,VIT - Bhopal,Ninja,TCS,BCE,3.3LPA
4060,21BCE11363,VIT - Bhopal,GenC Select,Cognizant,BCE,4LPA
4061,21BCE11363,VIT - Bhopal,Ninja,TCS,BCE,3.3LPA
4062,21BCE11370,VIT - Bhopal,,LTIMindtree,BCE,4LPA
4063,21BCE11375,VIT - Bhopal,Ninja,TCS,BCE,3.3LPA
4064,21BCE11378,VIT - Bhopal,,LTIMindtree,BCE,4LPA
4065,21BCE11385,VIT - Bhopal,,LTIMindtree,BCE,4LPA
4066,21BCE11386,VIT - Bhopal,,LTIMindtree,BCE,4LPA
4067,21BCE11401,VIT - Bhopal,,LTIMindtree,BCE,4LPA
4068,21BCE11404,VIT - Bhopal,,LTIMindtree,BCE,4LPA
4069,21BCE11408,VIT - Bhopal,Ninja,TCS,BCE,3.3LPA
4070,21BCE11425,VIT - Bhopal,,LTIMindtree,BCE,4LPA
4071,21BCE11437,VIT - Bhopal,GenC Select,Cognizant,BCE,4LPA
4072,21BCE11438,VIT - Bhopal,Ninja,TCS,BCE,3.3LPA
4073,21BCE11439,VIT - Bhopal,Ninja,TCS,BCE,3.3LPA
4074,21BCE11446,VIT - Bhopal,GenC Select,Cognizant,BCE,4LPA
4075,21BCE11446,VIT - Bhopal,,LTIMindtree,BCE,4LPA
4076,21BCE11446,VIT - Bhopal,Ninja,TCS,BCE,3.3LPA
4077,21BCE11448,VIT - Bhopal,GenC Select,Cognizant,BCE,4LPA
4078,21BCE11448,VIT - Bhopal,,LTIMindtree,BCE,4LPA
4079,21BCE11449,VIT - Bhopal,,LTIMindtree,BCE,4LPA
4080,21BCE11449,VIT - Bhopal,Ninja,TCS,BCE,3.3LPA
4081,21BCE11451,VIT - Bhopal,Ninja,TCS,BCE,3.3LPA
4082,21BCE11456,VIT - Bhopal,,LTIMindtree,BCE,4LPA
4083,21BCE11456,VIT - Bhopal,Ninja,TCS,BCE,3.3LPA
4084,21BCE11466,VIT - Bhopal,,LTIMindtree,BCE,4LPA
4085,21BCE11468,VIT - Bhopal,Ninja,TCS,BCE,3.3LPA
4086,21BCE11476,VIT - Bhopal,GenC Next Select,Cognizant,BCE,5.4LPA
4087,21BCE11477,VIT - Bhopal,GenC Select,Cognizant,BCE,4LPA
4088,21BCE11496,VIT - Bhopal,,LTIMindtree,BCE,4LPA
4089,21BCE11500,VIT - Bhopal,,LTIMindtree,BCE,4LPA
4090,21BCE11500,VIT - Bhopal,Ninja,TCS,BCE,3.3LPA
4091,21BCE11506,VIT - Bhopal,Ninja,TCS,BCE,3.3LPA
4092,21BCE11510,VIT - Bhopal,,LTIMindtree,BCE,4LPA
4093,21BCE11510,VIT - Bhopal,Ninja,TCS,BCE,3.3LPA
4094,21BCE11516,VIT - Bhopal,Ninja,TCS,BCE,3.3LPA
4095,21BCE11517,VIT - Bhopal,,LTIMindtree,BCE,4LPA
4096,21BCE11518,VIT - Bhopal,Ninja,TCS,BCE,3.3LPA
4097,21BCE11519,VIT - Bhopal,GenC Select,Cognizant,BCE,4LPA
4098,21BCE11521,VIT - Bhopal,GenC Select,Cognizant,BCE,4LPA
4099,21BCE11521,VIT - Bhopal,Ninja,TCS,BCE,3.3LPA
4100,21BCE11527,VIT - Bhopal,GenC Select,Cognizant,BCE,4LPA
4101,21BCE11542,VIT - Bhopal,Ninja,TCS,BCE,3.3LPA
4102,21BCE11549,VIT - Bhopal,Ninja,TCS,BCE,3.3LPA
4103,21BCE11550,VIT - Bhopal,GenC Select,Cognizant,BCE,4LPA
4104,21BCE11550,VIT - Bhopal,Ninja,TCS,BCE,3.3LPA
4105,21BCE11563,VIT - Bhopal,,LTIMindtree,BCE,4LPA
4106,21BCE11563,VIT - Bhopal,Ninja,TCS,BCE,3.3LPA
4107,21BCE11572,VIT - Bhopal,Ninja,TCS,BCE,3.3LPA
4108,21BCE11577,VIT - Bhopal,,LTIMindtree,BCE,4LPA
4109,21BCE11577,VIT - Bhopal,Ninja,TCS,BCE,3.3LPA
4110,21BCE11578,VIT - Bhopal,,LTIMindtree,BCE,4LPA
4111,21BCE11578,VIT - Bhopal,Ninja,TCS,BCE,3.3LPA
4112,21BCE11580,VIT - Bhopal,,LTIMindtree,BCE,4LPA
4113,21BCE11580,VIT - Bhopal,Ninja,TCS,BCE,3.3LPA
4114,21BCE11582,VIT - Bhopal,Ninja,TCS,BCE,3.3LPA
4115,21BCE11584,VIT - Bhopal,Ninja,TCS,BCE,3.3LPA
4116,21BCE11586,VIT - Bhopal,Ninja,TCS,BCE,3.3LPA
4117,21BCE11594,VIT - Bhopal,GenC Select,Cognizant,BCE,4LPA
4118,21BCE11602,VIT - Bhopal,,LTIMindtree,BCE,4LPA
4119,21BCE11606,VIT - Bhopal,Ninja,TCS,BCE,3.3LPA
4120,21BCE11614,VIT - Bhopal,,LTIMindtree,BCE,4LPA
4121,21BCE11615,VIT - Bhopal,Ninja,TCS,BCE,3.3LPA
4122,21BCE11616,VIT - Bhopal,,LTIMindtree,BCE,4LPA
4123,21BCE11616,VIT - Bhopal,Ninja,TCS,BCE,3.3LPA
4124,21BCE11618,VIT - Bhopal,GenC Select,Cognizant,BCE,4LPA
4125,21BCE11621,VIT - Bhopal,Ninja,TCS,BCE,3.3LPA
4126,21BCE11622,VIT - Bhopal,GenC Select,Cognizant,BCE,4LPA
4127,21BCE11627,VIT - Bhopal,Ninja,TCS,BCE,3.3LPA
4128,21BCE11630,VIT - Bhopal,Ninja,TCS,BCE,3.3LPA
4129,21BCE11634,VIT - Bhopal,Ninja,TCS,BCE,3.3LPA
4130,21BCE11636,VIT - Bhopal,Ninja,TCS,BCE,3.3LPA
4131,21BCE11639,VIT - Bhopal,GenC Select,Cognizant,BCE,4LPA
4132,21BCE11645,VIT - Bhopal,,LTIMindtree,BCE,4LPA
4133,21BCE11645,VIT - Bhopal,Ninja,TCS,BCE,3.3LPA
4134,21BCE11655,VIT - Bhopal,Ninja,TCS,BCE,3.3LPA
4135,21BCE11656,VIT - Bhopal,Ninja,TCS,BCE,3.3LPA
4136,21BCE11664,VIT - Bhopal,Ninja,TCS,BCE,3.3LPA
4137,21BCE11665,VIT - Bhopal,Ninja,TCS,BCE,3.3LPA
4138,21BCE11667,VIT - Bhopal,Ninja,TCS,BCE,3.3LPA
4139,21BCE11682,VIT - Bhopal,Ninja,TCS,BCE,3.3LPA
4140,21BCE11689,VIT - Bhopal,Ninja,TCS,BCE,3.3LPA
4141,21BCG10019,VIT - Bhopal,GenC Select,Cognizant,BCG,4LPA
4142,21BCG10019,VIT - Bhopal,,LTIMindtree,BCG,4LPA
4143,21BCG10019,VIT - Bhopal,Ninja,TCS,BCG,3.3LPA
4144,21BCG10048,VIT - Bhopal,,LTIMindtree,BCG,4LPA
4145,21BCG10048,VIT - Bhopal,Ninja,TCS,BCG,3.3LPA
4146,21BCG10058,VIT - Bhopal,,LTIMindtree,BCG,4LPA
4147,21BCG10058,VIT - Bhopal,Ninja,TCS,BCG,3.3LPA
4148,21BCG10068,VIT - Bhopal,Ninja,TCS,BCG,3.3LPA
4149,21BCG10074,VIT - Bhopal,Ninja,TCS,BCG,3.3LPA
4150,21BCG10087,VIT - Bhopal,Ninja,TCS,BCG,3.3LPA
4151,21BCG10087,VIT - Bhopal,GenC Select,Cognizant,BCG,4LPA
4152,21BCG10088,VIT - Bhopal,Ninja,TCS,BCG,3.3LPA
4153,21BCG10091,VIT - Bhopal,Ninja,TCS,BCG,3.3LPA
4154,21BCG10111,VIT - Bhopal,,LTIMindtree,BCG,4LPA
4155,21BCG10114,VIT - Bhopal,GenC Select,Cognizant,BCG,4LPA
4156,21BCG10114,VIT - Bhopal,,LTIMindtree,BCG,4LPA
4157,21BCG10114,VIT - Bhopal,Ninja,TCS,BCG,3.3LPA
4158,21BCG10121,VIT - Bhopal,Ninja,TCS,BCG,3.3LPA
4159,21BCG10136,VIT - Bhopal,Ninja,TCS,BCG,3.3LPA
4160,21BCG10147,VIT - Bhopal,Ninja,TCS,BCG,3.3LPA
4161,21BCG10157,VIT - Bhopal,Ninja,TCS,BCG,3.3LPA
4162,21BCY10002,VIT - Bhopal,GenC Select,Cognizant,BCY,4LPA
4163,21BCY10011,VIT - Bhopal,Ninja,TCS,BCY,3.3LPA
4164,21BCY10015,VIT - Bhopal,Ninja,TCS,BCY,3.3LPA
4165,21BCY10026,VIT - Bhopal,Ninja,TCS,BCY,3.3LPA
4166,21BCY10042,VIT - Bhopal,GenC Next Select,Cognizant,BCY,5.4LPA
4167,21BCY10063,VIT - Bhopal,,LTIMindtree,BCY,4LPA
4168,21BCY10071,VIT - Bhopal,,LTIMindtree,BCY,4LPA
4169,21BCY10087,VIT - Bhopal,Ninja,TCS,BCY,3.3LPA
4170,21BCY10108,VIT - Bhopal,,LTIMindtree,BCY,4LPA
4171,21BCY10108,VIT - Bhopal,Ninja,TCS,BCY,3.3LPA
4172,21BCY10111,VIT - Bhopal,,LTIMindtree,BCY,4LPA
4173,21BCY10113,VIT - Bhopal,GenC Select,Cognizant,BCY,4LPA
4174,21BCY10113,VIT - Bhopal,,LTIMindtree,BCY,4LPA
4175,21BCY10118,VIT - Bhopal,Ninja,TCS,BCY,3.3LPA
4176,21BCY10119,VIT - Bhopal,Ninja,TCS,BCY,3.3LPA
4177,21BCY10127,VIT - Bhopal,,LTIMindtree,BCY,4LPA
4178,21BCY10135,VIT - Bhopal,GenC Select,Cognizant,BCY,4LPA
4179,21BCY10170,VIT - Bhopal,,LTIMindtree,BCY,4LPA
4180,21BCY10170,VIT - Bhopal,Ninja,TCS,BCY,3.3LPA
4181,21BCY10173,VIT - Bhopal,,LTIMindtree,BCY,4LPA
4182,21BCY10173,VIT - Bhopal,Ninja,TCS,BCY,3.3LPA
4183,21BCY10187,VIT - Bhopal,Ninja,TCS,BCY,3.3LPA
4184,21BCY10190,VIT - Bhopal,GenC Select,Cognizant,BCY,4LPA
4185,21BCY10195,VIT - Bhopal,,LTIMindtree,BCY,4LPA
4186,21BCY10195,VIT - Bhopal,Ninja,TCS,BCY,3.3LPA
4187,21BCY10199,VIT - Bhopal,Ninja,TCS,BCY,3.3LPA
4188,21BCY10211,VIT - Bhopal,Ninja,TCS,BCY,3.3LPA
4189,21BCY10212,VIT - Bhopal,Ninja,TCS,BCY,3.3LPA
4190,21BCY10219,VIT - Bhopal,Ninja,TCS,BCY,3.3LPA
4191,21BCY10227,VIT - Bhopal,GenC Select,Cognizant,BCY,4LPA
4192,21BCY10228,VIT - Bhopal,,LTIMindtree,BCY,4LPA
4193,21BCY10248,VIT - Bhopal,Ninja,TCS,BCY,3.3LPA
4194,21BCY10252,VIT - Bhopal,Ninja,TCS,BCY,3.3LPA
4195,21BCY10253,VIT - Bhopal,Ninja,TCS,BCY,3.3LPA
4196,21BCY10257,VIT - Bhopal,GenC Select,Cognizant,BCY,4LPA
4197,21BEC10003,VIT - Bhopal,Ninja,TCS,BEC,3.3LPA
4198,21BEC10015,VIT - Bhopal,Ninja,TCS,BEC,3.3LPA
4199,21BEC10035,VIT - Bhopal,Ninja,TCS,BEC,3.3LPA
4200,21BEC10046,VIT - Bhopal,Ninja,TCS,BEC,3.3LPA
4201,21BHI10009,VIT - Bhopal,Ninja,TCS,BHI,3.3LPA
4202,21BHI10016,VIT - Bhopal,GenC Select,Cognizant,BHI,4LPA
4203,21BHI10016,VIT - Bhopal,,LTIMindtree,BHI,4LPA
4204,21BHI10016,VIT - Bhopal,Ninja,TCS,BHI,3.3LPA
4205,21BHI10017,VIT - Bhopal,GenC Next Select,Cognizant,BHI,5.4LPA
4206,21BHI10019,VIT - Bhopal,GenC Select,Cognizant,BHI,4LPA
4207,21BHI10019,VIT - Bhopal,,LTIMindtree,BHI,4LPA
4208,21BHI10022,VIT - Bhopal,Ninja,TCS,BHI,3.3LPA
4209,21BHI10031,VIT - Bhopal,Ninja,TCS,BHI,3.3LPA
4210,21BHI10036,VIT - Bhopal,Ninja,TCS,BHI,3.3LPA
4211,21BHI10038,VIT - Bhopal,GenC Select,Cognizant,BHI,4LPA
4212,21BHI10038,VIT - Bhopal,,LTIMindtree,BHI,4LPA
4213,21BHI10038,VIT - Bhopal,Ninja,TCS,BHI,3.3LPA
4214,21BHI10047,VIT - Bhopal,Ninja,TCS,BHI,3.3LPA
4215,21BHI10049,VIT - Bhopal,GenC Next Select,Cognizant,BHI,5.4LPA
4216,21BHI10063,VIT - Bhopal,Ninja,TCS,BHI,3.3LPA
4217,21BHI10072,VIT - Bhopal,Ninja,TCS,BHI,3.3LPA
4218,21BHI10085,VIT - Bhopal,Ninja,TCS,BHI,3.3LPA
4219,21BHI10090,VIT - Bhopal,Ninja,TCS,BHI,3.3LPA
4220,21BHI10090,VIT - Bhopal,GenC Select,Cognizant,BHI,4LPA
4221,21BHI10094,VIT - Bhopal,GenC Select,Cognizant,BHI,4LPA
4222,21BHI10094,VIT - Bhopal,Ninja,TCS,BHI,3.3LPA
4223,21BMR10023,VIT - Bhopal,,LTIMindtree,BMR,4LPA
4224,21BOE10005,VIT - Bhopal,Ninja,TCS,BOE,3.3LPA
4225,21BOE10009,VIT - Bhopal,Ninja,TCS,BOE,3.3LPA
4226,21BOE10034,VIT - Bhopal,Ninja,TCS,BOE,3.3LPA
4227,21BSA10001,VIT - Bhopal,Ninja,TCS,BSA,3.3LPA
4228,21BSA10006,VIT - Bhopal,,LTIMindtree,BSA,4LPA
4229,21BSA10006,VIT - Bhopal,Ninja,TCS,BSA,3.3LPA
4230,21BSA10013,VIT - Bhopal,GenC Next Select,Cognizant,BSA,5.4LPA
4231,21BSA10035,VIT - Bhopal,GenC Select,Cognizant,BSA,4LPA
4232,21BSA10048,VIT - Bhopal,GenC Select,Cognizant,BSA,4LPA
4233,21BSA10048,VIT - Bhopal,,LTIMindtree,BSA,4LPA
4234,21BSA10049,VIT - Bhopal,,LTIMindtree,BSA,4LPA
4235,21BSA10054,VIT - Bhopal,Ninja,TCS,BSA,3.3LPA
4236,21BSA10056,VIT - Bhopal,GenC Select,Cognizant,BSA,4LPA
4237,21BSA10065,VIT - Bhopal,Ninja,TCS,BSA,3.3LPA
4238,21BSA10075,VIT - Bhopal,,LTIMindtree,BSA,4LPA
4239,21BSA10092,VIT - Bhopal,GenC Select,Cognizant,BSA,4LPA
4240,21BSA10093,VIT - Bhopal,GenC Select,Cognizant,BSA,4LPA
4241,21BSA10093,VIT - Bhopal,,LTIMindtree,BSA,4LPA
4242,21BSA10093,VIT - Bhopal,Ninja,TCS,BSA,3.3LPA
4243,21BSA10103,VIT - Bhopal,Ninja,TCS,BSA,3.3LPA
4244,21BSA10106,VIT - Bhopal,Ninja,TCS,BSA,3.3LPA
4245,21BSA10109,VIT - Bhopal,GenC Select,Cognizant,BSA,4LPA
4246,21BSA10109,VIT - Bhopal,,LTIMindtree,BSA,4LPA
4247,21BSA10109,VIT - Bhopal,Ninja,TCS,BSA,3.3LPA
4248,21BSA10117,VIT - Bhopal,,LTIMindtree,BSA,4LPA
4249,21BSA10121,VIT - Bhopal,GenC Next Select,Cognizant,BSA,5.4LPA
4250,21BSA10124,VIT - Bhopal,Ninja,TCS,BSA,3.3LPA
4251,21BSA10126,VIT - Bhopal,GenC Select,Cognizant,BSA,4LPA
4252,21BSA10126,VIT - Bhopal,Ninja,TCS,BSA,3.3LPA
4253,21BSA10129,VIT - Bhopal,GenC Next Select,Cognizant,BSA,5.4LPA
4254,21BSA10137,VIT - Bhopal,GenC Select,Cognizant,BSA,4LPA
4255,21BSA10137,VIT - Bhopal,Ninja,TCS,BSA,3.3LPA
4256,21BSA10144,VIT - Bhopal,,LTIMindtree,BSA,4LPA
4257,21BSA10144,VIT - Bhopal,Ninja,TCS,BSA,3.3LPA
4258,21BSA10148,VIT - Bhopal,Ninja,TCS,BSA,3.3LPA
4259,21BSA10156,VIT - Bhopal,,LTIMindtree,BSA,4LPA
4260,21BSA10156,VIT - Bhopal,Ninja,TCS,BSA,3.3LPA
4261,21BSA10157,VIT - Bhopal,GenC Select,Cognizant,BSA,4LPA
4262,21BSA10157,VIT - Bhopal,Ninja,TCS,BSA,3.3LPA
4263,21BSA10161,VIT - Bhopal,Ninja,TCS,BSA,3.3LPA
4264,21BSA10162,VIT - Bhopal,Ninja,TCS,BSA,3.3LPA
4265,21BSA10165,VIT - Bhopal,GenC Select,Cognizant,BSA,4LPA
4266,21BSA10167,VIT - Bhopal,Ninja,TCS,BSA,3.3LPA
4267,21BSA10169,VIT - Bhopal,Ninja,TCS,BSA,3.3LPA
4299,21BCB7002,VIT - Amaravati,,LTIMindtree,BCB,4LPA
4300,21BCB7002,VIT - Amaravati,Ninja,TCS,BCB,3.3LPA
4301,21BCB7015,VIT - Amaravati,,LTIMindtree,BCB,4LPA
4302,21BCB7015,VIT - Amaravati,Ninja,TCS,BCB,3.3LPA
4303,21BCB7016,VIT - Amaravati,,LTIMindtree,BCB,4LPA
4304,21BCB7016,VIT - Amaravati,Ninja,TCS,BCB,3.3LPA
4305,21BCB7020,VIT - Amaravati,Ninja,TCS,BCB,3.3LPA
4306,21BCB7027,VIT - Amaravati,,LTIMindtree,BCB,4LPA
4307,21BCB7027,VIT - Amaravati,Ninja,TCS,BCB,3.3LPA
4308,21BCB7029,VIT - Amaravati,GenC Select,Cognizant,BCB,4LPA
4309,21BCB7030,VIT - Amaravati,Ninja,TCS,BCB,3.3LPA
4310,21BCB7033,VIT - Amaravati,Ninja,TCS,BCB,3.3LPA
4311,21BCB7043,VIT - Amaravati,Ninja,TCS,BCB,3.3LPA
4312,21BCB7044,VIT - Amaravati,GenC Next Select,Cognizant,BCB,5.4LPA
4313,21BCB7045,VIT - Amaravati,,LTIMindtree,BCB,4LPA
4314,21BCB7045,VIT - Amaravati,Ninja,TCS,BCB,3.3LPA
4315,21BCB7048,VIT - Amaravati,,LTIMindtree,BCB,4LPA
4316,21BCB7048,VIT - Amaravati,Ninja,TCS,BCB,3.3LPA
4317,21BCB7053,VIT - Amaravati,Ninja,TCS,BCB,3.3LPA
4318,21BCB7058,VIT - Amaravati,Ninja,TCS,BCB,3.3LPA
4319,21BCB7060,VIT - Amaravati,,LTIMindtree,BCB,4LPA
4320,21BCB7060,VIT - Amaravati,Ninja,TCS,BCB,3.3LPA
4321,21BCB7062,VIT - Amaravati,,LTIMindtree,BCB,4LPA
4322,21BCB7076,VIT - Amaravati,Ninja,TCS,BCB,3.3LPA
4323,21BCB7081,VIT - Amaravati,Ninja,TCS,BCB,3.3LPA
4324,21BCB7081,VIT - Amaravati,,LTIMindtree,BCB,4LPA
4325,21BCB7081,VIT - Amaravati,GenC Select,Cognizant,BCB,4LPA
4326,21BCB7083,VIT - Amaravati,Ninja,TCS,BCB,3.3LPA
4327,21BCB7109,VIT - Amaravati,,LTIMindtree,BCB,4LPA
4328,21BCB7109,VIT - Amaravati,Ninja,TCS,BCB,3.3LPA
4329,21BCB7121,VIT - Amaravati,Ninja,TCS,BCB,3.3LPA
4330,21BCB7122,VIT - Amaravati,GenC Select,Cognizant,BCB,4LPA
4331,21BCB7122,VIT - Amaravati,,LTIMindtree,BCB,4LPA
4332,21BCB7124,VIT - Amaravati,Ninja,TCS,BCB,3.3LPA
4333,21BCB7125,VIT - Amaravati,Ninja,TCS,BCB,3.3LPA
4334,21BCB7128,VIT - Amaravati,Ninja,TCS,BCB,3.3LPA
4335,21BCB7134,VIT - Amaravati,Ninja,TCS,BCB,3.3LPA
4336,21BCB7137,VIT - Amaravati,Ninja,TCS,BCB,3.3LPA
4337,21BCB7139,VIT - Amaravati,Ninja,TCS,BCB,3.3LPA
4338,21BCE7002,VIT - Amaravati,GenC Select,Cognizant,BCE,4LPA
4339,21BCE7005,VIT - Amaravati,GenC Select,Cognizant,BCE,4LPA
4340,21BCE7005,VIT - Amaravati,Ninja,TCS,BCE,3.3LPA
4341,21BCE7010,VIT - Amaravati,,LTIMindtree,BCE,4LPA
4342,21BCE7016,VIT - Amaravati,,LTIMindtree,BCE,4LPA
4343,21BCE7019,VIT - Amaravati,Ninja,TCS,BCE,3.3LPA
4344,21BCE7020,VIT - Amaravati,Ninja,TCS,BCE,3.3LPA
4345,21BCE7025,VIT - Amaravati,Ninja,TCS,BCE,3.3LPA
4346,21BCE7034,VIT - Amaravati,,LTIMindtree,BCE,4LPA
4347,21BCE7037,VIT - Amaravati,Ninja,TCS,BCE,3.3LPA
4348,21BCE7039,VIT - Amaravati,GenC Select,Cognizant,BCE,4LPA
4349,21BCE7040,VIT - Amaravati,Ninja,TCS,BCE,3.3LPA
4350,21BCE7045,VIT - Amaravati,Ninja,TCS,BCE,3.3LPA
4351,21BCE7047,VIT - Amaravati,,LTIMindtree,BCE,4LPA
4352,21BCE7048,VIT - Amaravati,Ninja,TCS,BCE,3.3LPA
4353,21BCE7049,VIT - Amaravati,GenC Select,Cognizant,BCE,4LPA
4354,21BCE7049,VIT - Amaravati,Ninja,TCS,BCE,3.3LPA
4355,21BCE7053,VIT - Amaravati,Ninja,TCS,BCE,3.3LPA
4356,21BCE7058,VIT - Amaravati,,LTIMindtree,BCE,4LPA
4357,21BCE7058,VIT - Amaravati,Ninja,TCS,BCE,3.3LPA
4358,21BCE7062,VIT - Amaravati,GenC Select,Cognizant,BCE,4LPA
4359,21BCE7062,VIT - Amaravati,Ninja,TCS,BCE,3.3LPA
4360,21BCE7064,VIT - Amaravati,Ninja,TCS,BCE,3.3LPA
4361,21BCE7070,VIT - Amaravati,,LTIMindtree,BCE,4LPA
4362,21BCE7070,VIT - Amaravati,Ninja,TCS,BCE,3.3LPA
4363,21BCE7070,VIT - Amaravati,GenC Select,Cognizant,BCE,4LPA
4364,21BCE7075,VIT - Amaravati,GenC Select,Cognizant,BCE,4LPA
4365,21BCE7079,VIT - Amaravati,Ninja,TCS,BCE,3.3LPA
4366,21BCE7082,VIT - Amaravati,Ninja,TCS,BCE,3.3LPA
4367,21BCE7085,VIT - Amaravati,Ninja,TCS,BCE,3.3LPA
4368,21BCE7091,VIT - Amaravati,Ninja,TCS,BCE,3.3LPA
4369,21BCE7096,VIT - Amaravati,GenC Select,Cognizant,BCE,4LPA
4370,21BCE7096,VIT - Amaravati,Ninja,TCS,BCE,3.3LPA
4371,21BCE7102,VIT - Amaravati,Ninja,TCS,BCE,3.3LPA
4372,21BCE7104,VIT - Amaravati,Ninja,TCS,BCE,3.3LPA
4373,21BCE7106,VIT - Amaravati,Ninja,TCS,BCE,3.3LPA
4374,21BCE7108,VIT - Amaravati,Ninja,TCS,BCE,3.3LPA
4375,21BCE7109,VIT - Amaravati,GenC Select,Cognizant,BCE,4LPA
4376,21BCE7109,VIT - Amaravati,Ninja,TCS,BCE,3.3LPA
4377,21BCE7114,VIT - Amaravati,Ninja,TCS,BCE,3.3LPA
4378,21BCE7118,VIT - Amaravati,GenC Select,Cognizant,BCE,4LPA
4379,21BCE7118,VIT - Amaravati,Ninja,TCS,BCE,3.3LPA
4380,21BCE7120,VIT - Amaravati,Ninja,TCS,BCE,3.3LPA
4381,21BCE7136,VIT - Amaravati,Ninja,TCS,BCE,3.3LPA
4382,21BCE7150,VIT - Amaravati,,LTIMindtree,BCE,4LPA
4383,21BCE7150,VIT - Amaravati,Ninja,TCS,BCE,3.3LPA
4384,21BCE7158,VIT - Amaravati,GenC Select,Cognizant,BCE,4LPA
4385,21BCE7158,VIT - Amaravati,Ninja,TCS,BCE,3.3LPA
4386,21BCE7164,VIT - Amaravati,Ninja,TCS,BCE,3.3LPA
4387,21BCE7180,VIT - Amaravati,GenC Select,Cognizant,BCE,4LPA
4388,21BCE7183,VIT - Amaravati,,LTIMindtree,BCE,4LPA
4389,21BCE7185,VIT - Amaravati,,LTIMindtree,BCE,4LPA
4390,21BCE7190,VIT - Amaravati,GenC Select,Cognizant,BCE,4LPA
4391,21BCE7190,VIT - Amaravati,Ninja,TCS,BCE,3.3LPA
4392,21bce7196,VIT - Amaravati,Ninja,TCS,BCE,3.3LPA
4393,21BCE7202,VIT - Amaravati,Ninja,TCS,BCE,3.3LPA
4394,21BCE7208,VIT - Amaravati,Ninja,TCS,BCE,3.3LPA
4395,21BCE7214,VIT - Amaravati,Ninja,TCS,BCE,3.3LPA
4396,21BCE7216,VIT - Amaravati,Ninja,TCS,BCE,3.3LPA
4397,21BCE7217,VIT - Amaravati,Ninja,TCS,BCE,3.3LPA
4398,21BCE7218,VIT - Amaravati,Ninja,TCS,BCE,3.3LPA
4399,21BCE7221,VIT - Amaravati,GenC Select,Cognizant,BCE,4LPA
4400,21BCE7222,VIT - Amaravati,Ninja,TCS,BCE,3.3LPA
4401,21BCE7229,VIT - Amaravati,Ninja,TCS,BCE,3.3LPA
4402,21BCE7231,VIT - Amaravati,Ninja,TCS,BCE,3.3LPA
4403,21BCE7232,VIT - Amaravati,Ninja,TCS,BCE,3.3LPA
4404,21BCE7237,VIT - Amaravati,,LTIMindtree,BCE,4LPA
4405,21bce7237,VIT - Amaravati,Ninja,TCS,BCE,3.3LPA
4406,21BCE7245,VIT - Amaravati,Ninja,TCS,BCE,3.3LPA
4407,21BCE7246,VIT - Amaravati,Ninja,TCS,BCE,3.3LPA
4408,21BCE7247,VIT - Amaravati,Ninja,TCS,BCE,3.3LPA
4409,21BCE7252,VIT - Amaravati,Ninja,TCS,BCE,3.3LPA
4410,21BCE7258,VIT - Amaravati,Ninja,TCS,BCE,3.3LPA
4411,21BCE7267,VIT - Amaravati,Ninja,TCS,BCE,3.3LPA
4412,21BCE7269,VIT - Amaravati,Ninja,TCS,BCE,3.3LPA
4413,21BCE7276,VIT - Amaravati,,LTIMindtree,BCE,4LPA
4414,21BCE7276,VIT - Amaravati,Ninja,TCS,BCE,3.3LPA
4415,21BCE7285,VIT - Amaravati,GenC Select,Cognizant,BCE,4LPA
4416,21BCE7286,VIT - Amaravati,Ninja,TCS,BCE,3.3LPA
4417,21bce7289,VIT - Amaravati,Ninja,TCS,BCE,3.3LPA
4418,21BCE7298,VIT - Amaravati,Ninja,TCS,BCE,3.3LPA
4419,21BCE7306,VIT - Amaravati,Ninja,TCS,BCE,3.3LPA
4420,21BCE7308,VIT - Amaravati,,LTIMindtree,BCE,4LPA
4421,21bce7313,VIT - Amaravati,Ninja,TCS,BCE,3.3LPA
4422,21BCE7314,VIT - Amaravati,Ninja,TCS,BCE,3.3LPA
4423,21BCE7316,VIT - Amaravati,Ninja,TCS,BCE,3.3LPA
4424,21BCE7316,VIT - Amaravati,GenC Select,Cognizant,BCE,4LPA
4425,21BCE7321,VIT - Amaravati,,LTIMindtree,BCE,4LPA
4426,21BCE7321,VIT - Amaravati,Ninja,TCS,BCE,3.3LPA
4427,21BCE7322,VIT - Amaravati,,LTIMindtree,BCE,4LPA
4428,21BCE7327,VIT - Amaravati,Ninja,TCS,BCE,3.3LPA
4429,21BCE7331,VIT - Amaravati,Ninja,TCS,BCE,3.3LPA
4430,21BCE7333,VIT - Amaravati,Ninja,TCS,BCE,3.3LPA
4431,21BCE7338,VIT - Amaravati,Ninja,TCS,BCE,3.3LPA
4432,21bce7340,VIT - Amaravati,Ninja,TCS,BCE,3.3LPA
4433,21BCE7342,VIT - Amaravati,Ninja,TCS,BCE,3.3LPA
4434,21BCE7344,VIT - Amaravati,GenC Select,Cognizant,BCE,4LPA
4435,21BCE7348,VIT - Amaravati,Ninja,TCS,BCE,3.3LPA
4436,21BCE7355,VIT - Amaravati,GenC Select,Cognizant,BCE,4LPA
4437,21BCE7363,VIT - Amaravati,Ninja,TCS,BCE,3.3LPA
4438,21BCE7365,VIT - Amaravati,Ninja,TCS,BCE,3.3LPA
4439,21BCE7381,VIT - Amaravati,Ninja,TCS,BCE,3.3LPA
4440,21BCE7389,VIT - Amaravati,Ninja,TCS,BCE,3.3LPA
4441,21BCE7391,VIT - Amaravati,,LTIMindtree,BCE,4LPA
4442,21BCE7391,VIT - Amaravati,Ninja,TCS,BCE,3.3LPA
4443,21BCE7391,VIT - Amaravati,GenC Select,Cognizant,BCE,4LPA
4444,21BCE7400,VIT - Amaravati,GenC Select,Cognizant,BCE,4LPA
4445,21BCE7402,VIT - Amaravati,Ninja,TCS,BCE,3.3LPA
4446,21BCE7404,VIT - Amaravati,Ninja,TCS,BCE,3.3LPA
4447,21BCE7408,VIT - Amaravati,Ninja,TCS,BCE,3.3LPA
4448,21BCE7412,VIT - Amaravati,Ninja,TCS,BCE,3.3LPA
4449,21BCE7415,VIT - Amaravati,GenC Select,Cognizant,BCE,4LPA
4450,21BCE7418,VIT - Amaravati,,LTIMindtree,BCE,4LPA
4451,21bce7420,VIT - Amaravati,GenC Select,Cognizant,BCE,4LPA
4452,21bce7420,VIT - Amaravati,Ninja,TCS,BCE,3.3LPA
4453,21BCE7429,VIT - Amaravati,Ninja,TCS,BCE,3.3LPA
4454,21BCE7430,VIT - Amaravati,,LTIMindtree,BCE,4LPA
4455,21BCE7439,VIT - Amaravati,Ninja,TCS,BCE,3.3LPA
4456,21BCE7446,VIT - Amaravati,GenC Select,Cognizant,BCE,4LPA
4457,21BCE7448,VIT - Amaravati,,LTIMindtree,BCE,4LPA
4458,21bce7448,VIT - Amaravati,Ninja,TCS,BCE,3.3LPA
4459,21BCE7448,VIT - Amaravati,GenC Select,Cognizant,BCE,4LPA
4460,21BCE7455,VIT - Amaravati,Ninja,TCS,BCE,3.3LPA
4461,21BCE7457,VIT - Amaravati,,LTIMindtree,BCE,4LPA
4462,21BCE7457,VIT - Amaravati,Ninja,TCS,BCE,3.3LPA
4463,21BCE7461,VIT - Amaravati,GenC Select,Cognizant,BCE,4LPA
4464,21BCE7461,VIT - Amaravati,Ninja,TCS,BCE,3.3LPA
4465,21BCE7468,VIT - Amaravati,,LTIMindtree,BCE,4LPA
4466,21BCE7477,VIT - Amaravati,,LTIMindtree,BCE,4LPA
4467,21BCE7477,VIT - Amaravati,Ninja,TCS,BCE,3.3LPA
4468,21bce7478,VIT - Amaravati,Ninja,TCS,BCE,3.3LPA
4469,21BCE7486,VIT - Amaravati,,LTIMindtree,BCE,4LPA
4470,21BCE7492,VIT - Amaravati,Ninja,TCS,BCE,3.3LPA
4471,21BCE7494,VIT - Amaravati,,LTIMindtree,BCE,4LPA
4472,21BCE7494,VIT - Amaravati,Ninja,TCS,BCE,3.3LPA
4473,21BCE7497,VIT - Amaravati,Ninja,TCS,BCE,3.3LPA
4474,21bce7503,VIT - Amaravati,GenC Select,Cognizant,BCE,4LPA
4475,21BCE7515,VIT - Amaravati,Ninja,TCS,BCE,3.3LPA
4476,21BCE7516,VIT - Amaravati,,LTIMindtree,BCE,4LPA
4477,21bce7519,VIT - Amaravati,GenC Select,Cognizant,BCE,4LPA
4478,21BCE7519,VIT - Amaravati,Ninja,TCS,BCE,3.3LPA
4479,21BCE7534,VIT - Amaravati,Ninja,TCS,BCE,3.3LPA
4480,21BCE7538,VIT - Amaravati,GenC Select,Cognizant,BCE,4LPA
4481,21BCE7538,VIT - Amaravati,,LTIMindtree,BCE,4LPA
4482,21BCE7543,VIT - Amaravati,GenC Select,Cognizant,BCE,4LPA
4483,21BCE7543,VIT - Amaravati,,LTIMindtree,BCE,4LPA
4484,21BCE7549,VIT - Amaravati,Ninja,TCS,BCE,3.3LPA
4485,21BCE7550,VIT - Amaravati,GenC Select,Cognizant,BCE,4LPA
4486,21BCE7550,VIT - Amaravati,,LTIMindtree,BCE,4LPA
4487,21BCE7551,VIT - Amaravati,Ninja,TCS,BCE,3.3LPA
4488,21BCE7554,VIT - Amaravati,,LTIMindtree,BCE,4LPA
4489,21bce7571,VIT - Amaravati,,LTIMindtree,BCE,4LPA
4490,21BCE7571,VIT - Amaravati,Ninja,TCS,BCE,3.3LPA
4491,21BCE7579,VIT - Amaravati,GenC Select,Cognizant,BCE,4LPA
4492,21bce7579,VIT - Amaravati,Ninja,TCS,BCE,3.3LPA
4493,21BCE7582,VIT - Amaravati,,LTIMindtree,BCE,4LPA
4494,21BCE7591,VIT - Amaravati,GenC Select,Cognizant,BCE,4LPA
4495,21BCE7591,VIT - Amaravati,,LTIMindtree,BCE,4LPA
4496,21BCE7593,VIT - Amaravati,Ninja,TCS,BCE,3.3LPA
4497,21BCE7600,VIT - Amaravati,Ninja,TCS,BCE,3.3LPA
4498,21bce7609,VIT - Amaravati,GenC Select,Cognizant,BCE,4LPA
4499,21BCE7611,VIT - Amaravati,Ninja,TCS,BCE,3.3LPA
4500,21BCE7620,VIT - Amaravati,Ninja,TCS,BCE,3.3LPA
4501,21BCE7628,VIT - Amaravati,Ninja,TCS,BCE,3.3LPA
4502,21bce7634,VIT - Amaravati,GenC Select,Cognizant,BCE,4LPA
4503,21BCE7639,VIT - Amaravati,,LTIMindtree,BCE,4LPA
4504,21BCE7639,VIT - Amaravati,Ninja,TCS,BCE,3.3LPA
4505,21BCE7656,VIT - Amaravati,GenC Next Select,Cognizant,BCE,5.4LPA
4506,21BCE7668,VIT - Amaravati,GenC Next Select,Cognizant,BCE,5.4LPA
4507,21BCE7675,VIT - Amaravati,Ninja,TCS,BCE,3.3LPA
4508,21BCE7682,VIT - Amaravati,Ninja,TCS,BCE,3.3LPA
4509,21bce7684,VIT - Amaravati,Ninja,TCS,BCE,3.3LPA
4510,21bce7686,VIT - Amaravati,,LTIMindtree,BCE,4LPA
4511,21BCE7690,VIT - Amaravati,GenC Select,Cognizant,BCE,4LPA
4512,21BCE7690,VIT - Amaravati,Ninja,TCS,BCE,3.3LPA
4513,21BCE7696,VIT - Amaravati,Ninja,TCS,BCE,3.3LPA
4514,21BCE7703,VIT - Amaravati,Ninja,TCS,BCE,3.3LPA
4515,21BCE7704,VIT - Amaravati,Ninja,TCS,BCE,3.3LPA
4516,21BCE7705,VIT - Amaravati,Ninja,TCS,BCE,3.3LPA
4517,21bce7707,VIT - Amaravati,Ninja,TCS,BCE,3.3LPA
4518,21BCE7714,VIT - Amaravati,Ninja,TCS,BCE,3.3LPA
4519,21BCE7716,VIT - Amaravati,Ninja,TCS,BCE,3.3LPA
4520,21BCE7717,VIT - Amaravati,Ninja,TCS,BCE,3.3LPA
4521,21bce7737,VIT - Amaravati,Ninja,TCS,BCE,3.3LPA
4522,21BCE7741,VIT - Amaravati,Ninja,TCS,BCE,3.3LPA
4523,21BCE7742,VIT - Amaravati,GenC Select,Cognizant,BCE,4LPA
4524,21BCE7742,VIT - Amaravati,Ninja,TCS,BCE,3.3LPA
4525,21BCE7746,VIT - Amaravati,GenC Next Select,Cognizant,BCE,5.4LPA
4526,21BCE7751,VIT - Amaravati,Ninja,TCS,BCE,3.3LPA
4527,21BCE7753,VIT - Amaravati,Ninja,TCS,BCE,3.3LPA
4528,21BCE7756,VIT - Amaravati,Ninja,TCS,BCE,3.3LPA
4529,21BCE7760,VIT - Amaravati,Ninja,TCS,BCE,3.3LPA
4530,21BCE7762,VIT - Amaravati,,LTIMindtree,BCE,4LPA
4531,21BCE7762,VIT - Amaravati,Ninja,TCS,BCE,3.3LPA
4532,21BCE7765,VIT - Amaravati,GenC Select,Cognizant,BCE,4LPA
4533,21BCE7770,VIT - Amaravati,GenC Select,Cognizant,BCE,4LPA
4534,21BCE7773,VIT - Amaravati,,LTIMindtree,BCE,4LPA
4535,21BCE7776,VIT - Amaravati,GenC Select,Cognizant,BCE,4LPA
4536,21BCE7782,VIT - Amaravati,Ninja,TCS,BCE,3.3LPA
4537,21BCE7785,VIT - Amaravati,GenC Select,Cognizant,BCE,4LPA
4538,21BCE7785,VIT - Amaravati,Ninja,TCS,BCE,3.3LPA
4539,21BCE7792,VIT - Amaravati,Ninja,TCS,BCE,3.3LPA
4540,21BCE7796,VIT - Amaravati,,LTIMindtree,BCE,4LPA
4541,21BCE7796,VIT - Amaravati,Ninja,TCS,BCE,3.3LPA
4542,21BCE7805,VIT - Amaravati,GenC Select,Cognizant,BCE,4LPA
4543,21BCE7805,VIT - Amaravati,Ninja,TCS,BCE,3.3LPA
4544,21BCE7808,VIT - Amaravati,GenC Select,Cognizant,BCE,4LPA
4545,21BCE7808,VIT - Amaravati,,LTIMindtree,BCE,4LPA
4546,21BCE7808,VIT - Amaravati,Ninja,TCS,BCE,3.3LPA
4547,21BCE7818,VIT - Amaravati,,LTIMindtree,BCE,4LPA
4548,21BCE7819,VIT - Amaravati,Ninja,TCS,BCE,3.3LPA
4549,21BCE7828,VIT - Amaravati,GenC Select,Cognizant,BCE,4LPA
4550,21BCE7828,VIT - Amaravati,Ninja,TCS,BCE,3.3LPA
4551,21BCE7830,VIT - Amaravati,Ninja,TCS,BCE,3.3LPA
4552,21bce7835,VIT - Amaravati,GenC Select,Cognizant,BCE,4LPA
4553,21bce7835,VIT - Amaravati,Ninja,TCS,BCE,3.3LPA
4554,21bce7836,VIT - Amaravati,Ninja,TCS,BCE,3.3LPA
4555,21BCE7838,VIT - Amaravati,,LTIMindtree,BCE,4LPA
4556,21BCE7847,VIT - Amaravati,GenC Select,Cognizant,BCE,4LPA
4557,21BCE7847,VIT - Amaravati,,LTIMindtree,BCE,4LPA
4558,21BCE7880,VIT - Amaravati,Ninja,TCS,BCE,3.3LPA
4559,21BCE7883,VIT - Amaravati,GenC Select,Cognizant,BCE,4LPA
4560,21BCE7883,VIT - Amaravati,Ninja,TCS,BCE,3.3LPA
4561,21BCE7891,VIT - Amaravati,,LTIMindtree,BCE,4LPA
4562,21BCE7891,VIT - Amaravati,Ninja,TCS,BCE,3.3LPA
4563,21BCE7894,VIT - Amaravati,GenC Select,Cognizant,BCE,4LPA
4564,21BCE7894,VIT - Amaravati,Ninja,TCS,BCE,3.3LPA
4565,21BCE7895,VIT - Amaravati,Ninja,TCS,BCE,3.3LPA
4566,21BCE7897,VIT - Amaravati,GenC Select,Cognizant,BCE,4LPA
4567,21BCE7899,VIT - Amaravati,GenC Select,Cognizant,BCE,4LPA
4568,21BCE7908,VIT - Amaravati,,LTIMindtree,BCE,4LPA
4569,21BCE7910,VIT - Amaravati,Ninja,TCS,BCE,3.3LPA
4570,21BCE7912,VIT - Amaravati,GenC Select,Cognizant,BCE,4LPA
4571,21BCE7917,VIT - Amaravati,GenC Select,Cognizant,BCE,4LPA
4572,21BCE7922,VIT - Amaravati,Ninja,TCS,BCE,3.3LPA
4573,21BCE7926,VIT - Amaravati,,LTIMindtree,BCE,4LPA
4574,21BCE7926,VIT - Amaravati,Ninja,TCS,BCE,3.3LPA
4575,21BCE7927,VIT - Amaravati,,LTIMindtree,BCE,4LPA
4576,21bce7936,VIT - Amaravati,,LTIMindtree,BCE,4LPA
4577,21BCE7936,VIT - Amaravati,Ninja,TCS,BCE,3.3LPA
4578,21BCE7938,VIT - Amaravati,Ninja,TCS,BCE,3.3LPA
4579,21BCE7943,VIT - Amaravati,GenC Select,Cognizant,BCE,4LPA
4580,21bce7943,VIT - Amaravati,Ninja,TCS,BCE,3.3LPA
4581,21BCE7945,VIT - Amaravati,Ninja,TCS,BCE,3.3LPA
4582,21BCE7949,VIT - Amaravati,GenC Select,Cognizant,BCE,4LPA
4583,21BCE7961,VIT - Amaravati,GenC Select,Cognizant,BCE,4LPA
4584,21BCE7961,VIT - Amaravati,,LTIMindtree,BCE,4LPA
4585,21BCE7969,VIT - Amaravati,GenC Select,Cognizant,BCE,4LPA
4586,21BCE7969,VIT - Amaravati,Ninja,TCS,BCE,3.3LPA
4587,21bce7991,VIT - Amaravati,,LTIMindtree,BCE,4LPA
4588,21bce8002,VIT - Amaravati,GenC Select,Cognizant,BCE,4LPA
4589,21bce8002,VIT - Amaravati,,LTIMindtree,BCE,4LPA
4590,21BCE8002,VIT - Amaravati,Ninja,TCS,BCE,3.3LPA
4591,21BCE8017,VIT - Amaravati,Ninja,TCS,BCE,3.3LPA
4592,21BCE8019,VIT - Amaravati,GenC Select,Cognizant,BCE,4LPA
4593,21BCE8019,VIT - Amaravati,Ninja,TCS,BCE,3.3LPA
4594,21BCE8020,VIT - Amaravati,GenC Select,Cognizant,BCE,4LPA
4595,21BCE8020,VIT - Amaravati,Ninja,TCS,BCE,3.3LPA
4596,21BCE8026,VIT - Amaravati,GenC Select,Cognizant,BCE,4LPA
4597,21BCE8041,VIT - Amaravati,,LTIMindtree,BCE,4LPA
4598,21bce8042,VIT - Amaravati,Ninja,TCS,BCE,3.3LPA
4599,21BCE8049,VIT - Amaravati,GenC Select,Cognizant,BCE,4LPA
4600,21BCE8049,VIT - Amaravati,Ninja,TCS,BCE,3.3LPA
4601,21BCE8053,VIT - Amaravati,Ninja,TCS,BCE,3.3LPA
4602,21BCE8056,VIT - Amaravati,,LTIMindtree,BCE,4LPA
4603,21BCE8056,VIT - Amaravati,Ninja,TCS,BCE,3.3LPA
4604,21BCE8057,VIT - Amaravati,GenC Select,Cognizant,BCE,4LPA
4605,21BCE8057,VIT - Amaravati,Ninja,TCS,BCE,3.3LPA
4606,21bce8061,VIT - Amaravati,GenC Select,Cognizant,BCE,4LPA
4607,21BCE8061,VIT - Amaravati,Ninja,TCS,BCE,3.3LPA
4608,21BCE8065,VIT - Amaravati,GenC Next Select,Cognizant,BCE,5.4LPA
4609,21BCE8068,VIT - Amaravati,Ninja,TCS,BCE,3.3LPA
4610,21BCE8069,VIT - Amaravati,GenC Select,Cognizant,BCE,4LPA
4611,21BCE8091,VIT - Amaravati,Ninja,TCS,BCE,3.3LPA
4612,21BCE8093,VIT - Amaravati,Ninja,TCS,BCE,3.3LPA
4613,21BCE8098,VIT - Amaravati,GenC Select,Cognizant,BCE,4LPA
4614,21bce8102,VIT - Amaravati,Ninja,TCS,BCE,3.3LPA
4615,21BCE8105,VIT - Amaravati,GenC Select,Cognizant,BCE,4LPA
4616,21BCE8106,VIT - Amaravati,Ninja,TCS,BCE,3.3LPA
4617,21bce8109,VIT - Amaravati,GenC Select,Cognizant,BCE,4LPA
4618,21bce8109,VIT - Amaravati,Ninja,TCS,BCE,3.3LPA
4619,21BCE8118,VIT - Amaravati,Ninja,TCS,BCE,3.3LPA
4620,21BCE8122,VIT - Amaravati,Ninja,TCS,BCE,3.3LPA
4621,21BCE8145,VIT - Amaravati,Ninja,TCS,BCE,3.3LPA
4622,21BCE8148,VIT - Amaravati,Ninja,TCS,BCE,3.3LPA
4623,21bce8150,VIT - Amaravati,Ninja,TCS,BCE,3.3LPA
4624,21bce8171,VIT - Amaravati,,LTIMindtree,BCE,4LPA
4625,21BCE8174,VIT - Amaravati,Ninja,TCS,BCE,3.3LPA
4626,21BCE8184,VIT - Amaravati,GenC Select,Cognizant,BCE,4LPA
4627,21BCE8184,VIT - Amaravati,Ninja,TCS,BCE,3.3LPA
4628,21BCE8186,VIT - Amaravati,GenC Select,Cognizant,BCE,4LPA
4629,21bce8196,VIT - Amaravati,Ninja,TCS,BCE,3.3LPA
4630,21BCE8197,VIT - Amaravati,GenC Select,Cognizant,BCE,4LPA
4631,21bce8202,VIT - Amaravati,Ninja,TCS,BCE,3.3LPA
4632,21BCE8218,VIT - Amaravati,Ninja,TCS,BCE,3.3LPA
4633,21BCE8228,VIT - Amaravati,GenC Select,Cognizant,BCE,4LPA
4634,21BCE8234,VIT - Amaravati,GenC Select,Cognizant,BCE,4LPA
4635,21BCE8234,VIT - Amaravati,Ninja,TCS,BCE,3.3LPA
4636,21BCE8247,VIT - Amaravati,Ninja,TCS,BCE,3.3LPA
4637,21BCE8257,VIT - Amaravati,Ninja,TCS,BCE,3.3LPA
4638,21BCE8262,VIT - Amaravati,Ninja,TCS,BCE,3.3LPA
4639,21BCE8266,VIT - Amaravati,GenC Select,Cognizant,BCE,4LPA
4640,21BCE8274,VIT - Amaravati,,LTIMindtree,BCE,4LPA
4641,21BCE8281,VIT - Amaravati,,LTIMindtree,BCE,4LPA
4642,21BCE8300,VIT - Amaravati,GenC Select,Cognizant,BCE,4LPA
4643,21BCE8300,VIT - Amaravati,,LTIMindtree,BCE,4LPA
4644,21BCE8309,VIT - Amaravati,Ninja,TCS,BCE,3.3LPA
4645,21BCE8335,VIT - Amaravati,,LTIMindtree,BCE,4LPA
4646,21BCE8339,VIT - Amaravati,GenC Select,Cognizant,BCE,4LPA
4647,21BCE8341,VIT - Amaravati,GenC Select,Cognizant,BCE,4LPA
4648,21BCE8352,VIT - Amaravati,GenC Select,Cognizant,BCE,4LPA
4649,21BCE8352,VIT - Amaravati,,LTIMindtree,BCE,4LPA
4650,21BCE8354,VIT - Amaravati,Ninja,TCS,BCE,3.3LPA
4651,21BCE8378,VIT - Amaravati,GenC Select,Cognizant,BCE,4LPA
4652,21bce8378,VIT - Amaravati,Ninja,TCS,BCE,3.3LPA
4653,21BCE8387,VIT - Amaravati,Ninja,TCS,BCE,3.3LPA
4654,21BCE8397,VIT - Amaravati,GenC Select,Cognizant,BCE,4LPA
4655,21BCE8397,VIT - Amaravati,Ninja,TCS,BCE,3.3LPA
4656,21BCE8401,VIT - Amaravati,,LTIMindtree,BCE,4LPA
4657,21BCE8410,VIT - Amaravati,Ninja,TCS,BCE,3.3LPA
4658,21BCE8414,VIT - Amaravati,Ninja,TCS,BCE,3.3LPA
4659,21BCE8418,VIT - Amaravati,Ninja,TCS,BCE,3.3LPA
4660,21bce8423,VIT - Amaravati,Ninja,TCS,BCE,3.3LPA
4661,21BCE8424,VIT - Amaravati,Ninja,TCS,BCE,3.3LPA
4662,21BCE8426,VIT - Amaravati,GenC Select,Cognizant,BCE,4LPA
4663,21BCE8426,VIT - Amaravati,,LTIMindtree,BCE,4LPA
4664,21BCE8432,VIT - Amaravati,Ninja,TCS,BCE,3.3LPA
4665,21BCE8441,VIT - Amaravati,Ninja,TCS,BCE,3.3LPA
4666,21BCE8456,VIT - Amaravati,GenC Select,Cognizant,BCE,4LPA
4667,21BCE8463,VIT - Amaravati,GenC Select,Cognizant,BCE,4LPA
4668,21BCE8463,VIT - Amaravati,Ninja,TCS,BCE,3.3LPA
4669,21BCE8476,VIT - Amaravati,GenC Select,Cognizant,BCE,4LPA
4670,21BCE8476,VIT - Amaravati,,LTIMindtree,BCE,4LPA
4671,21BCE8506,VIT - Amaravati,GenC Select,Cognizant,BCE,4LPA
4672,21BCE8506,VIT - Amaravati,Ninja,TCS,BCE,3.3LPA
4673,21BCE8546,VIT - Amaravati,Ninja,TCS,BCE,3.3LPA
4674,21BCE8552,VIT - Amaravati,GenC Select,Cognizant,BCE,4LPA
4675,21BCE8557,VIT - Amaravati,GenC Next Select,Cognizant,BCE,5.4LPA
4676,21BCE8565,VIT - Amaravati,Ninja,TCS,BCE,3.3LPA
4677,21BCE8596,VIT - Amaravati,Ninja,TCS,BCE,3.3LPA
4678,21BCE8603,VIT - Amaravati,Ninja,TCS,BCE,3.3LPA
4679,21BCE8603,VIT - Amaravati,GenC Select,Cognizant,BCE,4LPA
4680,21BCE8608,VIT - Amaravati,,LTIMindtree,BCE,4LPA
4681,21BCE8608,VIT - Amaravati,Ninja,TCS,BCE,3.3LPA
4682,21BCE8619,VIT - Amaravati,,LTIMindtree,BCE,4LPA
4683,21BCE8619,VIT - Amaravati,Ninja,TCS,BCE,3.3LPA
4684,21BCE8632,VIT - Amaravati,GenC Select,Cognizant,BCE,4LPA
4685,21bce8632,VIT - Amaravati,Ninja,TCS,BCE,3.3LPA
4686,21BCE8659,VIT - Amaravati,Ninja,TCS,BCE,3.3LPA
4687,21BCE8659,VIT - Amaravati,GenC Select,Cognizant,BCE,4LPA
4688,21BCE8662,VIT - Amaravati,,LTIMindtree,BCE,4LPA
4689,21BCE8682,VIT - Amaravati,Ninja,TCS,BCE,3.3LPA
4690,21BCE8690,VIT - Amaravati,Ninja,TCS,BCE,3.3LPA
4691,21BCE8697,VIT - Amaravati,Ninja,TCS,BCE,3.3LPA
4692,21BCE8701,VIT - Amaravati,GenC Select,Cognizant,BCE,4LPA
4693,21BCE8701,VIT - Amaravati,Ninja,TCS,BCE,3.3LPA
4694,21BCE8702,VIT - Amaravati,Ninja,TCS,BCE,3.3LPA
4695,21BCE8710,VIT - Amaravati,GenC Select,Cognizant,BCE,4LPA
4696,21BCE8710,VIT - Amaravati,,LTIMindtree,BCE,4LPA
4697,21BCE8711,VIT - Amaravati,,LTIMindtree,BCE,4LPA
4698,21BCE8711,VIT - Amaravati,Ninja,TCS,BCE,3.3LPA
4699,21BCE8714,VIT - Amaravati,Ninja,TCS,BCE,3.3LPA
4700,21BCE8714,VIT - Amaravati,GenC Select,Cognizant,BCE,4LPA
4701,21BCE8718,VIT - Amaravati,Ninja,TCS,BCE,3.3LPA
4702,21BCE8726,VIT - Amaravati,Ninja,TCS,BCE,3.3LPA
4703,21BCE8729,VIT - Amaravati,Ninja,TCS,BCE,3.3LPA
4704,21BCE8730,VIT - Amaravati,GenC Select,Cognizant,BCE,4LPA
4705,21BCE8738,VIT - Amaravati,Ninja,TCS,BCE,3.3LPA
4706,21BCE8749,VIT - Amaravati,Ninja,TCS,BCE,3.3LPA
4707,21BCE8771,VIT - Amaravati,Ninja,TCS,BCE,3.3LPA
4708,21BCE8774,VIT - Amaravati,Ninja,TCS,BCE,3.3LPA
4709,21BCE8774,VIT - Amaravati,GenC Select,Cognizant,BCE,4LPA
4710,21bce8780,VIT - Amaravati,Ninja,TCS,BCE,3.3LPA
4711,21bce8797,VIT - Amaravati,Ninja,TCS,BCE,3.3LPA
4712,21BCE8807,VIT - Amaravati,GenC Next Select,Cognizant,BCE,5.4LPA
4713,21BCE8831,VIT - Amaravati,,LTIMindtree,BCE,4LPA
4714,21bce8835,VIT - Amaravati,GenC Select,Cognizant,BCE,4LPA
4715,21BCE8836,VIT - Amaravati,Ninja,TCS,BCE,3.3LPA
4716,21BCE8842,VIT - Amaravati,,LTIMindtree,BCE,4LPA
4717,21BCE8842,VIT - Amaravati,Ninja,TCS,BCE,3.3LPA
4718,21BCE8845,VIT - Amaravati,Ninja,TCS,BCE,3.3LPA
4719,21BCE8850,VIT - Amaravati,Ninja,TCS,BCE,3.3LPA
4720,21BCE8857,VIT - Amaravati,GenC Select,Cognizant,BCE,4LPA
4721,21BCE8883,VIT - Amaravati,Ninja,TCS,BCE,3.3LPA
4722,21BCE8887,VIT - Amaravati,GenC Select,Cognizant,BCE,4LPA
4723,21BCE8887,VIT - Amaravati,Ninja,TCS,BCE,3.3LPA
4724,21BCE8893,VIT - Amaravati,,LTIMindtree,BCE,4LPA
4725,21BCE8912,VIT - Amaravati,Ninja,TCS,BCE,3.3LPA
4726,21BCE8915,VIT - Amaravati,,LTIMindtree,BCE,4LPA
4727,21BCE8916,VIT - Amaravati,GenC Select,Cognizant,BCE,4LPA
4728,21BCE8916,VIT - Amaravati,Ninja,TCS,BCE,3.3LPA
4729,21bce8931,VIT - Amaravati,Ninja,TCS,BCE,3.3LPA
4730,21BCE8937,VIT - Amaravati,,LTIMindtree,BCE,4LPA
4731,21BCE8937,VIT - Amaravati,Ninja,TCS,BCE,3.3LPA
4732,21BCE8942,VIT - Amaravati,Ninja,TCS,BCE,3.3LPA
4733,21bce8943,VIT - Amaravati,Ninja,TCS,BCE,3.3LPA
4734,21BCE8945,VIT - Amaravati,Ninja,TCS,BCE,3.3LPA
4735,21BCE8951,VIT - Amaravati,,LTIMindtree,BCE,4LPA
4736,21bce8954,VIT - Amaravati,Ninja,TCS,BCE,3.3LPA
4737,21BCE8974,VIT - Amaravati,Ninja,TCS,BCE,3.3LPA
4738,21BCE8980,VIT - Amaravati,Ninja,TCS,BCE,3.3LPA
4739,21BCE8981,VIT - Amaravati,GenC Select,Cognizant,BCE,4LPA
4740,21BCE8983,VIT - Amaravati,Ninja,TCS,BCE,3.3LPA
4741,21BCE8989,VIT - Amaravati,,LTIMindtree,BCE,4LPA
4742,21BCE8992,VIT - Amaravati,,LTIMindtree,BCE,4LPA
4743,21BCE8992,VIT - Amaravati,Ninja,TCS,BCE,3.3LPA
4744,21BCE8993,VIT - Amaravati,Ninja,TCS,BCE,3.3LPA
4745,21BCE8995,VIT - Amaravati,GenC Select,Cognizant,BCE,4LPA
4746,21BCE8997,VIT - Amaravati,Ninja,TCS,BCE,3.3LPA
4747,21BCE9001,VIT - Amaravati,GenC Select,Cognizant,BCE,4LPA
4748,21BCE9001,VIT - Amaravati,Ninja,TCS,BCE,3.3LPA
4749,21BCE9003,VIT - Amaravati,,LTIMindtree,BCE,4LPA
4750,21BCE9003,VIT - Amaravati,GenC Select,Cognizant,BCE,4LPA
4751,21BCE9006,VIT - Amaravati,Ninja,TCS,BCE,3.3LPA
4752,21BCE9009,VIT - Amaravati,,LTIMindtree,BCE,4LPA
4753,21BCE9010,VIT - Amaravati,Ninja,TCS,BCE,3.3LPA
4754,21BCE9015,VIT - Amaravati,GenC Next Select,Cognizant,BCE,5.4LPA
4755,21BCE9018,VIT - Amaravati,Ninja,TCS,BCE,3.3LPA
4756,21BCE9020,VIT - Amaravati,GenC Select,Cognizant,BCE,4LPA
4757,21BCE9020,VIT - Amaravati,,LTIMindtree,BCE,4LPA
4758,21BCE9020,VIT - Amaravati,Ninja,TCS,BCE,3.3LPA
4759,21BCE9022,VIT - Amaravati,Ninja,TCS,BCE,3.3LPA
4760,21BCE9023,VIT - Amaravati,GenC Select,Cognizant,BCE,4LPA
4761,21BCE9023,VIT - Amaravati,Ninja,TCS,BCE,3.3LPA
4762,21BCE9025,VIT - Amaravati,Ninja,TCS,BCE,3.3LPA
4763,21BCE9026,VIT - Amaravati,Ninja,TCS,BCE,3.3LPA
4764,21BCE9029,VIT - Amaravati,Ninja,TCS,BCE,3.3LPA
4765,21BCE9032,VIT - Amaravati,Ninja,TCS,BCE,3.3LPA
4766,21BCE9036,VIT - Amaravati,Ninja,TCS,BCE,3.3LPA
4767,21BCE9038,VIT - Amaravati,,LTIMindtree,BCE,4LPA
4768,21BCE9038,VIT - Amaravati,Ninja,TCS,BCE,3.3LPA
4769,21BCE9043,VIT - Amaravati,Ninja,TCS,BCE,3.3LPA
4770,21BCE9047,VIT - Amaravati,Ninja,TCS,BCE,3.3LPA
4771,21BCE9055,VIT - Amaravati,GenC Select,Cognizant,BCE,4LPA
4772,21BCE9055,VIT - Amaravati,Ninja,TCS,BCE,3.3LPA
4773,21BCE9057,VIT - Amaravati,Ninja,TCS,BCE,3.3LPA
4774,21BCE9058,VIT - Amaravati,,LTIMindtree,BCE,4LPA
4775,21BCE9058,VIT - Amaravati,Ninja,TCS,BCE,3.3LPA
4776,21BCE9063,VIT - Amaravati,Ninja,TCS,BCE,3.3LPA
4777,21BCE9066,VIT - Amaravati,GenC Select,Cognizant,BCE,4LPA
4778,21BCE9066,VIT - Amaravati,Ninja,TCS,BCE,3.3LPA
4779,21BCE9067,VIT - Amaravati,GenC Select,Cognizant,BCE,4LPA
4780,21BCE9071,VIT - Amaravati,GenC Select,Cognizant,BCE,4LPA
4781,21BCE9071,VIT - Amaravati,,LTIMindtree,BCE,4LPA
4782,21BCE9071,VIT - Amaravati,Ninja,TCS,BCE,3.3LPA
4783,21BCE9072,VIT - Amaravati,Ninja,TCS,BCE,3.3LPA
4784,21BCE9074,VIT - Amaravati,Ninja,TCS,BCE,3.3LPA
4785,21BCE9077,VIT - Amaravati,Ninja,TCS,BCE,3.3LPA
4786,21BCE9078,VIT - Amaravati,Ninja,TCS,BCE,3.3LPA
4787,21BCE9087,VIT - Amaravati,Ninja,TCS,BCE,3.3LPA
4788,21BCE9089,VIT - Amaravati,Ninja,TCS,BCE,3.3LPA
4789,21BCE9090,VIT - Amaravati,GenC Select,Cognizant,BCE,4LPA
4790,21BCE9090,VIT - Amaravati,Ninja,TCS,BCE,3.3LPA
4791,21BCE9090,VIT - Amaravati,,LTIMindtree,BCE,4LPA
4792,21BCE9093,VIT - Amaravati,Ninja,TCS,BCE,3.3LPA
4793,21BCE9095,VIT - Amaravati,Ninja,TCS,BCE,3.3LPA
4794,21BCE9097,VIT - Amaravati,Ninja,TCS,BCE,3.3LPA
4795,21BCE9101,VIT - Amaravati,Ninja,TCS,BCE,3.3LPA
4796,21BCE9110,VIT - Amaravati,Ninja,TCS,BCE,3.3LPA
4797,21BCE9111,VIT - Amaravati,Ninja,TCS,BCE,3.3LPA
4798,21bce9119,VIT - Amaravati,Ninja,TCS,BCE,3.3LPA
4799,21BCE9121,VIT - Amaravati,Ninja,TCS,BCE,3.3LPA
4800,21BCE9122,VIT - Amaravati,,LTIMindtree,BCE,4LPA
4801,21BCE9123,VIT - Amaravati,Ninja,TCS,BCE,3.3LPA
4802,21BCE9125,VIT - Amaravati,GenC Select,Cognizant,BCE,4LPA
4803,21BCE9125,VIT - Amaravati,,LTIMindtree,BCE,4LPA
4804,21BCE9125,VIT - Amaravati,Ninja,TCS,BCE,3.3LPA
4805,21BCE9126,VIT - Amaravati,Ninja,TCS,BCE,3.3LPA
4806,21BCE9128,VIT - Amaravati,Ninja,TCS,BCE,3.3LPA
4807,21BCE9129,VIT - Amaravati,GenC Select,Cognizant,BCE,4LPA
4808,21BCE9129,VIT - Amaravati,,LTIMindtree,BCE,4LPA
4809,21bce9132,VIT - Amaravati,Ninja,TCS,BCE,3.3LPA
4810,21BCE9133,VIT - Amaravati,,LTIMindtree,BCE,4LPA
4811,21BCE9133,VIT - Amaravati,Ninja,TCS,BCE,3.3LPA
4812,21BCE9135,VIT - Amaravati,GenC Select,Cognizant,BCE,4LPA
4813,21BCE9135,VIT - Amaravati,Ninja,TCS,BCE,3.3LPA
4814,21BCE9140,VIT - Amaravati,GenC Select,Cognizant,BCE,4LPA
4815,21BCE9143,VIT - Amaravati,Ninja,TCS,BCE,3.3LPA
4816,21BCE9149,VIT - Amaravati,Ninja,TCS,BCE,3.3LPA
4817,21BCE9151,VIT - Amaravati,,LTIMindtree,BCE,4LPA
4818,21BCE9152,VIT - Amaravati,GenC Select,Cognizant,BCE,4LPA
4819,21BCE9156,VIT - Amaravati,Ninja,TCS,BCE,3.3LPA
4820,21BCE9160,VIT - Amaravati,Ninja,TCS,BCE,3.3LPA
4821,21BCE9168,VIT - Amaravati,Ninja,TCS,BCE,3.3LPA
4822,21BCE9171,VIT - Amaravati,Ninja,TCS,BCE,3.3LPA
4823,21BCE9173,VIT - Amaravati,GenC Select,Cognizant,BCE,4LPA
4824,21BCE9173,VIT - Amaravati,Ninja,TCS,BCE,3.3LPA
4825,21BCE9174,VIT - Amaravati,GenC Select,Cognizant,BCE,4LPA
4826,21BCE9174,VIT - Amaravati,Ninja,TCS,BCE,3.3LPA
4827,21BCE9175,VIT - Amaravati,GenC Select,Cognizant,BCE,4LPA
4828,21BCE9179,VIT - Amaravati,Ninja,TCS,BCE,3.3LPA
4829,21BCE9188,VIT - Amaravati,,LTIMindtree,BCE,4LPA
4830,21BCE9188,VIT - Amaravati,Ninja,TCS,BCE,3.3LPA
4831,21BCE9194,VIT - Amaravati,Ninja,TCS,BCE,3.3LPA
4832,21BCE9201,VIT - Amaravati,Ninja,TCS,BCE,3.3LPA
4833,21bce9202,VIT - Amaravati,Ninja,TCS,BCE,3.3LPA
4834,21BCE9206,VIT - Amaravati,Ninja,TCS,BCE,3.3LPA
4835,21BCE9211,VIT - Amaravati,Ninja,TCS,BCE,3.3LPA
4836,21BCE9212,VIT - Amaravati,GenC Select,Cognizant,BCE,4LPA
4837,21BCE9212,VIT - Amaravati,Ninja,TCS,BCE,3.3LPA
4838,21BCE9219,VIT - Amaravati,Ninja,TCS,BCE,3.3LPA
4839,21BCE9222,VIT - Amaravati,Ninja,TCS,BCE,3.3LPA
4840,21BCE9224,VIT - Amaravati,Ninja,TCS,BCE,3.3LPA
4841,21BCE9225,VIT - Amaravati,GenC Select,Cognizant,BCE,4LPA
4842,21BCE9225,VIT - Amaravati,Ninja,TCS,BCE,3.3LPA
4843,21BCE9230,VIT - Amaravati,GenC Select,Cognizant,BCE,4LPA
4844,21BCE9230,VIT - Amaravati,,LTIMindtree,BCE,4LPA
4845,21BCE9231,VIT - Amaravati,Ninja,TCS,BCE,3.3LPA
4846,21bce9232,VIT - Amaravati,GenC Select,Cognizant,BCE,4LPA
4847,21BCE9232,VIT - Amaravati,Ninja,TCS,BCE,3.3LPA
4848,21BCE9233,VIT - Amaravati,GenC Select,Cognizant,BCE,4LPA
4849,21BCE9235,VIT - Amaravati,Ninja,TCS,BCE,3.3LPA
4850,21BCE9239,VIT - Amaravati,Ninja,TCS,BCE,3.3LPA
4851,21BCE9240,VIT - Amaravati,GenC Select,Cognizant,BCE,4LPA
4852,21BCE9240,VIT - Amaravati,Ninja,TCS,BCE,3.3LPA
4853,21BCE9241,VIT - Amaravati,GenC Select,Cognizant,BCE,4LPA
4854,21BCE9243,VIT - Amaravati,Ninja,TCS,BCE,3.3LPA
4855,21BCE9244,VIT - Amaravati,,LTIMindtree,BCE,4LPA
4856,21BCE9245,VIT - Amaravati,Ninja,TCS,BCE,3.3LPA
4857,21BCE9250,VIT - Amaravati,,LTIMindtree,BCE,4LPA
4858,21BCE9250,VIT - Amaravati,Ninja,TCS,BCE,3.3LPA
4859,21BCE9251,VIT - Amaravati,Ninja,TCS,BCE,3.3LPA
4860,21BCE9252,VIT - Amaravati,Ninja,TCS,BCE,3.3LPA
4861,21BCE9253,VIT - Amaravati,Ninja,TCS,BCE,3.3LPA
4862,21BCE9255,VIT - Amaravati,GenC Select,Cognizant,BCE,4LPA
4863,21BCE9257,VIT - Amaravati,GenC Select,Cognizant,BCE,4LPA
4864,21BCE9257,VIT - Amaravati,Ninja,TCS,BCE,3.3LPA
4865,21bce9258,VIT - Amaravati,Ninja,TCS,BCE,3.3LPA
4866,21BCE9260,VIT - Amaravati,Ninja,TCS,BCE,3.3LPA
4867,21BCE9269,VIT - Amaravati,Ninja,TCS,BCE,3.3LPA
4868,21bce9270,VIT - Amaravati,GenC Select,Cognizant,BCE,4LPA
4869,21bce9270,VIT - Amaravati,,LTIMindtree,BCE,4LPA
4870,21bce9270,VIT - Amaravati,Ninja,TCS,BCE,3.3LPA
4871,21BCE9271,VIT - Amaravati,Ninja,TCS,BCE,3.3LPA
4872,21bce9276,VIT - Amaravati,Ninja,TCS,BCE,3.3LPA
4873,21BCE9277,VIT - Amaravati,,LTIMindtree,BCE,4LPA
4874,21BCE9277,VIT - Amaravati,Ninja,TCS,BCE,3.3LPA
4875,21BCE9278,VIT - Amaravati,Ninja,TCS,BCE,3.3LPA
4876,21BCE9280,VIT - Amaravati,,LTIMindtree,BCE,4LPA
4877,21BCE9283,VIT - Amaravati,Ninja,TCS,BCE,3.3LPA
4878,21BCE9284,VIT - Amaravati,,LTIMindtree,BCE,4LPA
4879,21BCE9284,VIT - Amaravati,Ninja,TCS,BCE,3.3LPA
4880,21BCE9285,VIT - Amaravati,Ninja,TCS,BCE,3.3LPA
4881,21BCE9287,VIT - Amaravati,Ninja,TCS,BCE,3.3LPA
4882,21BCE9288,VIT - Amaravati,Ninja,TCS,BCE,3.3LPA
4883,21bce9289,VIT - Amaravati,GenC Select,Cognizant,BCE,4LPA
4884,21BCE9291,VIT - Amaravati,GenC Select,Cognizant,BCE,4LPA
4885,21BCE9292,VIT - Amaravati,GenC Select,Cognizant,BCE,4LPA
4886,21BCE9292,VIT - Amaravati,Ninja,TCS,BCE,3.3LPA
4887,21BCE9298,VIT - Amaravati,Ninja,TCS,BCE,3.3LPA
4888,21BCE9299,VIT - Amaravati,Ninja,TCS,BCE,3.3LPA
4889,21BCE9301,VIT - Amaravati,GenC Select,Cognizant,BCE,4LPA
4890,21BCE9301,VIT - Amaravati,,LTIMindtree,BCE,4LPA
4891,21BCE9302,VIT - Amaravati,Ninja,TCS,BCE,3.3LPA
4892,21BCE9304,VIT - Amaravati,Ninja,TCS,BCE,3.3LPA
4893,21BCE9307,VIT - Amaravati,Ninja,TCS,BCE,3.3LPA
4894,21BCE9308,VIT - Amaravati,,LTIMindtree,BCE,4LPA
4895,21BCE9308,VIT - Amaravati,Ninja,TCS,BCE,3.3LPA
4896,21BCE9310,VIT - Amaravati,GenC Select,Cognizant,BCE,4LPA
4897,21BCE9310,VIT - Amaravati,,LTIMindtree,BCE,4LPA
4898,21BCE9310,VIT - Amaravati,Ninja,TCS,BCE,3.3LPA
4899,21BCE9311,VIT - Amaravati,GenC Select,Cognizant,BCE,4LPA
4900,21BCE9311,VIT - Amaravati,,LTIMindtree,BCE,4LPA
4901,21BCE9311,VIT - Amaravati,Ninja,TCS,BCE,3.3LPA
4902,21BCE9314,VIT - Amaravati,Ninja,TCS,BCE,3.3LPA
4903,21BCE9321,VIT - Amaravati,Ninja,TCS,BCE,3.3LPA
4904,21BCE9325,VIT - Amaravati,Ninja,TCS,BCE,3.3LPA
4905,21BCE9327,VIT - Amaravati,Ninja,TCS,BCE,3.3LPA
4906,21BCE9329,VIT - Amaravati,Ninja,TCS,BCE,3.3LPA
4907,21BCE9336,VIT - Amaravati,GenC Select,Cognizant,BCE,4LPA
4908,21BCE9336,VIT - Amaravati,Ninja,TCS,BCE,3.3LPA
4909,21BCE9339,VIT - Amaravati,GenC Select,Cognizant,BCE,4LPA
4910,21BCE9339,VIT - Amaravati,Ninja,TCS,BCE,3.3LPA
4911,21BCE9346,VIT - Amaravati,Ninja,TCS,BCE,3.3LPA
4912,21BCE9348,VIT - Amaravati,GenC Select,Cognizant,BCE,4LPA
4913,21BCE9348,VIT - Amaravati,Ninja,TCS,BCE,3.3LPA
4914,21BCE9353,VIT - Amaravati,Ninja,TCS,BCE,3.3LPA
4915,21BCE9355,VIT - Amaravati,Ninja,TCS,BCE,3.3LPA
4916,21BCE9356,VIT - Amaravati,Ninja,TCS,BCE,3.3LPA
4917,21BCE9369,VIT - Amaravati,Ninja,TCS,BCE,3.3LPA
4918,21BCE9373,VIT - Amaravati,,LTIMindtree,BCE,4LPA
4919,21BCE9381,VIT - Amaravati,GenC Select,Cognizant,BCE,4LPA
4920,21BCE9381,VIT - Amaravati,Ninja,TCS,BCE,3.3LPA
4921,21BCE9382,VIT - Amaravati,Ninja,TCS,BCE,3.3LPA
4922,21BCE9387,VIT - Amaravati,GenC Select,Cognizant,BCE,4LPA
4923,21BCE9389,VIT - Amaravati,GenC Select,Cognizant,BCE,4LPA
4924,21bce9393,VIT - Amaravati,Ninja,TCS,BCE,3.3LPA
4925,21BCE9395,VIT - Amaravati,Ninja,TCS,BCE,3.3LPA
4926,21BCE9399,VIT - Amaravati,Ninja,TCS,BCE,3.3LPA
4927,21BCE9401,VIT - Amaravati,Ninja,TCS,BCE,3.3LPA
4928,21BCE9403,VIT - Amaravati,GenC Select,Cognizant,BCE,4LPA
4929,21BCE9403,VIT - Amaravati,,LTIMindtree,BCE,4LPA
4930,21bce9403,VIT - Amaravati,Ninja,TCS,BCE,3.3LPA
4931,21BCE9404,VIT - Amaravati,Ninja,TCS,BCE,3.3LPA
4932,21BCE9405,VIT - Amaravati,Ninja,TCS,BCE,3.3LPA
4933,21BCE9407,VIT - Amaravati,,LTIMindtree,BCE,4LPA
4934,21BCE9407,VIT - Amaravati,Ninja,TCS,BCE,3.3LPA
4935,21BCE9408,VIT - Amaravati,Ninja,TCS,BCE,3.3LPA
4936,21BCE9409,VIT - Amaravati,GenC Select,Cognizant,BCE,4LPA
4937,21BCE9409,VIT - Amaravati,Ninja,TCS,BCE,3.3LPA
4938,21BCE9412,VIT - Amaravati,Ninja,TCS,BCE,3.3LPA
4939,21BCE9413,VIT - Amaravati,GenC Select,Cognizant,BCE,4LPA
4940,21BCE9413,VIT - Amaravati,Ninja,TCS,BCE,3.3LPA
4941,21BCE9415,VIT - Amaravati,Ninja,TCS,BCE,3.3LPA
4942,21BCE9416,VIT - Amaravati,Ninja,TCS,BCE,3.3LPA
4943,21BCE9417,VIT - Amaravati,Ninja,TCS,BCE,3.3LPA
4944,21bce9419,VIT - Amaravati,Ninja,TCS,BCE,3.3LPA
4945,21BCE9426,VIT - Amaravati,Ninja,TCS,BCE,3.3LPA
4946,21BCE9427,VIT - Amaravati,Ninja,TCS,BCE,3.3LPA
4947,21BCE9427,VIT - Amaravati,,LTIMindtree,BCE,4LPA
4948,21bce9428,VIT - Amaravati,GenC Next Select,Cognizant,BCE,5.4LPA
4949,21BCE9433,VIT - Amaravati,Ninja,TCS,BCE,3.3LPA
4950,21BCE9437,VIT - Amaravati,Ninja,TCS,BCE,3.3LPA
4951,21BCE9439,VIT - Amaravati,Ninja,TCS,BCE,3.3LPA
4952,21BCE9444,VIT - Amaravati,Ninja,TCS,BCE,3.3LPA
4953,21BCE9446,VIT - Amaravati,Ninja,TCS,BCE,3.3LPA
4954,21BCE9448,VIT - Amaravati,Ninja,TCS,BCE,3.3LPA
4955,21BCE9449,VIT - Amaravati,Ninja,TCS,BCE,3.3LPA
4956,21BCE9450,VIT - Amaravati,Ninja,TCS,BCE,3.3LPA
4957,21BCE9450,VIT - Amaravati,,LTIMindtree,BCE,4LPA
4958,21BCE9456,VIT - Amaravati,Ninja,TCS,BCE,3.3LPA
4959,21BCE9461,VIT - Amaravati,Ninja,TCS,BCE,3.3LPA
4960,21BCE9465,VIT - Amaravati,Ninja,TCS,BCE,3.3LPA
4961,21BCE9470,VIT - Amaravati,Ninja,TCS,BCE,3.3LPA
4962,21BCE9472,VIT - Amaravati,GenC Select,Cognizant,BCE,4LPA
4963,21BCE9472,VIT - Amaravati,,LTIMindtree,BCE,4LPA
4964,21BCE9472,VIT - Amaravati,Ninja,TCS,BCE,3.3LPA
4965,21BCE9476,VIT - Amaravati,GenC Next Select,Cognizant,BCE,5.4LPA
4966,21BCE9477,VIT - Amaravati,Ninja,TCS,BCE,3.3LPA
4967,21BCE9478,VIT - Amaravati,Ninja,TCS,BCE,3.3LPA
4968,21bce9482,VIT - Amaravati,Ninja,TCS,BCE,3.3LPA
4969,21BCE9489,VIT - Amaravati,Ninja,TCS,BCE,3.3LPA
4970,21bce9493,VIT - Amaravati,GenC Select,Cognizant,BCE,4LPA
4971,21bce9493,VIT - Amaravati,Ninja,TCS,BCE,3.3LPA
4972,21BCE9496,VIT - Amaravati,GenC Select,Cognizant,BCE,4LPA
4973,21BCE9496,VIT - Amaravati,Ninja,TCS,BCE,3.3LPA
4974,21BCE9497,VIT - Amaravati,,LTIMindtree,BCE,4LPA
4975,21BCE9497,VIT - Amaravati,Ninja,TCS,BCE,3.3LPA
4976,21BCE9503,VIT - Amaravati,Ninja,TCS,BCE,3.3LPA
4977,21BCE9505,VIT - Amaravati,GenC Select,Cognizant,BCE,4LPA
4978,21BCE9513,VIT - Amaravati,,LTIMindtree,BCE,4LPA
4979,21BCE9513,VIT - Amaravati,GenC Select,Cognizant,BCE,4LPA
4980,21BCE9516,VIT - Amaravati,Ninja,TCS,BCE,3.3LPA
4981,21BCE9521,VIT - Amaravati,GenC Select,Cognizant,BCE,4LPA
4982,21BCE9521,VIT - Amaravati,Ninja,TCS,BCE,3.3LPA
4983,21BCE9522,VIT - Amaravati,Ninja,TCS,BCE,3.3LPA
4984,21BCE9526,VIT - Amaravati,GenC Select,Cognizant,BCE,4LPA
4985,21BCE9529,VIT - Amaravati,GenC Select,Cognizant,BCE,4LPA
4986,21BCE9530,VIT - Amaravati,Ninja,TCS,BCE,3.3LPA
4987,21BCE9531,VIT - Amaravati,Ninja,TCS,BCE,3.3LPA
4988,21BCE9532,VIT - Amaravati,,LTIMindtree,BCE,4LPA
4989,21BCE9533,VIT - Amaravati,GenC Select,Cognizant,BCE,4LPA
4990,21BCE9533,VIT - Amaravati,,LTIMindtree,BCE,4LPA
4991,21BCE9533,VIT - Amaravati,Ninja,TCS,BCE,3.3LPA
4992,21BCE9534,VIT - Amaravati,Ninja,TCS,BCE,3.3LPA
4993,21BCE9536,VIT - Amaravati,Ninja,TCS,BCE,3.3LPA
4994,21BCE9537,VIT - Amaravati,Ninja,TCS,BCE,3.3LPA
4995,21BCE9540,VIT - Amaravati,Ninja,TCS,BCE,3.3LPA
4996,21BCE9544,VIT - Amaravati,Ninja,TCS,BCE,3.3LPA
4997,21BCE9544,VIT - Amaravati,,LTIMindtree,BCE,4LPA
4998,21BCE9545,VIT - Amaravati,Ninja,TCS,BCE,3.3LPA
4999,21BCE9546,VIT - Amaravati,Ninja,TCS,BCE,3.3LPA
5000,21BCE9546,VIT - Amaravati,,LTIMindtree,BCE,4LPA
5001,21BCE9549,VIT - Amaravati,,LTIMindtree,BCE,4LPA
5002,21BCE9549,VIT - Amaravati,Ninja,TCS,BCE,3.3LPA
5003,21BCE9554,VIT - Amaravati,,LTIMindtree,BCE,4LPA
5004,21BCE9561,VIT - Amaravati,,LTIMindtree,BCE,4LPA
5005,21BCE9569,VIT - Amaravati,Ninja,TCS,BCE,3.3LPA
5006,21BCE9575,VIT - Amaravati,,LTIMindtree,BCE,4LPA
5007,21BCE9578,VIT - Amaravati,Ninja,TCS,BCE,3.3LPA
5008,21BCE9582,VIT - Amaravati,Ninja,TCS,BCE,3.3LPA
5009,21BCE9585,VIT - Amaravati,GenC Select,Cognizant,BCE,4LPA
5010,21BCE9585,VIT - Amaravati,Ninja,TCS,BCE,3.3LPA
5011,21BCE9591,VIT - Amaravati,Ninja,TCS,BCE,3.3LPA
5012,21BCE9598,VIT - Amaravati,,LTIMindtree,BCE,4LPA
5013,21BCE9603,VIT - Amaravati,Ninja,TCS,BCE,3.3LPA
5014,21BCE9604,VIT - Amaravati,GenC Select,Cognizant,BCE,4LPA
5015,21BCE9610,VIT - Amaravati,,LTIMindtree,BCE,4LPA
5016,21BCE9612,VIT - Amaravati,Ninja,TCS,BCE,3.3LPA
5017,21BCE9614,VIT - Amaravati,Ninja,TCS,BCE,3.3LPA
5018,21BCE9615,VIT - Amaravati,Ninja,TCS,BCE,3.3LPA
5019,21BCE9648,VIT - Amaravati,Ninja,TCS,BCE,3.3LPA
5020,21bce9655,VIT - Amaravati,GenC Select,Cognizant,BCE,4LPA
5021,21BCE9659,VIT - Amaravati,GenC Select,Cognizant,BCE,4LPA
5022,21BCE9666,VIT - Amaravati,,LTIMindtree,BCE,4LPA
5023,21BCE9667,VIT - Amaravati,Ninja,TCS,BCE,3.3LPA
5024,21BCE9678,VIT - Amaravati,Ninja,TCS,BCE,3.3LPA
5025,21BCE9706,VIT - Amaravati,Ninja,TCS,BCE,3.3LPA
5026,21BCE9753,VIT - Amaravati,GenC Select,Cognizant,BCE,4LPA
5027,21BCE9753,VIT - Amaravati,Ninja,TCS,BCE,3.3LPA
5028,21BCE9754,VIT - Amaravati,Ninja,TCS,BCE,3.3LPA
5029,21BCE9755,VIT - Amaravati,Ninja,TCS,BCE,3.3LPA
5030,21BCE9756,VIT - Amaravati,Ninja,TCS,BCE,3.3LPA
5031,21BCE9759,VIT - Amaravati,,LTIMindtree,BCE,4LPA
5032,21BCE9761,VIT - Amaravati,GenC Select,Cognizant,BCE,4LPA
5033,21BCE9762,VIT - Amaravati,Ninja,TCS,BCE,3.3LPA
5034,21BCE9766,VIT - Amaravati,Ninja,TCS,BCE,3.3LPA
5035,21BCE9768,VIT - Amaravati,Ninja,TCS,BCE,3.3LPA
5036,21BCE9778,VIT - Amaravati,Ninja,TCS,BCE,3.3LPA
5037,21bce9781,VIT - Amaravati,Ninja,TCS,BCE,3.3LPA
5038,21BCE9783,VIT - Amaravati,GenC Select,Cognizant,BCE,4LPA
5039,21BCE9783,VIT - Amaravati,Ninja,TCS,BCE,3.3LPA
5040,21BCE9785,VIT - Amaravati,Ninja,TCS,BCE,3.3LPA
5041,21BCE9786,VIT - Amaravati,Ninja,TCS,BCE,3.3LPA
5042,21BCE9790,VIT - Amaravati,Ninja,TCS,BCE,3.3LPA
5043,21BCE9796,VIT - Amaravati,GenC Select,Cognizant,BCE,4LPA
5044,21BCE9796,VIT - Amaravati,Ninja,TCS,BCE,3.3LPA
5045,21BCE9797,VIT - Amaravati,GenC Select,Cognizant,BCE,4LPA
5046,21BCE9797,VIT - Amaravati,,LTIMindtree,BCE,4LPA
5047,21BCE9797,VIT - Amaravati,Ninja,TCS,BCE,3.3LPA
5048,21BCE9798,VIT - Amaravati,Ninja,TCS,BCE,3.3LPA
5049,21BCE9806,VIT - Amaravati,Ninja,TCS,BCE,3.3LPA
5050,21BCE9807,VIT - Amaravati,GenC Select,Cognizant,BCE,4LPA
5051,21BCE9807,VIT - Amaravati,,LTIMindtree,BCE,4LPA
5052,21BCE9810,VIT - Amaravati,GenC Select,Cognizant,BCE,4LPA
5053,21BCE9814,VIT - Amaravati,GenC Select,Cognizant,BCE,4LPA
5054,21BCE9814,VIT - Amaravati,Ninja,TCS,BCE,3.3LPA
5055,21bce9815,VIT - Amaravati,Ninja,TCS,BCE,3.3LPA
5056,21bce9818,VIT - Amaravati,Ninja,TCS,BCE,3.3LPA
5057,21BCE9819,VIT - Amaravati,Ninja,TCS,BCE,3.3LPA
5058,21BCE9822,VIT - Amaravati,,LTIMindtree,BCE,4LPA
5059,21BCE9823,VIT - Amaravati,GenC Select,Cognizant,BCE,4LPA
5060,21BCE9823,VIT - Amaravati,Ninja,TCS,BCE,3.3LPA
5061,21BCE9825,VIT - Amaravati,Ninja,TCS,BCE,3.3LPA
5062,21BCE9826,VIT - Amaravati,Ninja,TCS,BCE,3.3LPA
5063,21BCE9827,VIT - Amaravati,GenC Select,Cognizant,BCE,4LPA
5064,21BCE9831,VIT - Amaravati,Ninja,TCS,BCE,3.3LPA
5065,21BCE9833,VIT - Amaravati,Ninja,TCS,BCE,3.3LPA
5066,21BCE9834,VIT - Amaravati,GenC Select,Cognizant,BCE,4LPA
5067,21BCE9834,VIT - Amaravati,Ninja,TCS,BCE,3.3LPA
5068,21BCE9835,VIT - Amaravati,Ninja,TCS,BCE,3.3LPA
5069,21BCE9836,VIT - Amaravati,Ninja,TCS,BCE,3.3LPA
5070,21bce9839,VIT - Amaravati,Ninja,TCS,BCE,3.3LPA
5071,21BCE9850,VIT - Amaravati,Ninja,TCS,BCE,3.3LPA
5072,21BCE9853,VIT - Amaravati,Ninja,TCS,BCE,3.3LPA
5073,21bce9859,VIT - Amaravati,,LTIMindtree,BCE,4LPA
5074,21BCE9859,VIT - Amaravati,Ninja,TCS,BCE,3.3LPA
5075,21BCE9860,VIT - Amaravati,Ninja,TCS,BCE,3.3LPA
5076,21BCE9864,VIT - Amaravati,GenC Select,Cognizant,BCE,4LPA
5077,21BCE9865,VIT - Amaravati,GenC Select,Cognizant,BCE,4LPA
5078,21BCE9866,VIT - Amaravati,,LTIMindtree,BCE,4LPA
5079,21BCE9866,VIT - Amaravati,Ninja,TCS,BCE,3.3LPA
5080,21BCE9867,VIT - Amaravati,GenC Select,Cognizant,BCE,4LPA
5081,21BCE9868,VIT - Amaravati,Ninja,TCS,BCE,3.3LPA
5082,21BCE9871,VIT - Amaravati,GenC Select,Cognizant,BCE,4LPA
5083,21BCE9871,VIT - Amaravati,Ninja,TCS,BCE,3.3LPA
5084,21BCE9872,VIT - Amaravati,Ninja,TCS,BCE,3.3LPA
5085,21BCE9877,VIT - Amaravati,GenC Select,Cognizant,BCE,4LPA
5086,21BCE9880,VIT - Amaravati,Ninja,TCS,BCE,3.3LPA
5087,21BCE9885,VIT - Amaravati,Ninja,TCS,BCE,3.3LPA
5088,21BCE9887,VIT - Amaravati,Ninja,TCS,BCE,3.3LPA
5089,21bce9889,VIT - Amaravati,Ninja,TCS,BCE,3.3LPA
5090,21BCE9893,VIT - Amaravati,,LTIMindtree,BCE,4LPA
5091,21BCE9893,VIT - Amaravati,Ninja,TCS,BCE,3.3LPA
5092,21BCE9894,VIT - Amaravati,Ninja,TCS,BCE,3.3LPA
5093,21bce9895,VIT - Amaravati,Ninja,TCS,BCE,3.3LPA
5094,21BCE9897,VIT - Amaravati,GenC Select,Cognizant,BCE,4LPA
5095,21BCE9897,VIT - Amaravati,Ninja,TCS,BCE,3.3LPA
5096,21BCE9898,VIT - Amaravati,,LTIMindtree,BCE,4LPA
5097,21BCE9898,VIT - Amaravati,Ninja,TCS,BCE,3.3LPA
5098,21BCE9902,VIT - Amaravati,Ninja,TCS,BCE,3.3LPA
5099,21BCE9913,VIT - Amaravati,GenC Select,Cognizant,BCE,4LPA
5100,21BCE9913,VIT - Amaravati,Ninja,TCS,BCE,3.3LPA
5101,21BCE9917,VIT - Amaravati,Ninja,TCS,BCE,3.3LPA
5102,21BCE9917,VIT - Amaravati,,LTIMindtree,BCE,4LPA
5103,21BCE9918,VIT - Amaravati,Ninja,TCS,BCE,3.3LPA
5104,21BCE9919,VIT - Amaravati,Ninja,TCS,BCE,3.3LPA
5105,21BCE9921,VIT - Amaravati,GenC Select,Cognizant,BCE,4LPA
5106,21BCE9922,VIT - Amaravati,GenC Select,Cognizant,BCE,4LPA
5107,21BCE9922,VIT - Amaravati,Ninja,TCS,BCE,3.3LPA
5108,21BCE9931,VIT - Amaravati,Ninja,TCS,BCE,3.3LPA
5109,21BCE9934,VIT - Amaravati,,LTIMindtree,BCE,4LPA
5110,21BCE9934,VIT - Amaravati,Ninja,TCS,BCE,3.3LPA
5111,21BCE9935,VIT - Amaravati,Ninja,TCS,BCE,3.3LPA
5112,21BCE9949,VIT - Amaravati,Ninja,TCS,BCE,3.3LPA
5113,21BCE9958,VIT - Amaravati,Ninja,TCS,BCE,3.3LPA
5114,21BCE9968,VIT - Amaravati,GenC Select,Cognizant,BCE,4LPA
5115,21BCE9988,VIT - Amaravati,GenC Select,Cognizant,BCE,4LPA
5116,21BCE9988,VIT - Amaravati,Ninja,TCS,BCE,3.3LPA
5117,21BCE9991,VIT - Amaravati,GenC Select,Cognizant,BCE,4LPA
5118,21BCE9991,VIT - Amaravati,,LTIMindtree,BCE,4LPA
5119,21BCE9991,VIT - Amaravati,Ninja,TCS,BCE,3.3LPA
5120,21BCE9992,VIT - Amaravati,Ninja,TCS,BCE,3.3LPA
5121,21BCE9993,VIT - Amaravati,,LTIMindtree,BCE,4LPA
5122,21BCE9993,VIT - Amaravati,Ninja,TCS,BCE,3.3LPA
5123,21BEC7008,VIT - Amaravati,Ninja,TCS,BEC,3.3LPA
5124,21BEC7019,VIT - Amaravati,Ninja,TCS,BEC,3.3LPA
5125,21BEC7105,VIT - Amaravati,Ninja,TCS,BEC,3.3LPA
5126,21BEC7114,VIT - Amaravati,Ninja,TCS,BEC,3.3LPA
5127,21BEC7116,VIT - Amaravati,,LTIMindtree,BEC,4LPA
5128,21BEC7116,VIT - Amaravati,Ninja,TCS,BEC,3.3LPA
5129,21BEC7126,VIT - Amaravati,Ninja,TCS,BEC,3.3LPA
5130,21BEC7128,VIT - Amaravati,Ninja,TCS,BEC,3.3LPA
5131,21BEC7131,VIT - Amaravati,Ninja,TCS,BEC,3.3LPA
5132,21BEC7133,VIT - Amaravati,Ninja,TCS,BEC,3.3LPA
5133,21bec7134,VIT - Amaravati,Ninja,TCS,BEC,3.3LPA
5134,21BEC7137,VIT - Amaravati,Ninja,TCS,BEC,3.3LPA
5135,21BEC7138,VIT - Amaravati,Ninja,TCS,BEC,3.3LPA
5136,21BEC7159,VIT - Amaravati,Ninja,TCS,BEC,3.3LPA
5137,21BEC7178,VIT - Amaravati,Ninja,TCS,BEC,3.3LPA
5138,21BEC7179,VIT - Amaravati,GenC Select,Cognizant,BEC,4LPA
5139,21BEC7179,VIT - Amaravati,,LTIMindtree,BEC,4LPA
5140,21BEC7184,VIT - Amaravati,Ninja,TCS,BEC,3.3LPA
5141,21bec7187,VIT - Amaravati,Ninja,TCS,BEC,3.3LPA
5142,21BEC7200,VIT - Amaravati,GenC Select,Cognizant,BEC,4LPA
5143,21BEC7200,VIT - Amaravati,Ninja,TCS,BEC,3.3LPA
5144,21BEC7202,VIT - Amaravati,GenC Select,Cognizant,BEC,4LPA
5145,21BEC7206,VIT - Amaravati,Ninja,TCS,BEC,3.3LPA
5146,21BEC7233,VIT - Amaravati,Ninja,TCS,BEC,3.3LPA
5147,21BEC7236,VIT - Amaravati,Ninja,TCS,BEC,3.3LPA
5148,21BEC7238,VIT - Amaravati,Ninja,TCS,BEC,3.3LPA
5149,21BEC7242,VIT - Amaravati,Ninja,TCS,BEC,3.3LPA
5150,21BEC7245,VIT - Amaravati,Ninja,TCS,BEC,3.3LPA
5151,21bec7255,VIT - Amaravati,Ninja,TCS,BEC,3.3LPA
5152,21BEC7256,VIT - Amaravati,GenC Select,Cognizant,BEC,4LPA
5153,21BEC7256,VIT - Amaravati,Ninja,TCS,BEC,3.3LPA
5154,21BEC7260,VIT - Amaravati,GenC Select,Cognizant,BEC,4LPA
5155,21bme7026,VIT - Amaravati,Ninja,TCS,BME,3.3LPA
,,,,,,
,,,,,,
