CODE,TITLE,TYPE,CREDITS,SLOT,FACULTY,VENUE
BSTS101P,Quantitative Skills Practice I,SS,1.5,D1+TD1,ETHNUS (APT),
BSTS101P,Quantitative Skills Practice I,SS,1.5,D1+TD1,FACE (APT),
BSTS101P,Quantitative Skills Practice I,SS,1.5,D1+TD1,SIXPHRASE(APT),
BSTS101P,Quantitative Skills Practice I,SS,1.5,D1+TD1,FACE (APT),
BSTS101P,Quantitative Skills Practice I,SS,1.5,D1+TD1,ETHNUS (APT),
BSTS101P,Quantitative Skills Practice I,SS,1.5,D1+TD1,SIXPHRASE(APT),
BSTS101P,Quantitative Skills Practice I,SS,1.5,D1+TD1,ETHNUS (APT),
BSTS101P,Quantitative Skills Practice I,SS,1.5,D1+TD1,FACE (APT),
BSTS101P,Quantitative Skills Practice I,SS,1.5,D1+TD1,SIXPHRASE(APT),
BSTS101P,Quantitative Skills Practice I,SS,1.5,D1+TD1,FACE (APT),
BSTS101P,Quantitative Skills Practice I,SS,1.5,D2+TD2,ETHNUS (APT),
BSTS101P,Quantitative Skills Practice I,SS,1.5,D2+TD2,SIXPHRASE(APT),
BSTS101P,Quantitative Skills Practice I,SS,1.5,D2+TD2,ETHNUS (APT),
BSTS101P,Quantitative Skills Practice I,SS,1.5,D2+TD2,FACE (APT),
BSTS101P,Quantitative Skills Practice I,SS,1.5,D2+TD2,SIXPHRASE(APT),
BSTS101P,Quantitative Skills Practice I,SS,1.5,D2+TD2,FACE (APT),
BSTS101P,Quantitative Skills Practice I,SS,1.5,D2+TD2,ETHNUS (APT),
BSTS101P,Quantitative Skills Practice I,SS,1.5,D2+TD2,SIXPHRASE(APT),
BSTS101P,Quantitative Skills Practice I,SS,1.5,D2+TD2,ETHNUS (APT),
BSTS101P,Quantitative Skills Practice I,SS,1.5,D2+TD2,FACE (APT),
BSTS101P,Quantitative Skills Practice I,SS,1.5,D2+TD2,SIXPHRASE(APT),
BSTS101P,Quantitative Skills Practice I,SS,1.5,C1+TC1,ETHNUS (APT),
BSTS101P,Quantitative Skills Practice I,SS,1.5,C1+TC1,FACE (APT),
BSTS101P,Quantitative Skills Practice I,SS,1.5,C1+TC1,SIXPHRASE(APT),
BSTS101P,Quantitative Skills Practice I,SS,1.5,C1+TC1,FACE (APT),
BSTS101P,Quantitative Skills Practice I,SS,1.5,C1+TC1,ETHNUS (APT),
BSTS101P,Quantitative Skills Practice I,SS,1.5,C1+TC1,SIXPHRASE(APT),
BSTS101P,Quantitative Skills Practice I,SS,1.5,C1+TC1,ETHNUS (APT),
BSTS101P,Quantitative Skills Practice I,SS,1.5,C1+TC1,FACE (APT),
BSTS101P,Quantitative Skills Practice I,SS,1.5,C1+TC1,SIXPHRASE(APT),
BSTS101P,Quantitative Skills Practice I,SS,1.5,C1+TC1,FACE (APT),
BSTS101P,Quantitative Skills Practice I,SS,1.5,C1+TC1,FACE (APT),
BSTS101P,Quantitative Skills Practice I,SS,1.5,C2+TC2,SIXPHRASE(APT),
BSTS101P,Quantitative Skills Practice I,SS,1.5,C2+TC2,FACE (APT),
BSTS101P,Quantitative Skills Practice I,SS,1.5,C2+TC2,ETHNUS (APT),
BSTS101P,Quantitative Skills Practice I,SS,1.5,C2+TC2,SIXPHRASE(APT),
BSTS101P,Quantitative Skills Practice I,SS,1.5,C2+TC2,ETHNUS (APT),
BSTS101P,Quantitative Skills Practice I,SS,1.5,C2+TC2,FACE (APT),
BSTS101P,Quantitative Skills Practice I,SS,1.5,C2+TC2,SIXPHRASE(APT),
BSTS101P,Quantitative Skills Practice I,SS,1.5,C2+TC2,FACE (APT),
BSTS101P,Quantitative Skills Practice I,SS,1.5,C2+TC2,ETHNUS (APT),
BSTS101P,Quantitative Skills Practice I,SS,1.5,C2+TC2,SIXPHRASE(APT),
BSTS101P,Quantitative Skills Practice I,SS,1.5,C2+TC2,ETHNUS (APT),
BSTS101P,Quantitative Skills Practice I,SS,1.5,F1+TF1,ETHNUS (APT),
BSTS101P,Quantitative Skills Practice I,SS,1.5,F1+TF1,FACE (APT),
BSTS101P,Quantitative Skills Practice I,SS,1.5,F1+TF1,SIXPHRASE(APT),
BSTS101P,Quantitative Skills Practice I,SS,1.5,F1+TF1,ETHNUS (APT),
BSTS101P,Quantitative Skills Practice I,SS,1.5,F1+TF1,FACE (APT),
BSTS101P,Quantitative Skills Practice I,SS,1.5,F1+TF1,SIXPHRASE(APT),
BSTS101P,Quantitative Skills Practice I,SS,1.5,F1+TF1,ETHNUS (APT),
BSTS101P,Quantitative Skills Practice I,SS,1.5,F1+TF1,FACE (APT),
BSTS101P,Quantitative Skills Practice I,SS,1.5,F2+TF2,SIXPHRASE(APT),
BSTS101P,Quantitative Skills Practice I,SS,1.5,F2+TF2,ETHNUS (APT),
BSTS101P,Quantitative Skills Practice I,SS,1.5,F2+TF2,FACE (APT),
BSTS101P,Quantitative Skills Practice I,SS,1.5,F2+TF2,SIXPHRASE(APT),
BSTS101P,Quantitative Skills Practice I,SS,1.5,F2+TF2,ETHNUS (APT),
BSTS101P,Quantitative Skills Practice I,SS,1.5,F2+TF2,FACE (APT),
BSTS101P,Quantitative Skills Practice I,SS,1.5,F2+TF2,SIXPHRASE(APT),
BSTS101P,Quantitative Skills Practice I,SS,1.5,E1+TE1,ETHNUS (APT),
BSTS101P,Quantitative Skills Practice I,SS,1.5,E1+TE1,FACE (APT),
BSTS101P,Quantitative Skills Practice I,SS,1.5,E1+TE1,SIXPHRASE(APT),
BSTS101P,Quantitative Skills Practice I,SS,1.5,E1+TE1,ETHNUS (APT),
BSTS101P,Quantitative Skills Practice I,SS,1.5,E1+TE1,FACE (APT),
BSTS101P,Quantitative Skills Practice I,SS,1.5,E1+TE1,SIXPHRASE(APT),
BSTS101P,Quantitative Skills Practice I,SS,1.5,E1+TE1,ETHNUS (APT),
BSTS101P,Quantitative Skills Practice I,SS,1.5,E1+TE1,FACE (APT),
BSTS101P,Quantitative Skills Practice I,SS,1.5,E2+TE2,SIXPHRASE(APT),
BSTS101P,Quantitative Skills Practice I,SS,1.5,E2+TE2,ETHNUS (APT),
BSTS101P,Quantitative Skills Practice I,SS,1.5,E2+TE2,FACE (APT),
BSTS101P,Quantitative Skills Practice I,SS,1.5,E2+TE2,SIXPHRASE(APT),
BSTS101P,Quantitative Skills Practice I,SS,1.5,E2+TE2,ETHNUS (APT),
BSTS102P,Quantitative Skills Practice II,SS,1.5,B1+TB1,ETHNUS (APT),
BSTS102P,Quantitative Skills Practice II,SS,1.5,B1+TB1,FACE (APT),
BSTS102P,Quantitative Skills Practice II,SS,1.5,B1+TB1,ETHNUS (APT),
BSTS102P,Quantitative Skills Practice II,SS,1.5,B1+TB1,FACE (APT),
BSTS102P,Quantitative Skills Practice II,SS,1.5,B1+TB1,ETHNUS (APT),
BSTS102P,Quantitative Skills Practice II,SS,1.5,B1+TB1,FACE (APT),
BSTS102P,Quantitative Skills Practice II,SS,1.5,B1+TB1,ETHNUS (APT),
BSTS102P,Quantitative Skills Practice II,SS,1.5,B1+TB1,FACE (APT),
BSTS102P,Quantitative Skills Practice II,SS,1.5,B1+TB1,ETHNUS (APT),
BSTS102P,Quantitative Skills Practice II,SS,1.5,B1+TB1,FACE (APT),
BSTS102P,Quantitative Skills Practice II,SS,1.5,B1+TB1,ETHNUS (APT),
BSTS102P,Quantitative Skills Practice II,SS,1.5,B1+TB1,FACE (APT),
BSTS102P,Quantitative Skills Practice II,SS,1.5,B1+TB1,ETHNUS (APT),
BSTS102P,Quantitative Skills Practice II,SS,1.5,B1+TB1,FACE (APT),
BSTS102P,Quantitative Skills Practice II,SS,1.5,B1+TB1,ETHNUS (APT),
BSTS102P,Quantitative Skills Practice II,SS,1.5,B1+TB1,FACE (APT),
BSTS102P,Quantitative Skills Practice II,SS,1.5,B1+TB1,ETHNUS (APT),
BSTS102P,Quantitative Skills Practice II,SS,1.5,B2+TB2,ETHNUS (APT),
BSTS102P,Quantitative Skills Practice II,SS,1.5,B2+TB2,FACE (APT),
BSTS102P,Quantitative Skills Practice II,SS,1.5,B2+TB2,ETHNUS (APT),
BSTS102P,Quantitative Skills Practice II,SS,1.5,B2+TB2,FACE (APT),
BSTS102P,Quantitative Skills Practice II,SS,1.5,B2+TB2,ETHNUS (APT),
BSTS102P,Quantitative Skills Practice II,SS,1.5,B2+TB2,ETHNUS (APT),
BSTS102P,Quantitative Skills Practice II,SS,1.5,B2+TB2,FACE (APT),
BSTS102P,Quantitative Skills Practice II,SS,1.5,B2+TB2,FACE (APT),
BSTS102P,Quantitative Skills Practice II,SS,1.5,B2+TB2,ETHNUS (APT),
BSTS102P,Quantitative Skills Practice II,SS,1.5,B2+TB2,FACE (APT),
BSTS102P,Quantitative Skills Practice II,SS,1.5,B2+TB2,ETHNUS (APT),
BSTS102P,Quantitative Skills Practice II,SS,1.5,B2+TB2,FACE (APT),
BSTS102P,Quantitative Skills Practice II,SS,1.5,B2+TB2,ETHNUS (APT),
BSTS102P,Quantitative Skills Practice II,SS,1.5,B2+TB2,ETHNUS (APT),
BSTS102P,Quantitative Skills Practice II,SS,1.5,B2+TB2,FACE (APT),
BSTS102P,Quantitative Skills Practice II,SS,1.5,B2+TB2,FACE (APT),
BSTS102P,Quantitative Skills Practice II,SS,1.5,A1+TA1,ETHNUS (APT),
BSTS102P,Quantitative Skills Practice II,SS,1.5,A1+TA1,FACE (APT),
BSTS102P,Quantitative Skills Practice II,SS,1.5,A1+TA1,ETHNUS (APT),
BSTS102P,Quantitative Skills Practice II,SS,1.5,A1+TA1,FACE (APT),
BSTS102P,Quantitative Skills Practice II,SS,1.5,A1+TA1,ETHNUS (APT),
BSTS102P,Quantitative Skills Practice II,SS,1.5,A1+TA1,FACE (APT),
BSTS102P,Quantitative Skills Practice II,SS,1.5,A1+TA1,ETHNUS (APT),
BSTS102P,Quantitative Skills Practice II,SS,1.5,A1+TA1,FACE (APT),
BSTS102P,Quantitative Skills Practice II,SS,1.5,A2+TA2,ETHNUS (APT),
BSTS102P,Quantitative Skills Practice II,SS,1.5,A2+TA2,FACE (APT),
BSTS102P,Quantitative Skills Practice II,SS,1.5,A2+TA2,ETHNUS (APT),
BSTS102P,Quantitative Skills Practice II,SS,1.5,A2+TA2,FACE (APT),
BSTS102P,Quantitative Skills Practice II,SS,1.5,A2+TA2,ETHNUS (APT),
BSTS102P,Quantitative Skills Practice II,SS,1.5,F1+TF1,ETHNUS (APT),
BSTS102P,Quantitative Skills Practice II,SS,1.5,F1+TF1,FACE (APT),
BSTS102P,Quantitative Skills Practice II,SS,1.5,F1+TF1,ETHNUS (APT),
BSTS102P,Quantitative Skills Practice II,SS,1.5,F1+TF1,FACE (APT),
BSTS102P,Quantitative Skills Practice II,SS,1.5,F1+TF1,ETHNUS (APT),
BSTS102P,Quantitative Skills Practice II,SS,1.5,F1+TF1,FACE (APT),
BSTS102P,Quantitative Skills Practice II,SS,1.5,F2+TF2,ETHNUS (APT),
BSTS102P,Quantitative Skills Practice II,SS,1.5,F2+TF2,FACE (APT),
BSTS102P,Quantitative Skills Practice II,SS,1.5,F2+TF2,ETHNUS (APT),
BSTS302P,Advanced Competitive Coding,SS,1.5,G1+TG1,ETHNUS (APT),
BSTS302P,Advanced Competitive Coding,SS,1.5,G1+TG1,FACE (APT),
BSTS302P,Advanced Competitive Coding,SS,1.5,G1+TG1,ETHNUS (APT),
BSTS302P,Advanced Competitive Coding,SS,1.5,G1+TG1,FACE (APT),
BSTS302P,Advanced Competitive Coding,SS,1.5,G1+TG1,ETHNUS (APT),
BSTS302P,Advanced Competitive Coding,SS,1.5,G1+TG1,FACE (APT),
BSTS302P,Advanced Competitive Coding,SS,1.5,G1+TG1,ETHNUS (APT),
BSTS302P,Advanced Competitive Coding,SS,1.5,G2+TG2,ETHNUS (APT),
BSTS302P,Advanced Competitive Coding,SS,1.5,G2+TG2,FACE (APT),
BSTS302P,Advanced Competitive Coding,SS,1.5,G2+TG2,FACE (APT),
BSTS302P,Advanced Competitive Coding,SS,1.5,G2+TG2,ETHNUS (APT),
BSTS302P,Advanced Competitive Coding,SS,1.5,G2+TG2,FACE (APT),
BSTS302P,Advanced Competitive Coding,SS,1.5,G2+TG2,ETHNUS (APT),
BSTS302P,Advanced Competitive Coding,SS,1.5,G2+TG2,FACE (APT),
BSTS302P,Advanced Competitive Coding,SS,1.5,E1+TE1,ETHNUS (APT),
BSTS302P,Advanced Competitive Coding,SS,1.5,E1+TE1,FACE (APT),
BSTS302P,Advanced Competitive Coding,SS,1.5,E1+TE1,ETHNUS (APT),
BSTS302P,Advanced Competitive Coding,SS,1.5,E1+TE1,FACE (APT),
BSTS302P,Advanced Competitive Coding,SS,1.5,E1+TE1,ETHNUS (APT),
BSTS302P,Advanced Competitive Coding,SS,1.5,E1+TE1,FACE (APT),
BSTS302P,Advanced Competitive Coding,SS,1.5,E1+TE1,ETHNUS (APT),
BSTS302P,Advanced Competitive Coding,SS,1.5,E1+TE1,FACE (APT),
BSTS302P,Advanced Competitive Coding,SS,1.5,E2+TE2,ETHNUS (APT),
BSTS302P,Advanced Competitive Coding,SS,1.5,E2+TE2,FACE (APT),
BSTS302P,Advanced Competitive Coding,SS,1.5,E2+TE2,ETHNUS (APT),
BSTS302P,Advanced Competitive Coding,SS,1.5,E2+TE2,FACE (APT),
BSTS302P,Advanced Competitive Coding,SS,1.5,E2+TE2,ETHNUS (APT),
BSTS302P,Advanced Competitive Coding,SS,1.5,E2+TE2,FACE (APT),
BSTS302P,Advanced Competitive Coding,SS,1.5,D1+TD1,ETHNUS (APT),
BSTS302P,Advanced Competitive Coding,SS,1.5,D1+TD1,FACE (APT),
BSTS302P,Advanced Competitive Coding,SS,1.5,D1+TD1,ETHNUS (APT),
BSTS302P,Advanced Competitive Coding,SS,1.5,D1+TD1,FACE (APT),
BSTS302P,Advanced Competitive Coding,SS,1.5,D1+TD1,ETHNUS (APT),
BSTS302P,Advanced Competitive Coding,SS,1.5,D1+TD1,FACE (APT),
BSTS302P,Advanced Competitive Coding,SS,1.5,D2+TD2,ETHNUS (APT),
BSTS302P,Advanced Competitive Coding,SS,1.5,D2+TD2,FACE (APT),
BSTS302P,Advanced Competitive Coding,SS,1.5,D2+TD2,ETHNUS (APT),
BSTS302P,Advanced Competitive Coding,SS,1.5,D2+TD2,FACE (APT),
BSTS302P,Advanced Competitive Coding,SS,1.5,D2+TD2,FACE (APT),
BSTS302P,Advanced Competitive Coding,SS,1.5,C1+TC1,ETHNUS (APT),
BSTS302P,Advanced Competitive Coding,SS,1.5,C1+TC1,FACE (APT),
BSTS302P,Advanced Competitive Coding,SS,1.5,C1+TC1,ETHNUS (APT),
BSTS302P,Advanced Competitive Coding,SS,1.5,C1+TC1,FACE (APT),
BSTS302P,Advanced Competitive Coding,SS,1.5,C1+TC1,ETHNUS (APT),
BSTS302P,Advanced Competitive Coding,SS,1.5,C1+TC1,FACE (APT),
BSTS302P,Advanced Competitive Coding,SS,1.5,C1+TC1,ETHNUS (APT),
BSTS302P,Advanced Competitive Coding,SS,1.5,C2+TC2,ETHNUS (APT),
BSTS302P,Advanced Competitive Coding,SS,1.5,C2+TC2,FACE (APT),
BSTS302P,Advanced Competitive Coding,SS,1.5,C2+TC2,ETHNUS (APT),
BSTS302P,Advanced Competitive Coding,SS,1.5,C2+TC2,FACE (APT),
ISTS102P,Quantitative Skills Practice I,SS,1.5,G1+TG1,FACE (APT),
ISTS102P,Quantitative Skills Practice I,SS,1.5,G1+TG1,SIXPHRASE(APT),
ISTS102P,Quantitative Skills Practice I,SS,1.5,G1+TG1,ETHNUS (APT),
ISTS102P,Quantitative Skills Practice I,SS,1.5,G2+TG2,SIXPHRASE(APT),
ISTS102P,Quantitative Skills Practice I,SS,1.5,G2+TG2,FACE (APT),
ISTS202P,Quantitative Skills Practice II,SS,1.5,A1+TA1,ETHNUS (APT),
ISTS202P,Quantitative Skills Practice II,SS,1.5,A1+TA1,FACE (APT),
ISTS202P,Quantitative Skills Practice II,SS,1.5,A2+TA2,ETHNUS (APT),
MSTS502P,Quantitative Skills Practice,SS,1.5,A2+TA2,ETHNUS (APT),
MSTS502P,Quantitative Skills Practice,SS,1.5,A2+TA2,FACE (APT),
MSTS502P,Quantitative Skills Practice,SS,1.5,A2+TA2,SIXPHRASE(APT),
MSTS601L,Advanced Competitive Coding,SS,3,E2+TE2,ETHNUS (APT),
MSTS601L,Advanced Competitive Coding,SS,3,E2+TE2,FACE (APT),
MSTS601L,Advanced Competitive Coding,SS,3,E2+TE2,SIXPHRASE(APT),
STS1012,Introduction to Business Com,SS,1,A1+TA1,FACE (APT),
STS2012,Aptitude and Reasoning Skills,SS,1,B1+TB1,FACE (APT),
STS2022,Arithmetic Problem Solving,SS,1,A1+TA1,ETHNUS (APT),
STS2022,Arithmetic Problem Solving,SS,1,A1+TA1,FACE (APT),
STS2022,Arithmetic Problem Solving,SS,1,A2+TA2,ETHNUS (APT),
STS3022,Enhancing Problem Solving Ski,SS,1,F1+TF1,ETHNUS (APT),
STS3022,Enhancing Problem Solving Ski,SS,1,F1+TF1,FACE (APT),
STS3022,Enhancing Problem Solving Ski,SS,1,F1+TF1,ETHNUS (APT),
STS3022,Enhancing Problem Solving Ski,SS,1,F1+TF1,FACE (APT),
STS3022,Enhancing Problem Solving Ski,SS,1,F2+TF2,ETHNUS (APT),
STS3022,Enhancing Problem Solving Ski,SS,1,F2+TF2,FACE (APT),
STS4022,Preparation for Employment,SS,1,G1+TG1,ETHNUS (APT),
STS4022,Preparation for Employment,SS,1,G1+TG1,FACE (APT),
STS4022,Preparation for Employment,SS,1,G1+TG1,ETHNUS (APT),
STS4022,Preparation for Employment,SS,1,G1+TG1,FACE (APT),
STS4022,Preparation for Employment,SS,1,G2+TG2,ETHNUS (APT),
STS4022,Preparation for Employment,SS,1,G2+TG2,FACE (APT),
USTS102P,Quantitative Skills,SS,1.5,A1+TA1,FACE (APT),
USTS302P,Advanced Competitive Coding,SS,1.5,E1+TE1,ETHNUS (APT),
BCHY101L,Engineering Chemistry,TH,3,A1+TA1,AROCKIASAMY,
BCHY101L,Engineering Chemistry,TH,3,A2+TA2,RAJENDRA KUMAR K,
BCHY101L,Engineering Chemistry,TH,3,E1+TE1,JAYANTA PARUI,
BCHY101L,Engineering Chemistry,TH,3,E1+TE1,SARAVANAKUMAR R,
BCHY101L,Engineering Chemistry,TH,3,E2+TE2,SARAVANAKUMAR R,
BCHY101L,Engineering Chemistry,TH,3,A1+TA1,TANUSHREE CHOUDH,
BCHY101L,Engineering Chemistry,TH,3,A2+TA2,TANUSHREE CHOUDH,
BCHY101L,Engineering Chemistry,TH,3,A2+TA2,FATEH VEER SINGH,
BCHY101L,Engineering Chemistry,TH,3,E2+TE2,FATEH VEER SINGH,
BCHY101L,Engineering Chemistry,TH,3,A1+TA1,KRISHNENDU BISWAS,
BCHY101L,Engineering Chemistry,TH,3,A2+TA2,KRISHNENDU BISWAS,
BCHY101L,Engineering Chemistry,TH,3,A1+TA1,MILIND SHRINIVAS DA,
BCHY101L,Engineering Chemistry,TH,3,E2+TE2,JAYANTA PARUI,
BCHY101L,Engineering Chemistry,TH,3,E1+TE1,SANTOSH G,
BCHY101L,Engineering Chemistry,TH,3,E2+TE2,SANTOSH G,
BCHY101L,Engineering Chemistry,TH,3,A1+TA1,RAMACHANDRAN,
BCHY101L,Engineering Chemistry,TH,3,A2+TA2,RAMACHANDRAN,
BCHY101L,Engineering Chemistry,TH,3,A1+TA1,SHYAMAPADA NANDI,
BCHY101L,Engineering Chemistry,TH,3,A2+TA2,SHYAMAPADA NANDI,
BCHY101L,Engineering Chemistry,TH,3,E1+TE1,KIRAN KUMAR TADI,
BCHY101L,Engineering Chemistry,TH,3,E2+TE2,KIRAN KUMAR TADI,
BCHY101L,Engineering Chemistry,TH,3,A1+TA1,ILAIYARAJA PERUMAL,
BCHY101L,Engineering Chemistry,TH,3,A2+TA2,ILAIYARAJA PERUMAL,
BCHY101L,Engineering Chemistry,TH,3,A1+TA1,BUTHANAPALLI RAMA,
BCHY101L,Engineering Chemistry,TH,3,A2+TA2,BUTHANAPALLI RAMA,
BCHY101L,Engineering Chemistry,TH,3,A1+TA1,GANESAN,
BCHY101L,Engineering Chemistry,TH,3,A1+TA1,LAKKOJI SATISH,
BCHY101L,Engineering Chemistry,TH,3,A2+TA2,LAKKOJI SATISH,
BCHY101L,Engineering Chemistry,TH,3,E1+TE1,SUBHAYAN DEY,
BCHY101L,Engineering Chemistry,TH,3,A2+TA2,SUBHAYAN DEY,
BCHY101L,Engineering Chemistry,TH,3,E1+TE1,SAHELI KARMAKAR,
BCHY101L,Engineering Chemistry,TH,3,A2+TA2,SAHELI KARMAKAR,
BCHY101L,Engineering Chemistry,TH,3,E1+TE1,RITU MAMGAIN,
BCHY101L,Engineering Chemistry,TH,3,E2+TE2,RITU MAMGAIN,
BCHY101L,Engineering Chemistry,TH,3,E2+TE2,RAMU A,
BCHY101L,Engineering Chemistry,TH,3,E1+TE1,T S PRATHIMA,
BCHY101P,Engineering Chemistry Lab,LO,1,L43+L44,AROCKIASAMY,
BCHY101P,Engineering Chemistry Lab,LO,1,L33+L34,JAYANTA PARUI,
BCHY101P,Engineering Chemistry Lab,LO,1,L27+L28,RAJENDRA KUMAR K,
BCHY101P,Engineering Chemistry Lab,LO,1,L11+L12,TANUSHREE CHOUDH,
BCHY101P,Engineering Chemistry Lab,LO,1,L41+L42,TANUSHREE CHOUDH,
BCHY101P,Engineering Chemistry Lab,LO,1,L59+L60,FATEH VEER SINGH,
BCHY101P,Engineering Chemistry Lab,LO,1,L23+L24,SARAVANAKUMAR R,
BCHY101P,Engineering Chemistry Lab,LO,1,L15+L16,SARAVANAKUMAR R,
BCHY101P,Engineering Chemistry Lab,LO,1,L29+L30,KRISHNENDU BISWAS,
BCHY101P,Engineering Chemistry Lab,LO,1,L21+L22,KRISHNENDU BISWAS,
BCHY101P,Engineering Chemistry Lab,LO,1,L55+L56,MILIND SHRINIVAS DA,
BCHY101P,Engineering Chemistry Lab,LO,1,L13+L14,JAYANTA PARUI,
BCHY101P,Engineering Chemistry Lab,LO,1,L31+L32,SANTOSH G,
BCHY101P,Engineering Chemistry Lab,LO,1,L1+L2,SANTOSH G,
BCHY101P,Engineering Chemistry Lab,LO,1,L5+L6,RAMACHANDRAN,
BCHY101P,Engineering Chemistry Lab,LO,1,L9+L10,RAMACHANDRAN,
BCHY101P,Engineering Chemistry Lab,LO,1,L37+L38,SHYAMAPADA NANDI,
BCHY101P,Engineering Chemistry Lab,LO,1,L25+L26,SHYAMAPADA NANDI,
BCHY101P,Engineering Chemistry Lab,LO,1,L49+L50,KIRAN KUMAR TADI,
BCHY101P,Engineering Chemistry Lab,LO,1,L3+L4,KIRAN KUMAR TADI,
BCHY101P,Engineering Chemistry Lab,LO,1,L49+L50,ILAIYARAJA PERUMAL,
BCHY101P,Engineering Chemistry Lab,LO,1,L45+L46,ILAIYARAJA PERUMAL,
BCHY101P,Engineering Chemistry Lab,LO,1,L51+L52,BUTHANAPALLI RAMA,
BCHY101P,Engineering Chemistry Lab,LO,1,L15+L16,BUTHANAPALLI RAMA,
BCHY101P,Engineering Chemistry Lab,LO,1,L33+L34,GANESAN,
BCHY101P,Engineering Chemistry Lab,LO,1,L39+L40,LAKKOJI SATISH,
BCHY101P,Engineering Chemistry Lab,LO,1,L7+L8,LAKKOJI SATISH,
BCHY101P,Engineering Chemistry Lab,LO,1,L5+L6,SUBHAYAN DEY,
BCHY101P,Engineering Chemistry Lab,LO,1,L19+L20,SUBHAYAN DEY,
BCHY101P,Engineering Chemistry Lab,LO,1,L37+L38,SAHELI KARMAKAR,
BCHY101P,Engineering Chemistry Lab,LO,1,L1+L2,SAHELI KARMAKAR,
BCHY101P,Engineering Chemistry Lab,LO,1,L43+L44,RITU MAMGAIN,
BCHY101P,Engineering Chemistry Lab,LO,1,L19+L20,FATEH VEER SINGH,
BCHY101P,Engineering Chemistry Lab,LO,1,L7+L8,RAMU A,
BCHY101P,Engineering Chemistry Lab,LO,1,L55+L56,T S PRATHIMA,
BCHY101P,Engineering Chemistry Lab,LO,1,L27+L28,RITU MAMGAIN,
BCHY102N,Environmental Sciences,OC,2,NIL,TANUSHREE CHOUDH,
BCHY102N,Environmental Sciences,OC,2,NIL,KRISHNENDU BISWAS,
BCHY102N,Environmental Sciences,OC,2,NIL,SARAVANAKUMAR R,
BCHY102N,Environmental Sciences,OC,2,NIL,FATEH VEER SINGH,
BCHY102N,Environmental Sciences,OC,2,NIL,JAYANTA PARUI,
BCHY102N,Environmental Sciences,OC,2,NIL,SANTOSH G,
BCHY102N,Environmental Sciences,OC,2,NIL,BALAMURALI M M,
BCHY102N,Environmental Sciences,OC,2,NIL,KIRAN KUMAR TADI,
BCHY102N,Environmental Sciences,OC,2,NIL,BUTHANAPALLI RAMA,
BCHY102N,Environmental Sciences,OC,2,NIL,ILAIYARAJA PERUMAL,
BCHY102N,Environmental Sciences,OC,2,NIL,MILIND SHRINIVAS DA,
BCHY102N,Environmental Sciences,OC,2,NIL,RAMACHANDRAN,
BCHY102N,Environmental Sciences,OC,2,NIL,AROCKIASAMY,
BCHY102N,Environmental Sciences,OC,2,NIL,SHYAMAPADA NANDI,
BCHY102N,Environmental Sciences,OC,2,NIL,LAKKOJI SATISH,
BCHY102N,Environmental Sciences,OC,2,NIL,SAHELI KARMAKAR,
BCHY102N,Environmental Sciences,OC,2,NIL,RAJENDRA KUMAR K,
BCHY102N,Environmental Sciences,OC,2,NIL,GANESAN,
BCHY102N,Environmental Sciences,OC,2,NIL,SUBHAYAN DEY,
BCHY102N,Environmental Sciences,OC,2,NIL,SUJOY SARKAR,
BMAT101L,Calculus,TH,3,C1+TC1,PARTHIBAN V,
BMAT101P,Calculus Lab,LO,1,L43+L44,PARTHIBAN V,
BMAT102L,Differential Equations and Transformations,TH,4,C1+TC1+TCC1,SETHUKUMARASAMY,
BMAT102L,Differential Equations and Transformations,TH,4,C1+TC1+TCC1,MANIMARAN J,
BMAT102L,Differential Equations and Transformations,TH,4,C1+TC1+TCC1,MOHANA N,
BMAT102L,Differential Equations and Transformations,TH,4,C1+TC1+TCC1,SAGITHYA,
BMAT102L,Differential Equations and Transformations,TH,4,C1+TC1+TCC1,PRABHAKAR V,
BMAT102L,Differential Equations and Transformations,TH,4,C1+TC1+TCC1,NATHIYA N,
BMAT102L,Differential Equations and Transformations,TH,4,C1+TC1+TCC1,SOMNATH BERA,
BMAT102L,Differential Equations and Transformations,TH,4,C1+TC1+TCC1,DURGA,
BMAT102L,Differential Equations and Transformations,TH,4,C1+TC1+TCC1,KALYAN,
BMAT102L,Differential Equations and Transformations,TH,4,C1+TC1+TCC1,ANKIT KUMAR,
BMAT102L,Differential Equations and Transformations,TH,4,C1+TC1+TCC1,SANDIP,
BMAT102L,Differential Equations and Transformations,TH,4,C1+TC1+TCC1,SANKARSAN TARAI,
BMAT102L,Differential Equations and Transformations,TH,4,C1+TC1+TCC1,SUDIP DEBNATH,
BMAT102L,Differential Equations and Transformations,TH,4,C1+TC1+TCC1,SOWNDARRAJAN P T,
BMAT102L,Differential Equations and Transformations,TH,4,C1+TC1+TCC1,THARASI DILLESWAR,
BMAT102L,Differential Equations and Transformations,TH,4,C1+TC1+TCC1,ASHISH KUMAR,
BMAT102L,Differential Equations and Transformations,TH,4,C1+TC1+TCC1,REVATHI G K,
BMAT102L,Differential Equations and Transformations,TH,4,C1+TC1+TCC1,SANDIP DALUI,
BMAT102L,Differential Equations and Transformations,TH,4,C2+TC2+TCC2,SETHUKUMARASAMY,
BMAT102L,Differential Equations and Transformations,TH,4,C2+TC2+TCC2,MANIMARAN J,
BMAT102L,Differential Equations and Transformations,TH,4,C2+TC2+TCC2,MOHANA N,
BMAT102L,Differential Equations and Transformations,TH,4,C2+TC2+TCC2,SAGITHYA,
BMAT102L,Differential Equations and Transformations,TH,4,C2+TC2+TCC2,PRABHAKAR V,
BMAT102L,Differential Equations and Transformations,TH,4,C2+TC2+TCC2,NATHIYA N,
BMAT102L,Differential Equations and Transformations,TH,4,C2+TC2+TCC2,SOMNATH BERA,
BMAT102L,Differential Equations and Transformations,TH,4,C2+TC2+TCC2,DURGA,
BMAT102L,Differential Equations and Transformations,TH,4,C2+TC2+TCC2,KALYAN,
BMAT102L,Differential Equations and Transformations,TH,4,C2+TC2+TCC2,ANKIT KUMAR,
BMAT102L,Differential Equations and Transformations,TH,4,C2+TC2+TCC2,SANDIP,
BMAT102L,Differential Equations and Transformations,TH,4,C2+TC2+TCC2,SANKARSAN TARAI,
BMAT102L,Differential Equations and Transformations,TH,4,C2+TC2+TCC2,SUDIP DEBNATH,
BMAT102L,Differential Equations and Transformations,TH,4,C2+TC2+TCC2,SOWNDARRAJAN P T,
BMAT102L,Differential Equations and Transformations,TH,4,C2+TC2+TCC2,THARASI DILLESWAR,
BMAT102L,Differential Equations and Transformations,TH,4,C2+TC2+TCC2,ASHISH KUMAR,
BMAT102L,Differential Equations and Transformations,TH,4,A1+TA1+TAA1,SRUTHA KEERTHI B,
BMAT102L,Differential Equations and Transformations,TH,4,A1+TA1+TAA1,BALAMURUGAN B J,
BMAT102L,Differential Equations and Transformations,TH,4,A1+TA1+TAA1,VIDHYA V,
BMAT102L,Differential Equations and Transformations,TH,4,A1+TA1+TAA1,DHIVYA P,
BMAT102L,Differential Equations and Transformations,TH,4,A1+TA1+TAA1,OM NAMHA SHIVAY,
BMAT102L,Differential Equations and Transformations,TH,4,A1+TA1+TAA1,SURATH,
BMAT102L,Differential Equations and Transformations,TH,4,A1+TA1+TAA1,DHIVYA M,
BMAT102L,Differential Equations and Transformations,TH,4,A1+TA1+TAA1,MINI GHOSH,
BMAT102L,Differential Equations and Transformations,TH,4,A2+TA2+TAA2,PANKAJ SHUKLA,
BMAT102L,Differential Equations and Transformations,TH,4,A2+TA2+TAA2,BALAMURUGAN B J,
BMAT102L,Differential Equations and Transformations,TH,4,A2+TA2+TAA2,VIDHYA V,
BMAT102L,Differential Equations and Transformations,TH,4,A2+TA2+TAA2,DHIVYA P,
BMAT102L,Differential Equations and Transformations,TH,4,A2+TA2+TAA2,OM NAMHA SHIVAY,
BMAT102L,Differential Equations and Transformations,TH,4,A2+TA2+TAA2,SURATH,
BMAT102L,Differential Equations and Transformations,TH,4,A2+TA2+TAA2,SAURABH CHANDRA M,
BMAT102L,Differential Equations and Transformations,TH,4,D1+TD1+TDD1,KRISHNA KUMAR,
BMAT102L,Differential Equations and Transformations,TH,4,D1+TD1+TDD1,REVATHI G K,
BMAT102L,Differential Equations and Transformations,TH,4,D1+TD1+TDD1,N RAMESH BABU,
BMAT102L,Differential Equations and Transformations,TH,4,D1+TD1+TDD1,SOUMENDU ROY,
BMAT102L,Differential Equations and Transformations,TH,4,D1+TD1+TDD1,PADMAJA N,
BMAT102L,Differential Equations and Transformations,TH,4,D1+TD1+TDD1,PULAK KONAR,
BMAT102L,Differential Equations and Transformations,TH,4,D1+TD1+TDD1,RAJIVGANTHI,
BMAT102L,Differential Equations and Transformations,TH,4,D1+TD1+TDD1,ABHISHEK KUMAR SIN,
BMAT102L,Differential Equations and Transformations,TH,4,D1+TD1+TDD1,DHIVYA M,
BMAT102L,Differential Equations and Transformations,TH,4,D1+TD1+TDD1,BERIN GREENI A,
BMAT102L,Differential Equations and Transformations,TH,4,D1+TD1+TDD1,POULOMI DE,
BMAT102L,Differential Equations and Transformations,TH,4,D2+TD2+TDD2,SANDIP DALUI,
BMAT102L,Differential Equations and Transformations,TH,4,D2+TD2+TDD2,AVINASH KUMAR MIT,
BMAT102L,Differential Equations and Transformations,TH,4,D2+TD2+TDD2,N RAMESH BABU,
BMAT102L,Differential Equations and Transformations,TH,4,D2+TD2+TDD2,SOUMENDU ROY,
BMAT102L,Differential Equations and Transformations,TH,4,D2+TD2+TDD2,PROSENJIT,
BMAT102L,Differential Equations and Transformations,TH,4,D2+TD2+TDD2,PULAK KONAR,
BMAT102L,Differential Equations and Transformations,TH,4,D2+TD2+TDD2,RAJIVGANTHI,
BMAT102L,Differential Equations and Transformations,TH,4,D2+TD2+TDD2,ABHISHEK KUMAR SIN,
BMAT102L,Differential Equations and Transformations,TH,4,D2+TD2+TDD2,SAURABH CHANDRA M,
BMAT102L,Differential Equations and Transformations,TH,4,D2+TD2+TDD2,BERIN GREENI A,
BMAT102L,Differential Equations and Transformations,TH,4,D2+TD2+TDD2,MOHIT KUMAR,
BMAT201L,Complex Variables and Linear,TH,4,A1+TA1+TAA1,JAYAGOPAL R,
BMAT201L,Complex Variables and Linear,TH,4,A1+TA1+TAA1,BALAJI,
BMAT201L,Complex Variables and Linear,TH,4,A1+TA1+TAA1,MANIVANNAN A,
BMAT201L,Complex Variables and Linear,TH,4,A1+TA1+TAA1,AMIT KUMAR RAHUL,
BMAT201L,Complex Variables and Linear,TH,4,A1+TA1+TAA1,VIJAY KUMAR P,
BMAT201L,Complex Variables and Linear,TH,4,A1+TA1+TAA1,DURGAPRASAD P,
BMAT201L,Complex Variables and Linear,TH,4,A1+TA1+TAA1,PAVITHRA R,
BMAT201L,Complex Variables and Linear,TH,4,A1+TA1+TAA1,PULAK KONAR,
BMAT201L,Complex Variables and Linear,TH,4,A1+TA1+TAA1,SOUMENDU ROY,
BMAT201L,Complex Variables and Linear,TH,4,A1+TA1+TAA1,PROSENJIT,
BMAT201L,Complex Variables and Linear,TH,4,A2+TA2+TAA2,JAYAGOPAL R,
BMAT201L,Complex Variables and Linear,TH,4,A2+TA2+TAA2,BALAJI,
BMAT201L,Complex Variables and Linear,TH,4,A2+TA2+TAA2,MANIVANNAN A,
BMAT201L,Complex Variables and Linear,TH,4,A2+TA2+TAA2,AMIT KUMAR RAHUL,
BMAT201L,Complex Variables and Linear,TH,4,A2+TA2+TAA2,VIJAY KUMAR P,
BMAT201L,Complex Variables and Linear,TH,4,A2+TA2+TAA2,DURGAPRASAD P,
BMAT201L,Complex Variables and Linear,TH,4,A2+TA2+TAA2,PAVITHRA R,
BMAT201L,Complex Variables and Linear,TH,4,A2+TA2+TAA2,RAJIVGANTHI,
BMAT201L,Complex Variables and Linear,TH,4,A2+TA2+TAA2,PROSENJIT,
BMAT201L,Complex Variables and Linear,TH,4,C1+TC1+TCC1,ASHIS BERA,
BMAT201L,Complex Variables and Linear,TH,4,C1+TC1+TCC1,KRITI ARYA,
BMAT201L,Complex Variables and Linear,TH,4,C1+TC1+TCC1,JAGANATHAN B,
BMAT201L,Complex Variables and Linear,TH,4,C1+TC1+TCC1,SANDIP KUMAR DAS,
BMAT201L,Complex Variables and Linear,TH,4,C1+TC1+TCC1,RAJESH KUMAR MOH,
BMAT201L,Complex Variables and Linear,TH,4,C1+TC1+TCC1,DAVID RAJ,
BMAT201L,Complex Variables and Linear,TH,4,C1+TC1+TCC1,RADHA S,
BMAT201L,Complex Variables and Linear,TH,4,C1+TC1+TCC1,DEVI YAMINI S,
BMAT201L,Complex Variables and Linear,TH,4,C2+TC2+TCC2,ASHIS BERA,
BMAT201L,Complex Variables and Linear,TH,4,C2+TC2+TCC2,KRITI ARYA,
BMAT201L,Complex Variables and Linear,TH,4,C2+TC2+TCC2,JAGANATHAN B,
BMAT201L,Complex Variables and Linear,TH,4,C2+TC2+TCC2,SANDIP KUMAR DAS,
BMAT201L,Complex Variables and Linear,TH,4,C2+TC2+TCC2,RAJESH KUMAR MOH,
BMAT202L,Probability and Statistics,TH,3,F1+TF1,KRISHNA KUMAR,
BMAT202L,Probability and Statistics,TH,3,F1+TF1,AARTHY B,
BMAT202L,Probability and Statistics,TH,3,F1+TF1,ANITHA G,
BMAT202L,Probability and Statistics,TH,3,F1+TF1,SUMATHI S,
BMAT202L,Probability and Statistics,TH,3,F1+TF1,SAKTHIDEVI K,
BMAT202L,Probability and Statistics,TH,3,F1+TF1,YUVARANI C,
BMAT202L,Probability and Statistics,TH,3,F1+TF1,HARSHAVARTHINI,
BMAT202L,Probability and Statistics,TH,3,F2+TF2,UMA MAHESWARI S,
BMAT202L,Probability and Statistics,TH,3,F2+TF2,AARTHY B,
BMAT202L,Probability and Statistics,TH,3,F2+TF2,ANITHA G,
BMAT202L,Probability and Statistics,TH,3,F2+TF2,SUMATHI S,
BMAT202L,Probability and Statistics,TH,3,F2+TF2,SAKTHIDEVI K,
BMAT202L,Probability and Statistics,TH,3,F2+TF2,YUVARANI C,
BMAT202L,Probability and Statistics,TH,3,F2+TF2,VAISHNAVI S,
BMAT202L,Probability and Statistics,TH,3,D1+TD1,LAKSHMANAN S,
BMAT202L,Probability and Statistics,TH,3,D1+TD1,NIVEDHA D,
BMAT202L,Probability and Statistics,TH,3,D1+TD1,SRILEKHA R,
BMAT202L,Probability and Statistics,TH,3,D1+TD1,KIRUTHIKA R,
BMAT202L,Probability and Statistics,TH,3,D1+TD1,MYTHILI G Y,
BMAT202L,Probability and Statistics,TH,3,D1+TD1,VAISHNAVI S,
BMAT202L,Probability and Statistics,TH,3,D2+TD2,MYTHILI G Y,
BMAT202L,Probability and Statistics,TH,3,D2+TD2,NIVEDHA D,
BMAT202L,Probability and Statistics,TH,3,D2+TD2,SRILEKHA R,
BMAT202P,Probability and Statistics Lab,LO,1,L45+L46,KRISHNA KUMAR,
BMAT202P,Probability and Statistics Lab,LO,1,L33+L34,AARTHY B,
BMAT202P,Probability and Statistics Lab,LO,1,L37+L38,ANITHA G,
BMAT202P,Probability and Statistics Lab,LO,1,L49+L50,SAKTHIDEVI K,
BMAT202P,Probability and Statistics Lab,LO,1,L55+L56,YUVARANI C,
BMAT202P,Probability and Statistics Lab,LO,1,L31+L32,HARSHAVARTHINI,
BMAT202P,Probability and Statistics Lab,LO,1,L15+L16,UMA MAHESWARI S,
BMAT202P,Probability and Statistics Lab,LO,1,L3+L4,AARTHY B,
BMAT202P,Probability and Statistics Lab,LO,1,L7+L8,ANITHA G,
BMAT202P,Probability and Statistics Lab,LO,1,L19+L20,SUMATHI S,
BMAT202P,Probability and Statistics Lab,LO,1,L25+L26,YUVARANI C,
BMAT202P,Probability and Statistics Lab,LO,1,L1+L2,VAISHNAVI S,
BMAT202P,Probability and Statistics Lab,LO,1,L11+L12,LAKSHMANAN S,
BMAT202P,Probability and Statistics Lab,LO,1,L39+L40,SRILEKHA R,
BMAT202P,Probability and Statistics Lab,LO,1,L29+L30,VAISHNAVI S,
BMAT202P,Probability and Statistics Lab,LO,1,L9+L10,MYTHILI G Y,
BMAT202P,Probability and Statistics Lab,LO,1,L21+L22,SRILEKHA R,
BMAT202P,Probability and Statistics Lab,LO,1,L43+L44,SUMATHI S,
BMAT202P,Probability and Statistics Lab,LO,1,L31+L32,NIVEDHA D,
BMAT202P,Probability and Statistics Lab,LO,1,L55+L56,KIRUTHIKA R,
BMAT202P,Probability and Statistics Lab,LO,1,L43+L44,MYTHILI G Y,
BMAT202P,Probability and Statistics Lab,LO,1,L13+L14,NIVEDHA D,
BMAT202P,Probability and Statistics Lab,LO,1,L13+L14,SAKTHIDEVI K,
BPHY101L,Engineering Physics,TH,3,F1+TF1,G VINITHA,
BPHY101L,Engineering Physics,TH,3,F2+TF2,G VINITHA,
BPHY101L,Engineering Physics,TH,3,F1+TF1,MANIKANDAN N,
BPHY101L,Engineering Physics,TH,3,F2+TF2,MANIKANDAN N,
BPHY101L,Engineering Physics,TH,3,F1+TF1,R. D. EITHIRAJ,
BPHY101L,Engineering Physics,TH,3,F2+TF2,R. D. EITHIRAJ,
BPHY101L,Engineering Physics,TH,3,F1+TF1,PUNITHAVELAN N,
BPHY101L,Engineering Physics,TH,3,F2+TF2,PUNITHAVELAN N,
BPHY101L,Engineering Physics,TH,3,F1+TF1,CAROLINE PONRAJ,
BPHY101L,Engineering Physics,TH,3,F2+TF2,CAROLINE PONRAJ,
BPHY101L,Engineering Physics,TH,3,F1+TF1,KARTHIKEYAN S,
BPHY101L,Engineering Physics,TH,3,F2+TF2,KARTHIKEYAN S,
BPHY101L,Engineering Physics,TH,3,F1+TF1,RAMKUMAR,
BPHY101L,Engineering Physics,TH,3,F2+TF2,RAMKUMAR,
BPHY101L,Engineering Physics,TH,3,F2+TF2,PARASURAMAN E,
BPHY101L,Engineering Physics,TH,3,F1+TF1,AJITHA B,
BPHY101L,Engineering Physics,TH,3,F2+TF2,KORLEPARA DIVYA BH,
BPHY101L,Engineering Physics,TH,3,F1+TF1,SHALINI M G,
BPHY101L,Engineering Physics,TH,3,F1+TF1,A KALAI PRIYA,
BPHY101L,Engineering Physics,TH,3,F2+TF2,SWAATHI P,
BPHY101L,Engineering Physics,TH,3,F1+TF1,RISHAB ANTOSH B,
BPHY101L,Engineering Physics,TH,3,F2+TF2,JITENDRA NARAYAN D,
BPHY101L,Engineering Physics,TH,3,B1+TB1,NAVAMATHAVAN R,
BPHY101L,Engineering Physics,TH,3,B2+TB2,NAVAMATHAVAN R,
BPHY101L,Engineering Physics,TH,3,B1+TB1,JUSTIN RAJ,
BPHY101L,Engineering Physics,TH,3,B2+TB2,JUSTIN RAJ,
BPHY101L,Engineering Physics,TH,3,B1+TB1,GOPINATH MUDHANA,
BPHY101L,Engineering Physics,TH,3,B2+TB2,GOPINATH MUDHANA,
BPHY101L,Engineering Physics,TH,3,B1+TB1,SANJIT DAS,
BPHY101L,Engineering Physics,TH,3,B2+TB2,SANJIT DAS,
BPHY101L,Engineering Physics,TH,3,B1+TB1,RAJASEKARAKUMAR V,
BPHY101L,Engineering Physics,TH,3,B2+TB2,RAJASEKARAKUMAR V,
BPHY101L,Engineering Physics,TH,3,B1+TB1,AJITHA B,
BPHY101L,Engineering Physics,TH,3,B1+TB1,SHALINI M G,
BPHY101L,Engineering Physics,TH,3,B1+TB1,A KALAI PRIYA,
BPHY101P,Engineering Physics Lab,LO,1,L11+L12,G VINITHA,
BPHY101P,Engineering Physics Lab,LO,1,L7+L8,G VINITHA,
BPHY101P,Engineering Physics Lab,LO,1,L5+L6,MANIKANDAN N,
BPHY101P,Engineering Physics Lab,LO,1,L21+L22,MANIKANDAN N,
BPHY101P,Engineering Physics Lab,LO,1,L37+L38,R. D. EITHIRAJ,
BPHY101P,Engineering Physics Lab,LO,1,L9+L10,R. D. EITHIRAJ,
BPHY101P,Engineering Physics Lab,LO,1,L23+L24,PUNITHAVELAN N,
BPHY101P,Engineering Physics Lab,LO,1,L47+L48,PUNITHAVELAN N,
BPHY101P,Engineering Physics Lab,LO,1,L49+L50,CAROLINE PONRAJ,
BPHY101P,Engineering Physics Lab,LO,1,L19+L20,CAROLINE PONRAJ,
BPHY101P,Engineering Physics Lab,LO,1,L55+L56,KARTHIKEYAN S,
BPHY101P,Engineering Physics Lab,LO,1,L41+L42,KARTHIKEYAN S,
BPHY101P,Engineering Physics Lab,LO,1,L53+L54,RAMKUMAR,
BPHY101P,Engineering Physics Lab,LO,1,L3+L4,RAMKUMAR,
BPHY101P,Engineering Physics Lab,LO,1,L27+L28,PARASURAMAN E,
BPHY101P,Engineering Physics Lab,LO,1,L45+L46,AJITHA B,
BPHY101P,Engineering Physics Lab,LO,1,L15+L16,KORLEPARA DIVYA BH,
BPHY101P,Engineering Physics Lab,LO,1,L33+L34,SHALINI M G,
BPHY101P,Engineering Physics Lab,LO,1,L35+L36,A KALAI PRIYA,
BPHY101P,Engineering Physics Lab,LO,1,L13+L14,SWAATHI P,
BPHY101P,Engineering Physics Lab,LO,1,L31+L32,RISHAB ANTOSH B,
BPHY101P,Engineering Physics Lab,LO,1,L59+L60,JITENDRA NARAYAN D,
BPHY101P,Engineering Physics Lab,LO,1,L5+L6,NAVAMATHAVAN R,
BPHY101P,Engineering Physics Lab,LO,1,L27+L28,NAVAMATHAVAN R,
BPHY101P,Engineering Physics Lab,LO,1,L29+L30,JUSTIN RAJ,
BPHY101P,Engineering Physics Lab,LO,1,L9+L10,JUSTIN RAJ,
BPHY101P,Engineering Physics Lab,LO,1,L43+L44,GOPINATH MUDHANA,
BPHY101P,Engineering Physics Lab,LO,1,L1+L2,GOPINATH MUDHANA,
BPHY101P,Engineering Physics Lab,LO,1,L31+L32,SANJIT DAS,
BPHY101P,Engineering Physics Lab,LO,1,L25+L26,SANJIT DAS,
BPHY101P,Engineering Physics Lab,LO,1,L11+L12,RAJASEKARAKUMAR V,
BPHY101P,Engineering Physics Lab,LO,1,L13+L14,RAJASEKARAKUMAR V,
BPHY101P,Engineering Physics Lab,LO,1,L37+L38,AJITHA B,
BPHY101P,Engineering Physics Lab,LO,1,L49+L50,SHALINI M G,
BPHY101P,Engineering Physics Lab,LO,1,L55+L56,A KALAI PRIYA,
ICHY101L,Engineering Chemistry,TH,3,D1+TD1,SAVITHA LAKSHMI M,
ICHY101L,Engineering Chemistry,TH,3,D1+TD1,SWATHI V,
ICHY101L,Engineering Chemistry,TH,3,D2+TD2,SERMARAJAN A,
ICHY101P,Engineering Chemistry Lab,LO,1,L11+L12,SAVITHA LAKSHMI M,
ICHY101P,Engineering Chemistry Lab,LO,1,L23+L24,SWATHI V,
ICHY101P,Engineering Chemistry Lab,LO,1,L25+L26,SERMARAJAN A,
IMAT102L,Differential Equations and Transformations,TH,4,A1+TA1+TAA1,MOHIT KUMAR,
IMAT102L,Differential Equations and Transformations,TH,4,A1+TA1+TAA1,POULOMI DE,
IMAT102L,Differential Equations and Transformations,TH,4,A2+TA2+TAA2,AVINASH KUMAR MIT,
IMAT202L,Probability and Statistics,TH,3,E1+TE1,CHITHRAPONNU R,
IMAT202L,Probability and Statistics,TH,3,E2+TE2,CHITHRAPONNU R,
IMAT202L,Probability and Statistics,TH,3,F1+TF1,RADHA S,
IMAT202L,Probability and Statistics,TH,3,F2+TF2,PADMAJA N,
IMAT202P,Probability and Statistics Lab,LO,1,L43+L44,CHITHRAPONNU R,
IMAT202P,Probability and Statistics Lab,LO,1,L43+L44,RADHA S,
IMAT202P,Probability and Statistics Lab,LO,1,L13+L14,CHITHRAPONNU R,
IMAT202P,Probability and Statistics Lab,LO,1,L13+L14,PADMAJA N,
MAT2001,Statistics for Engineers,ETH,3,E1+TE1,SAROJ KUMAR DASH,
MAT2001,Statistics for Engineers,ETH,3,E1+TE1,KIRUTHIKA R,
MAT2001,Statistics for Engineers,ETH,3,E2+TE2,SAROJ KUMAR DASH,
MAT2001,Statistics for Engineers,ELA,1,L49+L50,SAROJ KUMAR DASH,
MAT2001,Statistics for Engineers,ELA,1,L37+L38,KIRUTHIKA R,
MAT2001,Statistics for Engineers,ELA,1,L19+L20,SAROJ KUMAR DASH,
MAT3009,Optimization Techniques,TH,3,B1+TB1,SAKTHIVEL R,
MAT3009,Optimization Techniques,TH,3,B1+TB1,SARITA KUMARI,
MAT3009,Optimization Techniques,TH,3,B2+TB2,HELEN VIJITHA P,
UCHY190L,Environmental Studies,TH,3,F1+TF1,BALAMURALI M M,
UCSC225L,Cyber Security,TH,3,F1+TF1,GANESAN R,
BCLE205L,Environmental Engineering,TH,3,B1+TB1,ANJALI GOPAKUMAR,
BCLE205P,Environmental Engineering La,LO,1,L29+L30,ANJALI GOPAKUMAR,
BCLE206E,Building Planning and Drawing,ETH,1,TA2,VASUGI K,
BCLE206E,Building Planning and Drawing,ELA,1,L43+L44,VASUGI K,
BCLE207L,Soil Mechanics,TH,3,E1+TE1,KARTHIYAINI S,
BCLE207P,Soil Mechanics Lab,LO,1,L5+L6,KARTHIYAINI S,
BCLE208L,Structural Analysis,TH,3,D1+TD1,YAMINI SREEVALLI I,
BCLE209L,Engineering Geology,TH,2,G1,MOHAN K,
BCLE214L,Global Warming,TH,3,F2+TF2,K PALANIVELU,
BCLE214L,Global Warming,TH,3,A2+TA2,ARUN KUMAR A,
BCLE214L,Global Warming,TH,3,F1+TF1,VASUGI K,
BCLE215L,Waste Management,TH,3,C1+TC1,KARTHIKEYAN K,
BCLE215L,Waste Management,TH,3,G1+TG1,VASUGI V,
BCLE215L,Waste Management,TH,3,B2+TB2,ANJALI GOPAKUMAR,
BCLE216L,Water Resource Management,TH,3,E1+TE1,YAMINI SREEVALLI I,
BCLE216L,Water Resource Management,TH,3,D2+TD2,MOHAN K,
BCLE216L,Water Resource Management,TH,3,D1+TD1,SENTHILPANDIAN M,
BCLE301L,Concrete Technology,TH,3,A1+TA1,ARUN KUMAR A,
BCLE301P,Concrete Technology Lab,LO,1,L37+L38,ARUN KUMAR A,
BCLE302L,Hydraulics and Hydraulic Machine,TH,3,F1+TF1,SARAVANAN K,
BCLE302P,Hydraulics and Hydraulic Machine,LO,1,L11+L12,SARAVANAN K,
BCLE303L,Foundation Engineering,TH,3,D1+TD1,KARTHIYAINI S,
BCLE304L,Design of Reinforced Concrete,TH,3,A1+TA1,KARTHIKEYAN K,
BCLE304P,Reinforced Concrete Structure,LO,1,L37+L38,KARTHIKEYAN K,
BCLE306L,Water Resources Engineering,TH,3,E1+TE1,SARAVANAN K,
BCLE306P,Water Resources Engineering,LO,1,L31+L32,SARAVANAN K,
BCLE308L,Design of Steel Structures,TH,3,B1+TB1,VASUGI K,
BCLE308P,Steel Structures Lab,LO,1,L23+L24,VASUGI K,
BCLE309L,Estimating and Costing,TH,2,A1,HELEN SANTHI M,
BCLE311L,Industrial Waste Management,TH,3,G1+TG1,ANJALI GOPAKUMAR,
BCLE312L,Air and Noise Pollution Contro,TH,3,C1+TC1,SABUMON P C,
BCLE313L,Solid Waste Management,TH,3,F1+TF1,K PALANIVELU,
BCLE315L,Groundwater Engineering,TH,3,D2+TD2,SHANMUGA SUNDAR,
BCLE317E,Building Information Modeling,ETH,1,TA1,SENTHILPANDIAN M,
BCLE317E,Building Information Modeling,ELA,1,L11+L12,SENTHILPANDIAN M,
BCLE399J,Summer Industrial Internship,PJT,1,NIL,ACAD FACULTY,
BCLE498J,Project-II / Internship,PJT,5,NIL,ACAD FACULTY,
BCLE498J,Project-II / Internship,PJT,5,NIL,PAT,
ICLE306L,Water Resources Engineering,TH,3,E1+TE1,CLAUDIA JEYA PUSHP,
ICLE306P,Water Resources Engineering,LO,1,L31+L32,CLAUDIA JEYA PUSHP,
ICLE308L,Design of Steel Structures,TH,3,B1+TB1,CLAUDIA JEYA PUSHP,
ICLE308P,Steel Structures Lab,LO,1,L23+L24,CLAUDIA JEYA PUSHP,
ICLE309L,Estimating and Costing,TH,2,A1,CLAUDIA JEYA PUSHP,
ICLE311L,Industrial Waste Management,TH,3,G1+TG1,DAVID A STONE,
ICLE312L,Air and Noise Pollution Contro,TH,3,C1+TC1,CLAUDIA JEYA PUSHP,
ICLE313L,Solid Waste Management,TH,3,F1+TF1,CLAUDIA JEYA PUSHP,
ICLE320L,Construction Economics and F,TH,4,D1+TD1+TDD1,MOHAN K,
ICLE399J,Summer Industrial Internship,PJT,1,NIL,ACAD FACULTY,
ICLE404L,Construction Personnel Mana,TH,3,F1+TF1,KARTHIYAINI S,
ICLE405L,Lean Construction,TH,3,G1+TG1,ARUN KUMAR A,
ICLE414L,Repair and Rehabilitation of St,TH,3,A1+TA1,VASUGI V,
ICLE418L,Smart Infrastructure,TH,3,E1+TE1,HELEN SANTHI M,
IEEE102L,Basic Electrical and Electronics,TH,3,E1+TE1,SHRI SARANYAA J,
IEEE102L,Basic Electrical and Electronics,TH,3,E1+TE1,RAJAGURU V,
IEEE102L,Basic Electrical and Electronics,TH,3,E1+TE1,SUSHMI N B,
IEEE102L,Basic Electrical and Electronics,TH,3,E2+TE2,DHANESH R,
IEEE102L,Basic Electrical and Electronics,TH,3,E2+TE2,MARABATHINA MAHE,
IEEE102P,Basic Electrical and Electronics,LO,1,L55+L56,SHRI SARANYAA J,
IEEE102P,Basic Electrical and Electronics,LO,1,L49+L50,RAJAGURU V,
IEEE102P,Basic Electrical and Electronics,LO,1,L37+L38,SUSHMI N B,
IEEE102P,Basic Electrical and Electronics,LO,1,L7+L8,DHANESH R,
IEEE102P,Basic Electrical and Electronics,LO,1,L19+L20,MARABATHINA MAHE,
MSTE505L,Finite Element Analysis,TH,3,D2+TD2,YAMINI SREEVALLI I,
MSTE505P,Finite Element Analysis Lab,LO,1,L29+L30,YAMINI SREEVALLI I,
MSTE506L,Prestressed Concrete Structur,TH,3,F1+TF1,KARTHIKEYAN K,
MSTE602L,Design of Bridges,TH,3,G2+TG2,SENTHILPANDIAN M,
MSTE605L,Advanced Concrete Materials,TH,3,F2+TF2,VASUGI V,
MSTE607L,Earthquake Resistant Design,TH,3,C2+TC2,HELEN SANTHI M,
MSTE608L,Analysis and Design of Tall Str,TH,3,B2+TB2,ELAVENIL S,
MSTE699J,Internship II/ Dissertation II,PJT,12,NIL,ACAD FACULTY,
MSTE699J,Internship II/ Dissertation II,PJT,12,NIL,PAT,
BCSE101E,Computer Programming: Python,ETH,1,TD1,BALA MURUGAN M S,
BCSE101E,Computer Programming: Python,ELA,2,L39+L40+L51+L52,BALA MURUGAN M S,
BCSE101E,Computer Programming: Python,ETH,1,TD1,KIRUTHIKA,
BCSE101E,Computer Programming: Python,ELA,2,L11+L12+L49+L50,KIRUTHIKA,
BCSE101E,Computer Programming: Python,ETH,1,TD1,ABRAHAM SUDHARSO,
BCSE101E,Computer Programming: Python,ELA,2,L31+L32+L43+L44,ABRAHAM SUDHARSO,
BCSE101E,Computer Programming: Python,ETH,1,TD1,SONI ISHWARYA V,
BCSE101E,Computer Programming: Python,ELA,2,L29+L30+L37+L38,SONI ISHWARYA V,
BCSE101E,Computer Programming: Python,ETH,1,TD2,GOWRI PRASOOD U,
BCSE101E,Computer Programming: Python,ELA,2,L41+L42+L47+L48,GOWRI PRASOOD U,
BCSE101E,Computer Programming: Python,ETH,1,TD2,BALA MURUGAN M S,
BCSE101E,Computer Programming: Python,ELA,2,L19+L20+L27+L28,BALA MURUGAN M S,
BCSE101E,Computer Programming: Python,ETH,1,TD2,KIRUTHIKA,
BCSE101E,Computer Programming: Python,ELA,2,L7+L8+L21+L22,KIRUTHIKA,
BCSE101E,Computer Programming: Python,ETH,1,TA1,KAJA MOHIDEEN A,
BCSE101E,Computer Programming: Python,ELA,2,L53+L54+L59+L60,KAJA MOHIDEEN A,
BCSE102L,Structured and Object-Oriented Programming,TH,2,E1,SANKAR P,
BCSE102L,Structured and Object-Oriented Programming,TH,2,E1,HEMALATHA K,
BCSE102L,Structured and Object-Oriented Programming,TH,2,E1,ELAKIA E,
BCSE102L,Structured and Object-Oriented Programming,TH,2,E1,VALARMATHI SUDHAK,
BCSE102L,Structured and Object-Oriented Programming,TH,2,E1,JEIPRATHA P N,
BCSE102L,Structured and Object-Oriented Programming,TH,2,E1,OMANA J,
BCSE102L,Structured and Object-Oriented Programming,TH,2,E1,RANJITH KUMAR M,
BCSE102L,Structured and Object-Oriented Programming,TH,2,E1,GAYATHRI R,
BCSE102L,Structured and Object-Oriented Programming,TH,2,E1,K UMA MAHESWARI,
BCSE102L,Structured and Object-Oriented Programming,TH,2,E1,SUDHA C,
BCSE102L,Structured and Object-Oriented Programming,TH,2,E2,KARTHIKEYAN N,
BCSE102L,Structured and Object-Oriented Programming,TH,2,E2,SHREE PRAKASH,
BCSE102L,Structured and Object-Oriented Programming,TH,2,E2,ELAKIA E,
BCSE102L,Structured and Object-Oriented Programming,TH,2,E2,PRETHIJA G,
BCSE102L,Structured and Object-Oriented Programming,TH,2,E2,LINDA JOSEPH,
BCSE102L,Structured and Object-Oriented Programming,TH,2,E2,JOHANAN JOYSINGH S,
BCSE102L,Structured and Object-Oriented Programming,TH,2,E2,UMA MAHESWARI,
BCSE102L,Structured and Object-Oriented Programming,TH,2,E2,REVATHI A R,
BCSE102L,Structured and Object-Oriented Programming,TH,2,E2,DEVI K,
BCSE102L,Structured and Object-Oriented Programming,TH,2,E2,MARIMUTHU,
BCSE102L,Structured and Object-Oriented Programming,TH,2,E2,RADHA R,
BCSE102L,Structured and Object-Oriented Programming,TH,2,B1,HEMALATHA K,
BCSE102L,Structured and Object-Oriented Programming,TH,2,B1,SANKAR P,
BCSE102L,Structured and Object-Oriented Programming,TH,2,B1,K UMA MAHESWARI,
BCSE102L,Structured and Object-Oriented Programming,TH,2,B1,OMANA J,
BCSE102L,Structured and Object-Oriented Programming,TH,2,B2,SHREE PRAKASH,
BCSE102L,Structured and Object-Oriented Programming,TH,2,B2,DEVI K,
BCSE102L,Structured and Object-Oriented Programming,TH,2,B2,SAMBATH M,
BCSE102L,Structured and Object-Oriented Programming,TH,2,B2,KARTHIKEYAN N,
BCSE102L,Structured and Object-Oriented Programming,TH,2,B1,MANIKANDAN P,
BCSE102L,Structured and Object-Oriented Programming,TH,2,B2,JOHANAN JOYSINGH S,
BCSE102L,Structured and Object-Oriented Programming,TH,2,B1,VIVEKANANDAN M,
BCSE102L,Structured and Object-Oriented Programming,TH,2,B1,SUDHA C,
BCSE102L,Structured and Object-Oriented Programming,TH,2,B1,BENILA S,
BCSE102L,Structured and Object-Oriented Programming,TH,2,B2,UMA MAHESWARI,
BCSE102L,Structured and Object-Oriented Programming,TH,2,B2,MARIMUTHU,
BCSE102L,Structured and Object-Oriented Programming,TH,2,B2,BENILA S,
BCSE102L,Structured and Object-Oriented Programming,TH,2,B1,SANTHI V,
BCSE102L,Structured and Object-Oriented Programming,TH,2,B2,SANTHI V,
BCSE102L,Structured and Object-Oriented Programming,TH,2,B2,PRETHIJA G,
BCSE102L,Structured and Object-Oriented Programming,TH,2,B1,VALARMATHI SUDHAK,
BCSE102L,Structured and Object-Oriented Programming,TH,2,B1,VALARMATHI K,
BCSE102L,Structured and Object-Oriented Programming,TH,2,B2,RADHA R,
BCSE102L,Structured and Object-Oriented Programming,TH,2,G1,MANSOOR HUSSAIN D,
BCSE102L,Structured and Object-Oriented Programming,TH,2,G1,SIVAKAMI R,
BCSE102L,Structured and Object-Oriented Programming,TH,2,G1,TAHIR MUJTABA,
BCSE102L,Structured and Object-Oriented Programming,TH,2,G2,SIVARAMAKRISHNAN,
BCSE102L,Structured and Object-Oriented Programming,TH,2,G2,SIVAKAMI R,
BCSE102L,Structured and Object-Oriented Programming,TH,2,G2,S JAHANGEER SIDIQ,
BCSE102P,Structured and Object-Oriented Programming,LO,2,L5+L6+L43+L44,SANKAR P,
BCSE102P,Structured and Object-Oriented Programming,LO,2,L29+L30+L31+L32,HEMALATHA K,
BCSE102P,Structured and Object-Oriented Programming,LO,2,L29+L30+L31+L32,ELAKIA E,
BCSE102P,Structured and Object-Oriented Programming,LO,2,L5+L6+L43+L44,VALARMATHI SUDHAK,
BCSE102P,Structured and Object-Oriented Programming,LO,2,L37+L38+L49+L50,JEIPRATHA P N,
BCSE102P,Structured and Object-Oriented Programming,LO,2,L11+L12+L55+L56,OMANA J,
BCSE102P,Structured and Object-Oriented Programming,LO,2,L33+L34+L45+L46,RANJITH KUMAR M,
BCSE102P,Structured and Object-Oriented Programming,LO,2,L37+L38+L49+L50,GAYATHRI R,
BCSE102P,Structured and Object-Oriented Programming,LO,2,L39+L40+L51+L52,K UMA MAHESWARI,
BCSE102P,Structured and Object-Oriented Programming,LO,2,L11+L12+L55+L56,SUDHA C,
BCSE102P,Structured and Object-Oriented Programming,LO,2,L1+L2+L15+L16,KARTHIKEYAN N,
BCSE102P,Structured and Object-Oriented Programming,LO,2,L9+L10+L25+L26,SHREE PRAKASH,
BCSE102P,Structured and Object-Oriented Programming,LO,2,L3+L4+L13+L14,ELAKIA E,
BCSE102P,Structured and Object-Oriented Programming,LO,2,L1+L2+L15+L16,PRETHIJA G,
BCSE102P,Structured and Object-Oriented Programming,LO,2,L9+L10+L25+L26,LINDA JOSEPH,
BCSE102P,Structured and Object-Oriented Programming,LO,2,L35+L36+L59+L60,JOHANAN JOYSINGH S,
BCSE102P,Structured and Object-Oriented Programming,LO,2,L3+L4+L13+L14,UMA MAHESWARI,
BCSE102P,Structured and Object-Oriented Programming,LO,2,L19+L20+L27+L28,REVATHI A R,
BCSE102P,Structured and Object-Oriented Programming,LO,2,L7+L8+L21+L22,DEVI K,
BCSE102P,Structured and Object-Oriented Programming,LO,2,L19+L20+L27+L28,MARIMUTHU,
BCSE102P,Structured and Object-Oriented Programming,LO,2,L7+L8+L21+L22,RADHA R,
BCSE102P,Structured and Object-Oriented Programming,LO,2,L37+L38+L49+L50,HEMALATHA K,
BCSE102P,Structured and Object-Oriented Programming,LO,2,L39+L40+L51+L52,SANKAR P,
BCSE102P,Structured and Object-Oriented Programming,LO,2,L11+L12+L55+L56,K UMA MAHESWARI,
BCSE102P,Structured and Object-Oriented Programming,LO,2,L5+L6+L43+L44,OMANA J,
BCSE102P,Structured and Object-Oriented Programming,LO,2,L19+L20+L27+L28,KARTHIKEYAN N,
BCSE102P,Structured and Object-Oriented Programming,LO,2,L41+L42+L47+L48,SHREE PRAKASH,
BCSE102P,Structured and Object-Oriented Programming,LO,2,L1+L2+L15+L16,DEVI K,
BCSE102P,Structured and Object-Oriented Programming,LO,2,L7+L8+L21+L22,SAMBATH M,
BCSE102P,Structured and Object-Oriented Programming,LO,2,L37+L38+L49+L50,MANIKANDAN P,
BCSE102P,Structured and Object-Oriented Programming,LO,2,L7+L8+L21+L22,JOHANAN JOYSINGH S,
BCSE102P,Structured and Object-Oriented Programming,LO,2,L39+L40+L51+L52,VIVEKANANDAN M,
BCSE102P,Structured and Object-Oriented Programming,LO,2,L23+L24+L31+L32,SUDHA C,
BCSE102P,Structured and Object-Oriented Programming,LO,2,L5+L6+L43+L44,BENILA S,
BCSE102P,Structured and Object-Oriented Programming,LO,2,L19+L20+L27+L28,UMA MAHESWARI,
BCSE102P,Structured and Object-Oriented Programming,LO,2,L1+L2+L15+L16,MARIMUTHU,
BCSE102P,Structured and Object-Oriented Programming,LO,2,L9+L10+L25+L26,BENILA S,
BCSE102P,Structured and Object-Oriented Programming,LO,2,L23+L24+L31+L32,SANTHI V,
BCSE102P,Structured and Object-Oriented Programming,LO,2,L3+L4+L13+L14,SANTHI V,
BCSE102P,Structured and Object-Oriented Programming,LO,2,L9+L10+L25+L26,PRETHIJA G,
BCSE102P,Structured and Object-Oriented Programming,LO,2,L11+L12+L55+L56,VALARMATHI SUDHAK,
BCSE102P,Structured and Object-Oriented Programming,LO,2,L33+L34+L45+L46,VALARMATHI K,
BCSE102P,Structured and Object-Oriented Programming,LO,2,L3+L4+L13+L14,RADHA R,
BCSE102P,Structured and Object-Oriented Programming,LO,2,L31+L32+L49+L50,MANSOOR HUSSAIN D,
BCSE102P,Structured and Object-Oriented Programming,LO,2,L43+L44+L55+L56,SIVAKAMI R,
BCSE102P,Structured and Object-Oriented Programming,LO,2,L29+L30+L37+L38,TAHIR MUJTABA,
BCSE102P,Structured and Object-Oriented Programming,LO,2,L1+L2+L19+L20,SIVARAMAKRISHNAN,
BCSE102P,Structured and Object-Oriented Programming,LO,2,L13+L14+L25+L26,SIVAKAMI R,
BCSE102P,Structured and Object-Oriented Programming,LO,2,L7+L8+L21+L22,S JAHANGEER SIDIQ,
BCSE103E,Computer Programming: Java,ETH,1,TD1,ANGELINE EZHILARASI,
BCSE103E,Computer Programming: Java,ELA,2,L31+L32+L43+L44,ANGELINE EZHILARASI,
BCSE103E,Computer Programming: Java,ETH,1,TD1,CHENDUR KUMARAN,
BCSE103E,Computer Programming: Java,ELA,2,L29+L30+L37+L38,CHENDUR KUMARAN,
BCSE103E,Computer Programming: Java,ETH,1,TD1,ANIK GOSWAMI,
BCSE103E,Computer Programming: Java,ELA,2,L39+L40+L51+L52,ANIK GOSWAMI,
BCSE103E,Computer Programming: Java,ETH,1,TD2,MOHAMED IMRAN A,
BCSE103E,Computer Programming: Java,ELA,2,L1+L2+L15+L16,MOHAMED IMRAN A,
BCSE103E,Computer Programming: Java,ETH,1,TD2,CHENDUR KUMARAN,
BCSE103E,Computer Programming: Java,ELA,2,L7+L8+L21+L22,CHENDUR KUMARAN,
BCSE103E,Computer Programming: Java,ETH,1,TB2,PREMANAND S,
BCSE103E,Computer Programming: Java,ELA,2,L3+L4+L13+L14,PREMANAND S,
BCSE103E,Computer Programming: Java,ETH,1,TB1,CHRISHIA CHRISTUDH,
BCSE103E,Computer Programming: Java,ELA,2,L39+L40+L51+L52,CHRISHIA CHRISTUDH,
BCSE103E,Computer Programming: Java,ETH,1,TB1,LOGESH R,
BCSE103E,Computer Programming: Java,ELA,2,L31+L32+L49+L50,LOGESH R,
BCSE103E,Computer Programming: Java,ETH,1,TB1,ARIVARASI A,
BCSE103E,Computer Programming: Java,ELA,2,L43+L44+L55+L56,ARIVARASI A,
BCSE103E,Computer Programming: Java,ETH,1,TB2,ARIVARASI A,
BCSE103E,Computer Programming: Java,ELA,2,L1+L2+L15+L16,ARIVARASI A,
BCSE103E,Computer Programming: Java,ETH,1,TB1,SHEENA CHRISTABEL P,
BCSE103E,Computer Programming: Java,ELA,2,L23+L24+L37+L38,SHEENA CHRISTABEL P,
BCSE103E,Computer Programming: Java,ETH,1,TB2,SHEENA CHRISTABEL P,
BCSE103E,Computer Programming: Java,ELA,2,L7+L8+L21+L22,SHEENA CHRISTABEL P,
BCSE103E,Computer Programming: Java,ETH,1,TB1,SUDHAKARAN,
BCSE103E,Computer Programming: Java,ELA,2,L5+L6+L23+L24,SUDHAKARAN,
BCSE103E,Computer Programming: Java,ETH,1,TB2,SUDHAKARAN,
BCSE103E,Computer Programming: Java,ELA,2,L19+L20+L27+L28,SUDHAKARAN,
BCSE103E,Computer Programming: Java,ETH,1,TD1,JANANI T,
BCSE103E,Computer Programming: Java,ELA,2,L5+L6+L55+L56,JANANI T,
BCSE103E,Computer Programming: Java,ETH,1,TE2,JANANI T,
BCSE103E,Computer Programming: Java,ELA,2,L23+L24+L43+L44,JANANI T,
BCSE202L,Data Structures and Algorithm,TH,3,C2+TC2,ROLLA SUBRAHMANY,
BCSE202P,Data Structures and Algorithm,LO,1,L47+L48,ROLLA SUBRAHMANY,
BCSE203E,Web Programming,ETH,1,TE1,MAHESWARI S,
BCSE203E,Web Programming,ELA,2,L37+L38+L43+L44,MAHESWARI S,
BCSE203E,Web Programming,ETH,1,TE1,JENILA LIVINGSTON L,
BCSE203E,Web Programming,ETH,1,TE1,RAJESH M,
BCSE203E,Web Programming,ELA,2,L33+L34+L39+L40,RAJESH M,
BCSE203E,Web Programming,ETH,1,TE1,RAJIV VINCENT,
BCSE203E,Web Programming,ELA,2,L45+L46+L57+L58,RAJIV VINCENT,
BCSE203E,Web Programming,ETH,1,TG1,ANUBHA PEARLINE S,
BCSE203E,Web Programming,ELA,2,L31+L32+L43+L44,ANUBHA PEARLINE S,
BCSE203E,Web Programming,ETH,1,TE1,SANDHYA P,
BCSE203E,Web Programming,ETH,1,TG1,DHAVAKUMAR P,
BCSE203E,Web Programming,ELA,2,L49+L50+L55+L56,SANDHYA P,
BCSE203E,Web Programming,ELA,2,L51+L52+L55+L56,DHAVAKUMAR P,
BCSE203E,Web Programming,ETH,1,TG1,RAJA M,
BCSE203E,Web Programming,ETH,1,TE1,RAJKUMAR S,
BCSE203E,Web Programming,ELA,2,L39+L40+L49+L50,RAJA M,
BCSE203E,Web Programming,ETH,1,TG1,BALRAJ E,
BCSE203E,Web Programming,ETH,1,TE1,RAMA PARVATHY L,
BCSE203E,Web Programming,ELA,2,L29+L30+L31+L32,RAMA PARVATHY L,
BCSE203E,Web Programming,ETH,1,TE2,MAHESWARI S,
BCSE203E,Web Programming,ELA,2,L9+L10+L13+L14,MAHESWARI S,
BCSE203E,Web Programming,ETH,1,TE2,JENILA LIVINGSTON L,
BCSE203E,Web Programming,ETH,1,TE2,RAJESH M,
BCSE203E,Web Programming,ETH,1,TE2,RAJIV VINCENT,
BCSE203E,Web Programming,ETH,1,TE2,SANDHYA P,
BCSE203E,Web Programming,ELA,2,L3+L4+L27+L28,SANDHYA P,
BCSE203E,Web Programming,ETH,1,TE2,RAJKUMAR S,
BCSE203E,Web Programming,ELA,2,L9+L10+L27+L28,RAJKUMAR S,
BCSE203E,Web Programming,ETH,1,TE2,RAMA PARVATHY L,
BCSE203E,Web Programming,ETH,1,TG1,ASHOKA RAJAN R,
BCSE203E,Web Programming,ELA,2,L31+L32+L49+L50,ASHOKA RAJAN R,
BCSE203E,Web Programming,ETH,1,TG1,SANDEEP KUMAR SAT,
BCSE203E,Web Programming,ELA,2,L29+L30+L37+L38,SANDEEP KUMAR SAT,
BCSE203E,Web Programming,ETH,1,TG2,ASHOKA RAJAN R,
BCSE203E,Web Programming,ELA,2,L11+L12+L19+L20,ASHOKA RAJAN R,
BCSE203E,Web Programming,ETH,1,TG1,KANNIGA DEVI R,
BCSE203E,Web Programming,ELA,2,L23+L24+L31+L32,KANNIGA DEVI R,
BCSE203E,Web Programming,ETH,1,TG2,KANNIGA DEVI R,
BCSE203E,Web Programming,ELA,2,L29+L30+L37+L38,BALRAJ E,
BCSE203E,Web Programming,ETH,1,TG2,ANUBHA PEARLINE S,
BCSE203E,Web Programming,ELA,2,L9+L10+L13+L14,ANUBHA PEARLINE S,
BCSE203E,Web Programming,ETH,1,TG2,DHAVAKUMAR P,
BCSE203E,Web Programming,ELA,2,L21+L22+L25+L26,DHAVAKUMAR P,
BCSE203E,Web Programming,ETH,1,TG2,RAJA M,
BCSE203E,Web Programming,ETH,1,TG2,BALRAJ E,
BCSE203E,Web Programming,ELA,2,L7+L8+L23+L24,BALRAJ E,
BCSE203E,Web Programming,ETH,1,TG1,SIVAKUMAR,
BCSE203E,Web Programming,ELA,2,L43+L44+L51+L52,SIVAKUMAR,
BCSE203E,Web Programming,ETH,1,TG1,SENDHIL R,
BCSE203E,Web Programming,ELA,2,L23+L24+L55+L56,SENDHIL R,
BCSE203E,Web Programming,ETH,1,TG1,VALLIDEVI K,
BCSE203E,Web Programming,ELA,2,L31+L32+L49+L50,VALLIDEVI K,
BCSE203E,Web Programming,ETH,1,TG2,SIVAKUMAR,
BCSE203E,Web Programming,ETH,1,TG2,SENDHIL R,
BCSE203E,Web Programming,ELA,2,L7+L8+L25+L26,SENDHIL R,
BCSE203E,Web Programming,ETH,1,TG2,VALLIDEVI K,
BCSE203E,Web Programming,ELA,2,L11+L12+L29+L30,VALLIDEVI K,
BCSE203E,Web Programming,ELA,2,L13+L14+L21+L22,SIVAKUMAR,
BCSE203E,Web Programming,ELA,2,L11+L12+L15+L16,RAJA M,
BCSE203E,Web Programming,ELA,2,L1+L2+L11+L12,RAMA PARVATHY L,
BCSE203E,Web Programming,ELA,2,L11+L12+L31+L32,JENILA LIVINGSTON L,
BCSE203E,Web Programming,ELA,2,L15+L16+L19+L20,JENILA LIVINGSTON L,
BCSE203E,Web Programming,ELA,2,L5+L6+L25+L26,RAJESH M,
BCSE203E,Web Programming,ELA,2,L7+L8+L29+L30,RAJIV VINCENT,
BCSE203E,Web Programming,ELA,2,L11+L12+L15+L16,KANNIGA DEVI R,
BCSE204L,Design and Analysis of Algorithm,TH,3,A1+TA1,UMMITY SRINIVASA R,
BCSE204L,Design and Analysis of Algorithm,TH,3,A1+TA1,JANAKI MEENA M,
BCSE204L,Design and Analysis of Algorithm,TH,3,A1+TA1,JAYARAM B,
BCSE204L,Design and Analysis of Algorithm,TH,3,A1+TA1,JEGANNATHAN L,
BCSE204L,Design and Analysis of Algorithm,TH,3,A1+TA1,SUGUNA,
BCSE204L,Design and Analysis of Algorithm,TH,3,A1+TA1,LEKSHMI K,
BCSE204L,Design and Analysis of Algorithm,TH,3,A1+TA1,T RAJA SREE,
BCSE204L,Design and Analysis of Algorithm,TH,3,A2+TA2,UMMITY SRINIVASA R,
BCSE204L,Design and Analysis of Algorithm,TH,3,A2+TA2,OM KUMAR C U,
BCSE204L,Design and Analysis of Algorithm,TH,3,A2+TA2,JAYARAM B,
BCSE204L,Design and Analysis of Algorithm,TH,3,A2+TA2,KAVIPRIYA G,
BCSE204L,Design and Analysis of Algorithm,TH,3,A2+TA2,SUGUNA,
BCSE204L,Design and Analysis of Algorithm,TH,3,A2+TA2,LEKSHMI K,
BCSE204L,Design and Analysis of Algorithm,TH,3,A2+TA2,T RAJA SREE,
BCSE204L,Design and Analysis of Algorithm,TH,3,D1+TD1,PANDIYARAJU V,
BCSE204L,Design and Analysis of Algorithm,TH,3,D1+TD1,SENTHIL KUMAR A M,
BCSE204L,Design and Analysis of Algorithm,TH,3,D1+TD1,DOMINIC SAVIO M,
BCSE204L,Design and Analysis of Algorithm,TH,3,D2+TD2,PANDIYARAJU V,
BCSE204L,Design and Analysis of Algorithm,TH,3,D2+TD2,SENTHIL KUMAR A M,
BCSE204L,Design and Analysis of Algorithm,TH,3,E1+TE1,KAVIPRIYA G,
BCSE204P,Design and Analysis of Algorithm,LO,1,L51+L52,UMMITY SRINIVASA R,
BCSE204P,Design and Analysis of Algorithm,LO,1,L21+L22,UMMITY SRINIVASA R,
BCSE204P,Design and Analysis of Algorithm,LO,1,L23+L24,JANAKI MEENA M,
BCSE204P,Design and Analysis of Algorithm,LO,1,L25+L26,OM KUMAR C U,
BCSE204P,Design and Analysis of Algorithm,LO,1,L51+L52,JAYARAM B,
BCSE204P,Design and Analysis of Algorithm,LO,1,L21+L22,JAYARAM B,
BCSE204P,Design and Analysis of Algorithm,LO,1,L23+L24,JEGANNATHAN L,
BCSE204P,Design and Analysis of Algorithm,LO,1,L13+L14,KAVIPRIYA G,
BCSE204P,Design and Analysis of Algorithm,LO,1,L33+L34,SUGUNA,
BCSE204P,Design and Analysis of Algorithm,LO,1,L7+L8,SUGUNA,
BCSE204P,Design and Analysis of Algorithm,LO,1,L49+L50,T RAJA SREE,
BCSE204P,Design and Analysis of Algorithm,LO,1,L19+L20,T RAJA SREE,
BCSE204P,Design and Analysis of Algorithm,LO,1,L37+L38,LEKSHMI K,
BCSE204P,Design and Analysis of Algorithm,LO,1,L3+L4,LEKSHMI K,
BCSE204P,Design and Analysis of Algorithm,LO,1,L37+L38,PANDIYARAJU V,
BCSE204P,Design and Analysis of Algorithm,LO,1,L5+L6,SENTHIL KUMAR A M,
BCSE204P,Design and Analysis of Algorithm,LO,1,L43+L44,DOMINIC SAVIO M,
BCSE204P,Design and Analysis of Algorithm,LO,1,L7+L8,PANDIYARAJU V,
BCSE204P,Design and Analysis of Algorithm,LO,1,L27+L28,SENTHIL KUMAR A M,
BCSE204P,Design and Analysis of Algorithm,LO,1,L39+L40,KAVIPRIYA G,
BCSE205L,Computer Architecture and Organisation,TH,3,D1+TD1,ASWIGA,
BCSE205L,Computer Architecture and Organisation,TH,3,D1+TD1,ANCY MICHEAL A,
BCSE205L,Computer Architecture and Organisation,TH,3,D1+TD1,PADMA J,
BCSE205L,Computer Architecture and Organisation,TH,3,D2+TD2,ASWIGA,
BCSE205L,Computer Architecture and Organisation,TH,3,D2+TD2,ANCY MICHEAL A,
BCSE205L,Computer Architecture and Organisation,TH,3,D2+TD2,PADMA J,
BCSE205L,Computer Architecture and Organisation,TH,3,E1+TE1,MADURA MEENAKSHI,
BCSE205L,Computer Architecture and Organisation,TH,3,E2+TE2,VAIDEHI VIJAYAKUMA,
BCSE205L,Computer Architecture and Organisation,TH,3,E1+TE1,THANIKACHALAM V,
BCSE205L,Computer Architecture and Organisation,TH,3,E1+TE1,NIVEDITA M,
BCSE205L,Computer Architecture and Organisation,TH,3,E2+TE2,THANIKACHALAM V,
BCSE205L,Computer Architecture and Organisation,TH,3,E2+TE2,SMRITHY,
BCSE205L,Computer Architecture and Organisation,TH,3,E1+TE1,MANJULA V,
BCSE206L,Foundations of Data Science,TH,3,F1+TF1,NACHIYAPPAN S,
BCSE206L,Foundations of Data Science,TH,3,F2+TF2,A SHEIK ABDULLAH,
BCSE206L,Foundations of Data Science,TH,3,C1+TC1,SURYA PRAKASH TIWA,
BCSE206L,Foundations of Data Science,TH,3,C1+TC1,ARTHI M,
BCSE206L,Foundations of Data Science,TH,3,C2+TC2,SURYA PRAKASH TIWA,
BCSE206L,Foundations of Data Science,TH,3,C2+TC2,SUJITHRA @ KANMAN,
BCSE206L,Foundations of Data Science,TH,3,C1+TC1,SARANYARAJ D,
BCSE209L,Machine Learning,TH,3,D1+TD1,R JOTHI,
BCSE209L,Machine Learning,TH,3,D1+TD1,PRIYADARSHINI J,
BCSE209L,Machine Learning,TH,3,D1+TD1,S.A.SAJIDHA,
BCSE209L,Machine Learning,TH,3,D1+TD1,RENTA CHINTALA BHA,
BCSE209L,Machine Learning,TH,3,D2+TD2,SHRIDEVI S,
BCSE209L,Machine Learning,TH,3,D2+TD2,PRIYADARSHINI J,
BCSE209L,Machine Learning,TH,3,D2+TD2,S.A.SAJIDHA,
BCSE209L,Machine Learning,TH,3,D2+TD2,SYED IBRAHIM S P,
BCSE209L,Machine Learning,TH,3,D2+TD2,TRILOK NATH PANDEY,
BCSE209P,Machine Learning Lab,LO,1,L37+L38,R JOTHI,
BCSE209P,Machine Learning Lab,LO,1,L43+L44,PRIYADARSHINI J,
BCSE209P,Machine Learning Lab,LO,1,L39+L40,S.A.SAJIDHA,
BCSE209P,Machine Learning Lab,LO,1,L49+L50,RENTA CHINTALA BHA,
BCSE209P,Machine Learning Lab,LO,1,L1+L2,SHRIDEVI S,
BCSE209P,Machine Learning Lab,LO,1,L23+L24,PRIYADARSHINI J,
BCSE209P,Machine Learning Lab,LO,1,L5+L6,S.A.SAJIDHA,
BCSE209P,Machine Learning Lab,LO,1,L15+L16,SYED IBRAHIM S P,
BCSE209P,Machine Learning Lab,LO,1,L5+L6,TRILOK NATH PANDEY,
BCSE301L,Software Engineering,TH,3,A2+TA2,A. K ILAVARASI,
BCSE301P,Software Engineering Lab,LO,1,L3+L4,A. K ILAVARASI,
BCSE302L,Database Systems,TH,3,C1+TC1,RISHIKESHAN C A,
BCSE302L,Database Systems,TH,3,C2+TC2,APPALARAJU MURALI,
BCSE302L,Database Systems,TH,3,C1+TC1,JANI ANBARASI L,
BCSE302L,Database Systems,TH,3,C1+TC1,PARKAVI K,
BCSE302L,Database Systems,TH,3,C2+TC2,JANI ANBARASI L,
BCSE302L,Database Systems,TH,3,C2+TC2,BALASUNDARAM A,
BCSE302L,Database Systems,TH,3,C2+TC2,PARKAVI K,
BCSE302L,Database Systems,TH,3,C1+TC1,SANDHYA,
BCSE302L,Database Systems,TH,3,C1+TC1,AMRIT PAL,
BCSE302L,Database Systems,TH,3,C1+TC1,ABISHI CHOWDHURY,
BCSE302L,Database Systems,TH,3,C1+TC1,BRINDHA,
BCSE302L,Database Systems,TH,3,C2+TC2,AMRIT PAL,
BCSE302L,Database Systems,TH,3,C2+TC2,ABISHI CHOWDHURY,
BCSE302L,Database Systems,TH,3,C2+TC2,SHERLY A,
BCSE302L,Database Systems,TH,3,C2+TC2,BRINDHA,
BCSE302L,Database Systems,TH,3,C1+TC1,JAYANTHI R,
BCSE302L,Database Systems,TH,3,C1+TC1,VIJAYAKUMAR K P,
BCSE302L,Database Systems,TH,3,C1+TC1,SOFTYA SEBASTIAN,
BCSE302L,Database Systems,TH,3,C2+TC2,SUDHA,
BCSE302P,Database Systems Lab,LO,1,L49+L50,RISHIKESHAN C A,
BCSE302P,Database Systems Lab,LO,1,L29+L30,APPALARAJU MURALI,
BCSE302P,Database Systems Lab,LO,1,L37+L38,JANI ANBARASI L,
BCSE302P,Database Systems Lab,LO,1,L31+L32,SANDHYA,
BCSE302P,Database Systems Lab,LO,1,L33+L34,PARKAVI K,
BCSE302P,Database Systems Lab,LO,1,L15+L16,JANI ANBARASI L,
BCSE302P,Database Systems Lab,LO,1,L19+L20,BALASUNDARAM A,
BCSE302P,Database Systems Lab,LO,1,L3+L4,PARKAVI K,
BCSE302P,Database Systems Lab,LO,1,L49+L50,AMRIT PAL,
BCSE302P,Database Systems Lab,LO,1,L37+L38,ABISHI CHOWDHURY,
BCSE302P,Database Systems Lab,LO,1,L57+L58,JAYANTHI R,
BCSE302P,Database Systems Lab,LO,1,L33+L34,BRINDHA,
BCSE302P,Database Systems Lab,LO,1,L19+L20,AMRIT PAL,
BCSE302P,Database Systems Lab,LO,1,L15+L16,ABISHI CHOWDHURY,
BCSE302P,Database Systems Lab,LO,1,L1+L2,SHERLY A,
BCSE302P,Database Systems Lab,LO,1,L3+L4,BRINDHA,
BCSE302P,Database Systems Lab,LO,1,L43+L44,VIJAYAKUMAR K P,
BCSE302P,Database Systems Lab,LO,1,L55+L56,SOFTYA SEBASTIAN,
BCSE302P,Database Systems Lab,LO,1,L1+L2,SUDHA,
BCSE303L,Operating Systems,TH,3,C2+TC2,RABINDRA KUMAR SIN,
BCSE303L,Operating Systems,TH,3,E1+TE1,ANGELINE EZHILARASI,
BCSE303L,Operating Systems,TH,3,C1+TC1,PRAVIN RENOLD A,
BCSE303L,Operating Systems,TH,3,C1+TC1,PRADEEP K,
BCSE303L,Operating Systems,TH,3,C1+TC1,SAMBATH M,
BCSE303L,Operating Systems,TH,3,C2+TC2,PRADEEP K,
BCSE303L,Operating Systems,TH,3,C2+TC2,SREEJA P S,
BCSE303L,Operating Systems,TH,3,D1+TD1,YOGESH C,
BCSE303L,Operating Systems,TH,3,D1+TD1,KUMAR R,
BCSE303L,Operating Systems,TH,3,D2+TD2,YOGESH C,
BCSE303L,Operating Systems,TH,3,D1+TD1,MANIMEGALAI,
BCSE303L,Operating Systems,TH,3,D1+TD1,INDRA PRIYADHARSHI,
BCSE303L,Operating Systems,TH,3,D2+TD2,MANIMEGALAI,
BCSE303L,Operating Systems,TH,3,D2+TD2,INDRA PRIYADHARSHI,
BCSE303L,Operating Systems,TH,3,D1+TD1,MANAS RANJAN PRUS,
BCSE303L,Operating Systems,TH,3,B1+TB1,REVATHI,
BCSE303L,Operating Systems,TH,3,B1+TB1,AFRUZA BEGUM,
BCSE303L,Operating Systems,TH,3,B1+TB1,ANANDAN P,
BCSE303L,Operating Systems,TH,3,B2+TB2,REVATHI,
BCSE303L,Operating Systems,TH,3,B2+TB2,AFRUZA BEGUM,
BCSE303P,Operating Systems Lab,LO,1,L9+L10,RABINDRA KUMAR SIN,
BCSE303P,Operating Systems Lab,LO,1,L11+L12,ANGELINE EZHILARASI,
BCSE303P,Operating Systems Lab,LO,1,L39+L40,PRAVIN RENOLD A,
BCSE303P,Operating Systems Lab,LO,1,L49+L50,PRADEEP K,
BCSE303P,Operating Systems Lab,LO,1,L55+L56,SAMBATH M,
BCSE303P,Operating Systems Lab,LO,1,L19+L20,PRADEEP K,
BCSE303P,Operating Systems Lab,LO,1,L27+L28,SREEJA P S,
BCSE303P,Operating Systems Lab,LO,1,L23+L24,YOGESH C,
BCSE303P,Operating Systems Lab,LO,1,L29+L30,KUMAR R,
BCSE303P,Operating Systems Lab,LO,1,L9+L10,YOGESH C,
BCSE303P,Operating Systems Lab,LO,1,L43+L44,MANIMEGALAI,
BCSE303P,Operating Systems Lab,LO,1,L55+L56,INDRA PRIYADHARSHI,
BCSE303P,Operating Systems Lab,LO,1,L5+L6,MANIMEGALAI,
BCSE303P,Operating Systems Lab,LO,1,L27+L28,INDRA PRIYADHARSHI,
BCSE303P,Operating Systems Lab,LO,1,L23+L24,MANAS RANJAN PRUS,
BCSE303P,Operating Systems Lab,LO,1,L31+L32,REVATHI,
BCSE303P,Operating Systems Lab,LO,1,L23+L24,AFRUZA BEGUM,
BCSE303P,Operating Systems Lab,LO,1,L39+L40,ANANDAN P,
BCSE303P,Operating Systems Lab,LO,1,L9+L10,REVATHI,
BCSE303P,Operating Systems Lab,LO,1,L13+L14,AFRUZA BEGUM,
BCSE304L,Theory of Computation,TH,3,E1+TE1,NATARAJAN B,
BCSE304L,Theory of Computation,TH,3,E2+TE2,NATARAJAN B,
BCSE304L,Theory of Computation,TH,3,D1+TD1,SATHYARAJASEKARAN,
BCSE304L,Theory of Computation,TH,3,D1+TD1,KARMEL A,
BCSE304L,Theory of Computation,TH,3,D1+TD1,BENIL T,
BCSE304L,Theory of Computation,TH,3,D1+TD1,B V A N S S PRABHAKA,
BCSE304L,Theory of Computation,TH,3,D2+TD2,SATHYARAJASEKARAN,
BCSE304L,Theory of Computation,TH,3,D2+TD2,KSHMA TRIVEDI,
BCSE304L,Theory of Computation,TH,3,D2+TD2,BENIL T,
BCSE304L,Theory of Computation,TH,3,D2+TD2,B V A N S S PRABHAKA,
BCSE304L,Theory of Computation,TH,3,E1+TE1,SELVAM D,
BCSE304L,Theory of Computation,TH,3,E1+TE1,ASWIGA,
BCSE304L,Theory of Computation,TH,3,E2+TE2,SELVAM D,
BCSE304L,Theory of Computation,TH,3,E1+TE1,SARAVANAN P,
BCSE304L,Theory of Computation,TH,3,E1+TE1,RENUKA DEVI,
BCSE304L,Theory of Computation,TH,3,E2+TE2,SARAVANAN P,
BCSE304L,Theory of Computation,TH,3,E2+TE2,MODIGARI NARENDRA,
BCSE304L,Theory of Computation,TH,3,E1+TE1,KAVITHA J C,
BCSE304L,Theory of Computation,TH,3,E2+TE2,KAVITHA J C,
BCSE304L,Theory of Computation,TH,3,F1+TF1,SMRITHY,
BCSE304L,Theory of Computation,TH,3,F1+TF1,KARTHIKA S K,
BCSE304L,Theory of Computation,TH,3,F1+TF1,PRAKASH P,
BCSE304L,Theory of Computation,TH,3,F2+TF2,RENUKA DEVI,
BCSE304L,Theory of Computation,TH,3,F2+TF2,KARTHIKA S K,
BCSE305L,Embedded Systems,TH,3,E1+TE1,VIJAYAKUMAR P,
BCSE305L,Embedded Systems,TH,3,E1+TE1,SHARON GIFTSY A L,
BCSE305L,Embedded Systems,TH,3,E1+TE1,NITISH KATAL,
BCSE305L,Embedded Systems,TH,3,E1+TE1,SINDHUJA M,
BCSE305L,Embedded Systems,TH,3,E1+TE1,LATHA P,
BCSE305L,Embedded Systems,TH,3,E1+TE1,KIRAN KUMAR M,
BCSE305L,Embedded Systems,TH,3,E1+TE1,SUHASINI S,
BCSE305L,Embedded Systems,TH,3,E2+TE2,KARTHIKEYAN P R,
BCSE305L,Embedded Systems,TH,3,E2+TE2,VIJAYAKUMAR P,
BCSE305L,Embedded Systems,TH,3,E2+TE2,NITISH KATAL,
BCSE305L,Embedded Systems,TH,3,E2+TE2,LATHA P,
BCSE305L,Embedded Systems,TH,3,E2+TE2,SINDHUJA M,
BCSE305L,Embedded Systems,TH,3,E2+TE2,KIRAN KUMAR M,
BCSE305L,Embedded Systems,TH,3,E2+TE2,SUHASINI S,
BCSE305L,Embedded Systems,TH,3,G1+TG1,PUGAZHENTHI R,
BCSE305L,Embedded Systems,TH,3,G1+TG1,DHANUSH R,
BCSE305L,Embedded Systems,TH,3,G1+TG1,SRITAMA ROY,
BCSE305L,Embedded Systems,TH,3,G1+TG1,MANIGANDAN M,
BCSE305L,Embedded Systems,TH,3,G2+TG2,SATHEESH KUMAR T,
BCSE305L,Embedded Systems,TH,3,G1+TG1,MANIMARAN P,
BCSE305L,Embedded Systems,TH,3,G2+TG2,SRIDHAR C,
BCSE305L,Embedded Systems,TH,3,G2+TG2,SRITAMA ROY,
BCSE305L,Embedded Systems,TH,3,G2+TG2,MANIGANDAN M,
BCSE305L,Embedded Systems,TH,3,G1+TG1,PREMANAND V,
BCSE305L,Embedded Systems,TH,3,G1+TG1,AHADIT,
BCSE305L,Embedded Systems,TH,3,G2+TG2,PREMANAND V,
BCSE305L,Embedded Systems,TH,3,G2+TG2,AHADIT,
BCSE305L,Embedded Systems,TH,3,G1+TG1,UMESH K,
BCSE305L,Embedded Systems,TH,3,D1+TD1,VIDHYA LAKSHMI M,
BCSE306L,Artificial Intelligence,TH,3,D1+TD1,RADHIKA SELVAMANI,
BCSE306L,Artificial Intelligence,TH,3,D1+TD1,SUGANYA G,
BCSE306L,Artificial Intelligence,TH,3,D1+TD1,RATHNA,
BCSE306L,Artificial Intelligence,TH,3,D2+TD2,RADHIKA SELVAMANI,
BCSE306L,Artificial Intelligence,TH,3,D2+TD2,NATARAJAN B,
BCSE306L,Artificial Intelligence,TH,3,F1+TF1,VIJAYALAKSHMI A,
BCSE306L,Artificial Intelligence,TH,3,F1+TF1,MODIGARI NARENDRA,
BCSE306L,Artificial Intelligence,TH,3,F1+TF1,TAMILARASI K,
BCSE306L,Artificial Intelligence,TH,3,F1+TF1,POONKODI,
BCSE306L,Artificial Intelligence,TH,3,F2+TF2,VIJAYALAKSHMI A,
BCSE306L,Artificial Intelligence,TH,3,F2+TF2,TAMILARASI K,
BCSE306L,Artificial Intelligence,TH,3,F2+TF2,POONKODI,
BCSE306L,Artificial Intelligence,TH,3,F2+TF2,MODIGARI NARENDRA,
BCSE306L,Artificial Intelligence,TH,3,D1+TD1,JOSHAN,
BCSE306L,Artificial Intelligence,TH,3,D1+TD1,SELVAM D,
BCSE306L,Artificial Intelligence,TH,3,D2+TD2,JOSHAN,
BCSE307L,Compiler Design,TH,3,B1+TB1,NAGARAJ S V,
BCSE307L,Compiler Design,TH,3,B1+TB1,SHIVANI GUPTA,
BCSE307L,Compiler Design,TH,3,B1+TB1,MANJU G,
BCSE307L,Compiler Design,TH,3,B2+TB2,NAGARAJ S V,
BCSE307L,Compiler Design,TH,3,B2+TB2,SENTHIL PRAKASH P N,
BCSE307L,Compiler Design,TH,3,B1+TB1,ANAND M,
BCSE307L,Compiler Design,TH,3,B1+TB1,SENTHIL PRAKASH P N,
BCSE307L,Compiler Design,TH,3,B2+TB2,ANAND M,
BCSE307L,Compiler Design,TH,3,C1+TC1,KIRUTHIKA,
BCSE307L,Compiler Design,TH,3,C1+TC1,SUGANYA R,
BCSE307L,Compiler Design,TH,3,C1+TC1,MANJU G,
BCSE307L,Compiler Design,TH,3,C2+TC2,KIRUTHIKA,
BCSE307L,Compiler Design,TH,3,C2+TC2,SUGANYA R,
BCSE307L,Compiler Design,TH,3,B1+TB1,LENINISHA SHANMUG,
BCSE307L,Compiler Design,TH,3,B1+TB1,MERCY RAJASELVI BEA,
BCSE307L,Compiler Design,TH,3,B1+TB1,SURESHKUMAR WI,
BCSE307L,Compiler Design,TH,3,B2+TB2,LENINISHA SHANMUG,
BCSE307L,Compiler Design,TH,3,B2+TB2,MERCY RAJASELVI BEA,
BCSE307L,Compiler Design,TH,3,B2+TB2,SURESHKUMAR WI,
BCSE307P,Compiler Design Lab,LO,1,L43+L44,NAGARAJ S V,
BCSE307P,Compiler Design Lab,LO,1,L33+L34,SHIVANI GUPTA,
BCSE307P,Compiler Design Lab,LO,1,L23+L24,MANJU G,
BCSE307P,Compiler Design Lab,LO,1,L13+L14,NAGARAJ S V,
BCSE307P,Compiler Design Lab,LO,1,L9+L10,SENTHIL PRAKASH P N,
BCSE307P,Compiler Design Lab,LO,1,L43+L44,ANAND M,
BCSE307P,Compiler Design Lab,LO,1,L9+L10,ANAND M,
BCSE307P,Compiler Design Lab,LO,1,L31+L32,SENTHIL PRAKASH P N,
BCSE307P,Compiler Design Lab,LO,1,L37+L38,KIRUTHIKA,
BCSE307P,Compiler Design Lab,LO,1,L49+L50,SUGANYA R,
BCSE307P,Compiler Design Lab,LO,1,L33+L34,MANJU G,
BCSE307P,Compiler Design Lab,LO,1,L15+L16,KIRUTHIKA,
BCSE307P,Compiler Design Lab,LO,1,L1+L2,SUGANYA R,
BCSE307P,Compiler Design Lab,LO,1,L43+L44,LENINISHA SHANMUG,
BCSE307P,Compiler Design Lab,LO,1,L13+L14,LENINISHA SHANMUG,
BCSE307P,Compiler Design Lab,LO,1,L31+L32,MERCY RAJASELVI BEA,
BCSE307P,Compiler Design Lab,LO,1,L23+L24,MERCY RAJASELVI BEA,
BCSE307P,Compiler Design Lab,LO,1,L39+L40,SURESHKUMAR WI,
BCSE307P,Compiler Design Lab,LO,1,L25+L26,SURESHKUMAR WI,
BCSE308L,Computer Networks,TH,3,D1+TD1,PRADEEP K V,
BCSE308L,Computer Networks,TH,3,D2+TD2,SAHAYA BENI PRATHIB,
BCSE308L,Computer Networks,TH,3,C1+TC1,SIVAGAMI   M,
BCSE308L,Computer Networks,TH,3,C1+TC1,PUNITHA K,
BCSE308L,Computer Networks,TH,3,C1+TC1,NEELANARAYANAN V,
BCSE308L,Computer Networks,TH,3,C1+TC1,BHAVADHARINI R M,
BCSE308L,Computer Networks,TH,3,C2+TC2,SIVAGAMI   M,
BCSE308L,Computer Networks,TH,3,C2+TC2,PUNITHA K,
BCSE308L,Computer Networks,TH,3,C2+TC2,NEELANARAYANAN V,
BCSE308L,Computer Networks,TH,3,C2+TC2,BHAVADHARINI R M,
BCSE308L,Computer Networks,TH,3,D1+TD1,MENAKA PUSHPA A,
BCSE308L,Computer Networks,TH,3,D2+TD2,MENAKA PUSHPA A,
BCSE308L,Computer Networks,TH,3,D2+TD2,SANGEETHA N,
BCSE308L,Computer Networks,TH,3,D1+TD1,INDIRA B,
BCSE308L,Computer Networks,TH,3,D2+TD2,INDIRA B,
BCSE308L,Computer Networks,TH,3,D2+TD2,RENJITH,
BCSE308L,Computer Networks,TH,3,D1+TD1,SHYAMALA L,
BCSE308L,Computer Networks,TH,3,D1+TD1,JEIPRATHA P N,
BCSE308L,Computer Networks,TH,3,D2+TD2,SHYAMALA L,
BCSE308P,Computer Networks Lab,LO,1,L37+L38,PRADEEP K V,
BCSE308P,Computer Networks Lab,LO,1,L21+L22,SAHAYA BENI PRATHIB,
BCSE308P,Computer Networks Lab,LO,1,L29+L30,SIVAGAMI   M,
BCSE308P,Computer Networks Lab,LO,1,L1+L2,SIVAGAMI   M,
BCSE308P,Computer Networks Lab,LO,1,L51+L52,PUNITHA K,
BCSE308P,Computer Networks Lab,LO,1,L21+L22,PUNITHA K,
BCSE308P,Computer Networks Lab,LO,1,L23+L24,NEELANARAYANAN V,
BCSE308P,Computer Networks Lab,LO,1,L15+L16,NEELANARAYANAN V,
BCSE308P,Computer Networks Lab,LO,1,L37+L38,BHAVADHARINI R M,
BCSE308P,Computer Networks Lab,LO,1,L5+L6,BHAVADHARINI R M,
BCSE308P,Computer Networks Lab,LO,1,L43+L44,MENAKA PUSHPA A,
BCSE308P,Computer Networks Lab,LO,1,L11+L12,MENAKA PUSHPA A,
BCSE308P,Computer Networks Lab,LO,1,L1+L2,SANGEETHA N,
BCSE308P,Computer Networks Lab,LO,1,L57+L58,INDIRA B,
BCSE308P,Computer Networks Lab,LO,1,L33+L34,JEIPRATHA P N,
BCSE308P,Computer Networks Lab,LO,1,L27+L28,INDIRA B,
BCSE308P,Computer Networks Lab,LO,1,L19+L20,RENJITH,
BCSE308P,Computer Networks Lab,LO,1,L23+L24,SHYAMALA L,
BCSE308P,Computer Networks Lab,LO,1,L7+L8,SHYAMALA L,
BCSE309L,Cryptography and Network Security,TH,3,F1+TF1,NITHYANANDAM P,
BCSE309L,Cryptography and Network Security,TH,3,B1+TB1,SUBBULAKSHMI T,
BCSE309L,Cryptography and Network Security,TH,3,B1+TB1,MARY SHAMALA L,
BCSE309L,Cryptography and Network Security,TH,3,B1+TB1,VATCHALA S,
BCSE309L,Cryptography and Network Security,TH,3,B1+TB1,SOBITHA AHILA S,
BCSE309L,Cryptography and Network Security,TH,3,B1+TB1,RAJESH R,
BCSE309L,Cryptography and Network Security,TH,3,B1+TB1,BALASARASWATHI,
BCSE309L,Cryptography and Network Security,TH,3,B2+TB2,LEKI CHOM THUNGON,
BCSE309L,Cryptography and Network Security,TH,3,B2+TB2,N G BHUVANESWARI,
BCSE309L,Cryptography and Network Security,TH,3,B2+TB2,MARY SHAMALA L,
BCSE309L,Cryptography and Network Security,TH,3,B2+TB2,VATCHALA S,
BCSE309L,Cryptography and Network Security,TH,3,B2+TB2,SOBITHA AHILA S,
BCSE309L,Cryptography and Network Security,TH,3,B2+TB2,RAJESH R,
BCSE309L,Cryptography and Network Security,TH,3,F1+TF1,LOGESWARI G,
BCSE309L,Cryptography and Network Security,TH,3,F1+TF1,KANTHIMATHI S,
BCSE309L,Cryptography and Network Security,TH,3,B2+TB2,BALASARASWATHI,
BCSE309L,Cryptography and Network Security,TH,3,F2+TF2,LEKI CHOM THUNGON,
BCSE309L,Cryptography and Network Security,TH,3,F2+TF2,LOGESWARI G,
BCSE309L,Cryptography and Network Security,TH,3,B1+TB1,SUBBULAKSHMI P,
BCSE309L,Cryptography and Network Security,TH,3,F1+TF1,JANNATH NISHA O S,
BCSE309L,Cryptography and Network Security,TH,3,F1+TF1,TAPABRATA ROY,
BCSE309L,Cryptography and Network Security,TH,3,F1+TF1,ANITA X,
BCSE309L,Cryptography and Network Security,TH,3,F1+TF1,KARTHIKA V,
BCSE309L,Cryptography and Network Security,TH,3,F1+TF1,RENUKA DEVI S,
BCSE309L,Cryptography and Network Security,TH,3,F2+TF2,JANNATH NISHA O S,
BCSE309L,Cryptography and Network Security,TH,3,F2+TF2,LINDA JOSEPH,
BCSE309L,Cryptography and Network Security,TH,3,F2+TF2,KARTHIKA V,
BCSE309L,Cryptography and Network Security,TH,3,F2+TF2,ANITA X,
BCSE309L,Cryptography and Network Security,TH,3,F1+TF1,JAI VINITA L,
BCSE309L,Cryptography and Network Security,TH,3,F2+TF2,JAI VINITA L,
BCSE309L,Cryptography and Network Security,TH,3,F2+TF2,ROLLA SUBRAHMANY,
BCSE309P,Cryptography and Network Security,LO,1,L11+L12,NITHYANANDAM P,
BCSE309P,Cryptography and Network Security,LO,1,L33+L34,SUBBULAKSHMI T,
BCSE309P,Cryptography and Network Security,LO,1,L43+L44,MARY SHAMALA L,
BCSE309P,Cryptography and Network Security,LO,1,L45+L46,VATCHALA S,
BCSE309P,Cryptography and Network Security,LO,1,L55+L56,SOBITHA AHILA S,
BCSE309P,Cryptography and Network Security,LO,1,L31+L32,RAJESH R,
BCSE309P,Cryptography and Network Security,LO,1,L55+L56,BALASARASWATHI,
BCSE309P,Cryptography and Network Security,LO,1,L3+L4,LEKI CHOM THUNGON,
BCSE309P,Cryptography and Network Security,LO,1,L7+L8,N G BHUVANESWARI,
BCSE309P,Cryptography and Network Security,LO,1,L13+L14,MARY SHAMALA L,
BCSE309P,Cryptography and Network Security,LO,1,L15+L16,VATCHALA S,
BCSE309P,Cryptography and Network Security,LO,1,L31+L32,SUBBULAKSHMI P,
BCSE309P,Cryptography and Network Security,LO,1,L25+L26,SOBITHA AHILA S,
BCSE309P,Cryptography and Network Security,LO,1,L49+L50,LOGESWARI G,
BCSE309P,Cryptography and Network Security,LO,1,L9+L10,RAJESH R,
BCSE309P,Cryptography and Network Security,LO,1,L27+L28,BALASARASWATHI,
BCSE309P,Cryptography and Network Security,LO,1,L55+L56,KANTHIMATHI S,
BCSE309P,Cryptography and Network Security,LO,1,L19+L20,LEKI CHOM THUNGON,
BCSE309P,Cryptography and Network Security,LO,1,L5+L6,LOGESWARI G,
BCSE309P,Cryptography and Network Security,LO,1,L49+L50,JANNATH NISHA O S,
BCSE309P,Cryptography and Network Security,LO,1,L55+L56,ANITA X,
BCSE309P,Cryptography and Network Security,LO,1,L33+L34,TAPABRATA ROY,
BCSE309P,Cryptography and Network Security,LO,1,L7+L8,ANITA X,
BCSE309P,Cryptography and Network Security,LO,1,L11+L12,RENUKA DEVI S,
BCSE309P,Cryptography and Network Security,LO,1,L37+L38,KARTHIKA V,
BCSE309P,Cryptography and Network Security,LO,1,L5+L6,JANNATH NISHA O S,
BCSE309P,Cryptography and Network Security,LO,1,L1+L2,LINDA JOSEPH,
BCSE309P,Cryptography and Network Security,LO,1,L9+L10,KARTHIKA V,
BCSE309P,Cryptography and Network Security,LO,1,L37+L38,JAI VINITA L,
BCSE309P,Cryptography and Network Security,LO,1,L7+L8,JAI VINITA L,
BCSE309P,Cryptography and Network Security,LO,1,L11+L12,ROLLA SUBRAHMANY,
BCSE313L,Fundamentals of Fog and Edge,TH,3,D1+TD1,V. SAKTHIVEL,
BCSE313L,Fundamentals of Fog and Edge,TH,3,D2+TD2,V. SAKTHIVEL,
BCSE316L,Design of Smart Cities,TH,3,G1+TG1,A SWAMINATHAN,
BCSE316L,Design of Smart Cities,TH,3,G1+TG1,VIDHYA LAKSHMI M,
BCSE316L,Design of Smart Cities,TH,3,G2+TG2,A SWAMINATHAN,
BCSE316L,Design of Smart Cities,TH,3,G2+TG2,VIDHYA LAKSHMI M,
BCSE324L,Foundations of Blockchain Technology,TH,3,G1+TG1,PRABHAKARAN R,
BCSE324L,Foundations of Blockchain Technology,TH,3,G1+TG1,MALATHI D,
BCSE324L,Foundations of Blockchain Technology,TH,3,G2+TG2,PRABHAKARAN R,
BCSE324L,Foundations of Blockchain Technology,TH,3,G2+TG2,MALATHI D,
BCSE332L,Deep Learning,TH,3,E1+TE1,SUCHETHA M,
BCSE332L,Deep Learning,TH,3,E1+TE1,ROHITH G,
BCSE332L,Deep Learning,TH,3,E2+TE2,VIJAYARAJAN R,
BCSE332L,Deep Learning,TH,3,E1+TE1,ABIRAMI S,
BCSE332P,Deep Learning Lab,LO,1,L29+L30,SUCHETHA M,
BCSE332P,Deep Learning Lab,LO,1,L27+L28,VIJAYARAJAN R,
BCSE332P,Deep Learning Lab,LO,1,L45+L46,ROHITH G,
BCSE332P,Deep Learning Lab,LO,1,L5+L6,ABIRAMI S,
BCSE353E,Information Security Analysis,ETH,1,TB1,NIVETHITHA V,
BCSE353E,Information Security Analysis,ELA,1,L29+L30,NIVETHITHA V,
BCSE354E,Information Security Management,ETH,1,TB2,AVUTHU AVINASH RE,
BCSE354E,Information Security Management,ELA,1,L53+L54,AVUTHU AVINASH RE,
BCSE401L,Internet of Things,TH,3,A1+TA1,ILAVENDHAN A,
BCSE401L,Internet of Things,TH,3,A1+TA1,DEEPIKA ROSELIND J,
BCSE401L,Internet of Things,TH,3,A1+TA1,AVUTHU AVINASH RE,
BCSE401L,Internet of Things,TH,3,A1+TA1,SUSEELA S,
BCSE401L,Internet of Things,TH,3,A2+TA2,ILAVENDHAN A,
BCSE401L,Internet of Things,TH,3,A2+TA2,DEEPIKA ROSELIND J,
BCSE401L,Internet of Things,TH,3,A2+TA2,AVUTHU AVINASH RE,
BCSE401L,Internet of Things,TH,3,A2+TA2,SARAVANAN P,
BCSE403L,Digital Image Processing,TH,3,A1+TA1,GEETHA S,
BCSE403L,Digital Image Processing,TH,3,A1+TA1,SRIDHAR R,
BCSE403L,Digital Image Processing,TH,3,A2+TA2,ASNATH VICTY PHAMI,
BCSE403L,Digital Image Processing,TH,3,A2+TA2,SRIDHAR R,
BCSE408L,Cloud Computing,TH,3,G1+TG1,TAMILARASI K,
BCSE408L,Cloud Computing,TH,3,G1+TG1,ANUSOOYA G,
BCSE408L,Cloud Computing,TH,3,G1+TG1,SRISAKTHI SARAVANA,
BCSE408L,Cloud Computing,TH,3,G2+TG2,PALANI THANARAJ K,
BCSE408L,Cloud Computing,TH,3,G2+TG2,SHARMILADEVI S,
BCSE408L,Cloud Computing,TH,3,G2+TG2,SRISAKTHI SARAVANA,
BCSE409L,Natural Language Processing,TH,3,D1+TD1,AHADIT,
BCSE409L,Natural Language Processing,TH,3,D1+TD1,KRITHIGA R,
BCSE409L,Natural Language Processing,TH,3,D2+TD2,VIJAYAPRABAKARAN K,
BCSE409L,Natural Language Processing,TH,3,D2+TD2,KRITHIGA R,
BCSE412L,Parallel Computing,TH,3,C1+TC1,CHRISTOPHER COLUM,
BCSE412L,Parallel Computing,TH,3,C1+TC1,LAKSHMI HARIKA PALI,
BCSE412L,Parallel Computing,TH,3,C2+TC2,CHRISTOPHER COLUM,
BCSE412L,Parallel Computing,TH,3,C2+TC2,LAKSHMI HARIKA PALI,
BCSE414L,High Performance Computing,TH,3,A1+TA1,MANJULA V,
BCSE414L,High Performance Computing,TH,3,A2+TA2,MANJULA V,
BCSE414L,High Performance Computing,TH,3,F1+TF1,CHRISTOPHER COLUM,
BCSE415L,Human Computer Interaction,TH,3,C1+TC1,PRASSANNA J,
BCSE415L,Human Computer Interaction,TH,3,C1+TC1,PRAVEEN JOE I R,
BCSE415L,Human Computer Interaction,TH,3,C2+TC2,PRASSANNA J,
BCSE415L,Human Computer Interaction,TH,3,C2+TC2,PRAVEEN JOE I R,
BCSE415L,Human Computer Interaction,TH,3,C1+TC1,SANDOSH,
BCSE415L,Human Computer Interaction,TH,3,C2+TC2,SANDOSH,
BCSE415L,Human Computer Interaction,TH,3,B2+TB2,DEEPIKA ROSELIND J,
BCSE416L,Game Programming,TH,3,D1+TD1,GRACELINE JASMINE S,
BCSE416L,Game Programming,TH,3,D1+TD1,SUVIDHA RUPESH KU,
BCSE416L,Game Programming,TH,3,D2+TD2,RATHNA,
BCSE416L,Game Programming,TH,3,D2+TD2,SUVIDHA RUPESH KU,
BCSE416P,Game Programming Lab,LO,1,L29+L30,GRACELINE JASMINE S,
BCSE416P,Game Programming Lab,LO,1,L11+L12,SUVIDHA RUPESH KU,
BCSE416P,Game Programming Lab,LO,1,L7+L8,RATHNA,
BCSE416P,Game Programming Lab,LO,1,L27+L28,SUVIDHA RUPESH KU,
BCSE417L,Machine vision,TH,3,A1+TA1,BHARADWAJA KUMAR,
BCSE417L,Machine vision,TH,3,A1+TA1,AMUTHA S,
BCSE417L,Machine vision,TH,3,A1+TA1,V BRINDHA,
BCSE417L,Machine vision,TH,3,A2+TA2,BHARADWAJA KUMAR,
BCSE417L,Machine vision,TH,3,A2+TA2,AMUTHA S,
BCSE417L,Machine vision,TH,3,A2+TA2,TRILOK NATH PANDEY,
BCSE417P,Machine Vision Lab,LO,1,L23+L24,BHARADWAJA KUMAR,
BCSE417P,Machine Vision Lab,LO,1,L49+L50,AMUTHA S,
BCSE417P,Machine Vision Lab,LO,1,L39+L40,V BRINDHA,
BCSE417P,Machine Vision Lab,LO,1,L3+L4,BHARADWAJA KUMAR,
BCSE417P,Machine Vision Lab,LO,1,L19+L20,AMUTHA S,
BCSE417P,Machine Vision Lab,LO,1,L27+L28,TRILOK NATH PANDEY,
BCSE418L,Explainable Artificial Intelligen,TH,2,C1,RAJESH KUMAR,
BCSE418L,Explainable Artificial Intelligen,TH,2,C1,NAYEEMULLA KHAN,
BCSE418L,Explainable Artificial Intelligen,TH,2,C1,D JEYA MALA,
BCSE418L,Explainable Artificial Intelligen,TH,2,C2,RAJESH KUMAR,
BCSE418L,Explainable Artificial Intelligen,TH,2,C2,RADHIKA SELVAMANI,
BCSE418L,Explainable Artificial Intelligen,TH,2,C2,D JEYA MALA,
BCSE419L,Speech and Language Processi,TH,3,B1+TB1,DEEPA NIVETHIKA,
BCSE419P,Speech and Language Processi,LO,1,L11+L12,DEEPA NIVETHIKA,
BCSE420L,"Sensors, Actuators and Signal",TH,2,F1,PADMAVATHY T V,
BCSE420L,"Sensors, Actuators and Signal",TH,2,F2,PADMAVATHY T V,
BCSE420L,"Sensors, Actuators and Signal",TH,2,F2,NOEL JEYGAR ROBERT,
BCSE420L,"Sensors, Actuators and Signal",TH,2,F2,SUBITHA D,
BCSE420L,"Sensors, Actuators and Signal",TH,2,F1,SUBITHA D,
BCSE420P,"Sensors, Actuators and Signal",LO,1,L37+L38,PADMAVATHY T V,
BCSE420P,"Sensors, Actuators and Signal",LO,1,L55+L56,SUBITHA D,
BCSE420P,"Sensors, Actuators and Signal",LO,1,L7+L8,PADMAVATHY T V,
BCSE420P,"Sensors, Actuators and Signal",LO,1,L21+L22,SUBITHA D,
BCSE420P,"Sensors, Actuators and Signal",LO,1,L13+L14,NOEL JEYGAR ROBERT,
BCSE421L,"Robotics: Kinematics, Dynamic",TH,3,F1+TF1,GANALA SANTOSHI,
BCSE422L,Robot Modeling and Simulation,TH,2,C1,PRABHA B,
BCSE422L,Robot Modeling and Simulation,TH,2,C2,PRABHA B,
BCSE422P,Robot Modeling and Simulation,LO,1,L11+L12,PRABHA B,
BCSE422P,Robot Modeling and Simulation,LO,1,L7+L8,PRABHA B,
BCSE423L,Robot Programming,TH,2,G1,GANALA SANTOSHI,
BCSE423P,Robot Programming Lab,LO,1,L39+L40,GANALA SANTOSHI,
BCSE424L,Machine Learning for Robotics,TH,2,C1,VERGIN RAJA SAROBIN,
BCSE424L,Machine Learning for Robotics,TH,2,C1,NITHYA DARISINI  P S,
BCSE424L,Machine Learning for Robotics,TH,2,C2,VERGIN RAJA SAROBIN,
BCSE424L,Machine Learning for Robotics,TH,2,C1,RAJARAJESWARI S,
BCSE424P,Machine Learning for Robotics,LO,1,L37+L38,VERGIN RAJA SAROBIN,
BCSE424P,Machine Learning for Robotics,LO,1,L29+L30,NITHYA DARISINI  P S,
BCSE424P,Machine Learning for Robotics,LO,1,L15+L16,VERGIN RAJA SAROBIN,
BCSE424P,Machine Learning for Robotics,LO,1,L51+L52,RAJARAJESWARI S,
BCSE425L,Robotic Perception,TH,3,A1+TA1,MUTHUKUMARAN K,
BCSE425L,Robotic Perception,TH,3,A2+TA2,MUTHUKUMARAN K,
BCSE425L,Robotic Perception,TH,3,A1+TA1,ANITA CHRISTALINE J,
BCSE425L,Robotic Perception,TH,3,A2+TA2,PREM SANKAR,
BCSE425L,Robotic Perception,TH,3,A1+TA1,PAVITHRA L K,
BCSE425P,Robotic Perception Lab,LO,1,L29+L30,MUTHUKUMARAN K,
BCSE425P,Robotic Perception Lab,LO,1,L43+L44,ANITA CHRISTALINE J,
BCSE425P,Robotic Perception Lab,LO,1,L19+L20,MUTHUKUMARAN K,
BCSE425P,Robotic Perception Lab,LO,1,L21+L22,PREM SANKAR,
BCSE425P,Robotic Perception Lab,LO,1,L33+L34,PAVITHRA L K,
BCSE426L,Robotic Process Automation,TH,2,G2,KANIMOZHI S,
BCSE426P,Robotic Process Automation L,LO,1,L13+L14,KANIMOZHI S,
BCSE427L,Cognitive Robotics,TH,2,D1,ARUNKUMAR,
BCSE427L,Cognitive Robotics,TH,2,D2,PAVITHRA S,
BCSE427L,Cognitive Robotics,TH,2,D1,HARINI S,
BCSE427L,Cognitive Robotics,TH,2,E1,PAVITHRA S,
BCSE427P,Cognitive Robotics Lab,LO,1,L31+L32,ARUNKUMAR,
BCSE427P,Cognitive Robotics Lab,LO,1,L3+L4,PAVITHRA S,
BCSE427P,Cognitive Robotics Lab,LO,1,L5+L6,HARINI S,
BCSE427P,Cognitive Robotics Lab,LO,1,L23+L24,PAVITHRA S,
BCSE428L,Autonomous Drones,TH,2,A1,PRASAD M,
BCSE428L,Autonomous Drones,TH,2,A1,SATHIAN D,
BCSE428L,Autonomous Drones,TH,2,A2,MARIA ANU,
BCSE428L,Autonomous Drones,TH,2,A2,SATHIAN D,
BCSE428L,Autonomous Drones,TH,2,A1,V. MUTHUMANIKAND,
BCSE428L,Autonomous Drones,TH,2,A1,VENKATRAMAN S,
BCSE428L,Autonomous Drones,TH,2,A2,V. MUTHUMANIKAND,
BCSE428P,Autonomous Drones Lab,LO,1,L23+L24,PRASAD M,
BCSE428P,Autonomous Drones Lab,LO,1,L31+L32,PRASAD M,
BCSE428P,Autonomous Drones Lab,LO,1,L11+L12,SATHIAN D,
BCSE428P,Autonomous Drones Lab,LO,1,L55+L56,SATHIAN D,
BCSE428P,Autonomous Drones Lab,LO,1,L1+L2,MARIA ANU,
BCSE428P,Autonomous Drones Lab,LO,1,L25+L26,MARIA ANU,
BCSE428P,Autonomous Drones Lab,LO,1,L3+L4,SATHIAN D,
BCSE428P,Autonomous Drones Lab,LO,1,L27+L28,SATHIAN D,
BCSE428P,Autonomous Drones Lab,LO,1,L37+L38,V. MUTHUMANIKAND,
BCSE428P,Autonomous Drones Lab,LO,1,L49+L50,V. MUTHUMANIKAND,
BCSE428P,Autonomous Drones Lab,LO,1,L5+L6,VENKATRAMAN S,
BCSE428P,Autonomous Drones Lab,LO,1,L7+L8,V. MUTHUMANIKAND,
BCSE429L,Cyber Physical Systems Design,TH,2,A2,PRIYADARSHINI R,
BCSE429P,Cyber Physical System Design,LO,1,L3+L4,PRIYADARSHINI R,
BCSE430L,Distributed Real Time Systems,TH,2,E2,VENKATRAMAN S,
BCSE430P,Distributed Real Time Systems,LO,1,L19+L20,VENKATRAMAN S,
BCSE498J,Project-II / Internship,PJT,5,NIL,ACAD FACULTY,
BCSE498J,Project-II / Internship,PJT,5,NIL,PAT,
BIT1029,Basic Bioinformatics,TH,3,D1+TD1,MALATHI D,
CSE1908,Capstone Project,PJT,16,NIL,ACAD FACULTY,
CSE1908,Capstone Project,PJT,16,NIL,PAT,
CSE3039,Computer Networks Essentials,ETH,2,G1,PADMANABAN R,
CSE3039,Computer Networks Essentials,ETH,2,G1,ASHA JERLIN M,
CSE3039,Computer Networks Essentials,ELA,1,L55+L56,PADMANABAN R,
CSE3039,Computer Networks Essentials,ETH,2,G2,SANGEETHA N,
CSE3039,Computer Networks Essentials,ELA,1,L15+L16,SANGEETHA N,
CSE3039,Computer Networks Essentials,ELA,1,L43+L44,ASHA JERLIN M,
CSE3040,Exploratory Data Analysis,ETH,3,E1+TE1,ASNATH VICTY PHAMI,
CSE3040,Exploratory Data Analysis,EPJ,1,NIL,ASNATH VICTY PHAMI,
CSE3040,Exploratory Data Analysis,ETH,3,E1+TE1,PATTABIRAMAN V,
CSE3040,Exploratory Data Analysis,EPJ,1,NIL,PATTABIRAMAN V,
CSE3040,Exploratory Data Analysis,ETH,3,E2+TE2,ASNATH VICTY PHAMI,
CSE3040,Exploratory Data Analysis,EPJ,1,NIL,ASNATH VICTY PHAMI,
CSE3066,Internet of Things,ETH,2,C1,KABILAN K,
CSE3066,Internet of Things,ETH,2,C1,PADMANABAN R,
CSE3066,Internet of Things,ELA,1,L39+L40,KABILAN K,
CSE3066,Internet of Things,EPJ,1,NIL,KABILAN K,
CSE3066,Internet of Things,ELA,1,L49+L50,PADMANABAN R,
CSE3066,Internet of Things,EPJ,1,NIL,PADMANABAN R,
CSE3066,Internet of Things,ETH,2,C2,KABILAN K,
CSE3066,Internet of Things,ELA,1,L9+L10,KABILAN K,
CSE3066,Internet of Things,EPJ,1,NIL,KABILAN K,
CSE3067,Text & Web Mining,ETH,2,A2,GAYATHRI DEVI S,
CSE3067,Text & Web Mining,ELA,1,L9+L10,GAYATHRI DEVI S,
CSE3067,Text & Web Mining,EPJ,1,NIL,GAYATHRI DEVI S,
CSE3068,Sequential and Spatial data mi,TH,4,B1+TB1+TBB1,VINOTHINI A,
CSE3069,Real-Time Analytics,ETH,3,A1+TA1,ANCY MICHEAL A,
CSE3069,Real-Time Analytics,EPJ,1,NIL,ANCY MICHEAL A,
CSE3084,Big Data Ecosystem,ETH,2,B2,SIVARANJANI N,
CSE3084,Big Data Ecosystem,ELA,1,L21+L22,SIVARANJANI N,
CSE3084,Big Data Ecosystem,EPJ,1,NIL,SIVARANJANI N,
CSE3085,Predictive Analytics with Case,ETH,3,D1+TD1,A SHEIK ABDULLAH,
CSE3085,Predictive Analytics with Case,EPJ,1,NIL,A SHEIK ABDULLAH,
CSE3085,Predictive Analytics with Case,ETH,3,D2+TD2,A SHEIK ABDULLAH,
CSE3085,Predictive Analytics with Case,EPJ,1,NIL,A SHEIK ABDULLAH,
CSE3089,Computer Vision,ETH,3,D1+TD1,THANIKACHALAM V,
CSE3089,Computer Vision,EPJ,1,NIL,THANIKACHALAM V,
CSE3091,Cloud Ecosystem,ETH,3,D2+TD2,GAYATHRI DEVI S,
CSE3091,Cloud Ecosystem,ELA,1,L19+L20,GAYATHRI DEVI S,
CSE3120,Big Data Frameworks,ETH,2,G1,SUDHARSON S,
CSE3120,Big Data Frameworks,ELA,1,L33+L34,SUDHARSON S,
CSE3120,Big Data Frameworks,EPJ,1,NIL,SUDHARSON S,
CSE3120,Big Data Frameworks,ETH,2,G1,SIVA PRIYA M S,
CSE3120,Big Data Frameworks,ELA,1,L55+L56,SIVA PRIYA M S,
CSE3120,Big Data Frameworks,EPJ,1,NIL,SIVA PRIYA M S,
CSE3120,Big Data Frameworks,ETH,2,G2,SUDHARSON S,
CSE3120,Big Data Frameworks,ELA,1,L3+L4,SUDHARSON S,
CSE3120,Big Data Frameworks,EPJ,1,NIL,SUDHARSON S,
CSE3506,Essentials of Data Analytics,ETH,2,C1,N M ELANGO,
CSE3506,Essentials of Data Analytics,ELA,1,L39+L40,N M ELANGO,
CSE3506,Essentials of Data Analytics,EPJ,1,NIL,N M ELANGO,
CSE3506,Essentials of Data Analytics,ETH,2,C1,SHRUTI,
CSE3506,Essentials of Data Analytics,ELA,1,L45+L46,SHRUTI,
CSE3506,Essentials of Data Analytics,EPJ,1,NIL,SHRUTI,
CSE3506,Essentials of Data Analytics,ETH,2,C2,N M ELANGO,
CSE3506,Essentials of Data Analytics,ELA,1,L11+L12,N M ELANGO,
CSE3506,Essentials of Data Analytics,EPJ,1,NIL,N M ELANGO,
CSE4037,Deep Learning,ETH,2,B1,THOMAS ABRAHAM J,
CSE4037,Deep Learning,ETH,2,B1,PRADEEP KUMAR  T S,
CSE4037,Deep Learning,ELA,1,L37+L38,THOMAS ABRAHAM J,
CSE4037,Deep Learning,EPJ,1,NIL,THOMAS ABRAHAM J,
CSE4037,Deep Learning,ELA,1,L45+L46,PRADEEP KUMAR  T S,
CSE4037,Deep Learning,EPJ,1,NIL,PRADEEP KUMAR  T S,
CSE4037,Deep Learning,ETH,2,B2,JOE DHANITH,
CSE4037,Deep Learning,ELA,1,L7+L8,JOE DHANITH,
CSE4037,Deep Learning,EPJ,1,NIL,JOE DHANITH,
CSE4068,Healthcare Analytics,ETH,3,A1+TA1,VIJAYAPRABAKARAN K,
CSE4068,Healthcare Analytics,EPJ,1,NIL,VIJAYAPRABAKARAN K,
CSE4068,Healthcare Analytics,ETH,3,A2+TA2,VIJAYAPRABAKARAN K,
CSE4068,Healthcare Analytics,EPJ,1,NIL,VIJAYAPRABAKARAN K,
CSE4069,Social Media Analytics,ETH,3,B1+TB1,SUJITHRA @ KANMAN,
CSE4069,Social Media Analytics,EPJ,1,NIL,SUJITHRA @ KANMAN,
CSE4069,Social Media Analytics,ETH,3,B2+TB2,SUJITHRA @ KANMAN,
CSE4069,Social Media Analytics,EPJ,1,NIL,SUJITHRA @ KANMAN,
CSE4079,DevOps,ETH,2,C2,SIVARANJANI N,
CSE4079,DevOps,ELA,1,L13+L14,SIVARANJANI N,
CSE4079,DevOps,EPJ,1,NIL,SIVARANJANI N,
IBSA101L,Digital Logic and Computer Organization,TH,4,D1+TD1+TDD1,S A AMUTHA JEEVAKU,
IBSA101L,Digital Logic and Computer Organization,TH,4,D2+TD2+TDD2,KHADAR NAWAS K,
ICSE102L,Structured and Object Oriented Programming,TH,2,C1,MANSOOR HUSSAIN D,
ICSE102L,Structured and Object Oriented Programming,TH,2,C2,SIVARAMAKRISHNAN,
ICSE102L,Structured and Object Oriented Programming,TH,2,C1,NATHEZHTHA T,
ICSE102L,Structured and Object Oriented Programming,TH,2,C1,VIVEKANANDAN M,
ICSE102L,Structured and Object Oriented Programming,TH,2,C2,VALARMATHI K,
ICSE102P,Structured and Object Oriented Programming,LO,2,L39+L40+L55+L56,MANSOOR HUSSAIN D,
ICSE102P,Structured and Object Oriented Programming,LO,2,L9+L10+L27+L28,SIVARAMAKRISHNAN,
ICSE102P,Structured and Object Oriented Programming,LO,2,L31+L32+L37+L38,NATHEZHTHA T,
ICSE102P,Structured and Object Oriented Programming,LO,2,L11+L12+L43+L44,VIVEKANANDAN M,
ICSE102P,Structured and Object Oriented Programming,LO,2,L5+L6+L9+L10,VALARMATHI K,
ISWE101L,Software Engineering,TH,3,F1+TF1,ILAKIYASELVAN N,
ISWE101L,Software Engineering,TH,3,F1+TF1,RAMA PRABHA,
ISWE101L,Software Engineering,TH,3,F2+TF2,RAMA PRABHA,
ISWE103L,Database Systems,TH,3,A1+TA1,SELLAM V,
ISWE103L,Database Systems,TH,3,A2+TA2,SELLAM V,
ISWE103P,Database Systems Lab,LO,1,L51+L52,SELLAM V,
ISWE103P,Database Systems Lab,LO,1,L21+L22,SELLAM V,
ISWE203L,Theory of Computation,TH,4,C1+TC1+TCC1,SATHYARAJASEKARAN,
ISWE203L,Theory of Computation,TH,4,C1+TC1+TCC1,B V A N S S PRABHAKA,
ISWE203L,Theory of Computation,TH,4,C2+TC2+TCC2,PRAKASH P,
ISWE207L,Object Oriented and Analysis,TH,3,B1+TB1,KUMARAN K,
ISWE207L,Object Oriented and Analysis,TH,3,B1+TB1,SARANYA G,
ISWE207L,Object Oriented and Analysis,TH,3,B2+TB2,ABINAYA S,
ISWE207P,Object Oriented and Analysis,LO,1,L57+L58,KUMARAN K,
ISWE207P,Object Oriented and Analysis,LO,1,L51+L52,SARANYA G,
ISWE207P,Object Oriented and Analysis,LO,1,L9+L10,ABINAYA S,
ISWE301L,Computer Architecture and Organisation,TH,3,F1+TF1,DEEPA NIVETHIKA,
ISWE301L,Computer Architecture and Organisation,TH,3,F1+TF1,KAVITHA J C,
ISWE301L,Computer Architecture and Organisation,TH,3,F2+TF2,SMRITHY,
ISWE302L,Artificial Intelligence,TH,3,G1+TG1,SUDHEER KUMAR E,
ISWE302L,Artificial Intelligence,TH,3,G1+TG1,SANDHYA,
ISWE302L,Artificial Intelligence,TH,3,G2+TG2,SUDHEER KUMAR E,
ISWE302P,Artificial Intelligence Lab,LO,1,L45+L46,SUDHEER KUMAR E,
ISWE302P,Artificial Intelligence Lab,LO,1,L55+L56,SANDHYA,
ISWE302P,Artificial Intelligence Lab,LO,1,L15+L16,SUDHEER KUMAR E,
ISWE304L,Software Architecture,TH,3,D1+TD1,KAVITHA,
ISWE304L,Software Architecture,TH,3,D1+TD1,RENUKA DEVI,
ISWE304L,Software Architecture,TH,3,D2+TD2,KAVITHA,
MCSE502L,Design and Analysis of Algorithm,TH,3,C2+TC2,KALAIPRIYAN,
MCSE502L,Design and Analysis of Algorithm,TH,3,C2+TC2,RAJAKUMAR,
MCSE502P,Design and Analysis of Algorithm,LO,1,L13+L14,KALAIPRIYAN,
MCSE502P,Design and Analysis of Algorithm,LO,1,L25+L26,RAJAKUMAR,
MCSE505L,Computer Networks,TH,3,F2+TF2,PRAVIN RENOLD A,
MCSE505L,Computer Networks,TH,3,F2+TF2,DHANALAKSHMI R,
MCSE505P,Computer Networks Lab,LO,1,L15+L16,PRAVIN RENOLD A,
MCSE505P,Computer Networks Lab,LO,1,L13+L14,DHANALAKSHMI R,
MCSE603L,Deep Learning,TH,2,D2,RAJALAKSHMI R,
MCSE603P,Deep Learning Lab,LO,1,L3+L4,RAJALAKSHMI R,
MCSE605L,Machine vision,TH,3,D2+TD2,MALATHI G,
MCSE614L,Big Data Frameworks and Tec,TH,2,D2,SIVA PRIYA M S,
MCSE614P,Big Data Frameworks and Tec,LO,1,L25+L26,SIVA PRIYA M S,
MCSE615L,Data Analytics,TH,2,B2,VIGNESH U,
MCSE615P,Data Analytics Lab,LO,1,L21+L22,VIGNESH U,
MCSE618L,Social Network Analytics,TH,2,G2,BHUVANESWARI,
MCSE618P,Social Network Analytics Lab,LO,1,L19+L20,BHUVANESWARI,
MCSE620L,Analytics for Internet of Thing,TH,2,G2,SUSEELA S,
MCSE620P,Analytics  for Internet  of Thin,LO,1,L7+L8,SUSEELA S,
MCSE699J,Internship II/ Dissertation II,PJT,12,NIL,ACAD FACULTY,
MCSE699J,Internship II/ Dissertation II,PJT,12,NIL,PAT,
MGT1057,Introduction to Data Science a,TH,3,G1+TG1,PADMAVATHY C,
MGT1057,Introduction to Data Science a,TH,3,G1+TG1,ANBUMATHI R,
MGT1057,Introduction to Data Science a,TH,3,G2+TG2,REEVES WESLEY J,
MGT1058,Business Analytics with Spread,TH,2,C1,TISHA MERIAM CHERI,
MGT1058,Business Analytics with Spread,TH,2,C1,BALAJI J,
MGT1058,Business Analytics with Spread,TH,2,C2,BALAJI J,
MGT1059,Human Resource Managemen,TH,3,C1+TC1,MEKHALA,
MGT1059,Human Resource Managemen,TH,3,C1+TC1,SUMATHI G N,
MGT1059,Human Resource Managemen,TH,3,C2+TC2,V RACHEL EVELYN,
MGT1061,Marketing Management,TH,3,D1+TD1,MALAY BHATTACHARJ,
MGT1061,Marketing Management,TH,3,D1+TD1,RAJKUMAR MURUGES,
MGT1061,Marketing Management,TH,3,D2+TD2,VIJAYAN L,
MGT1063,Financial management,TH,3,F1+TF1,SHAIK SALEEM,
MGT1063,Financial management,TH,3,F1+TF1,NAIK SANKALP PURUS,
MGT1063,Financial management,TH,3,F2+TF2,NAIK SANKALP PURUS,
MGT1063,Financial management,TH,3,A1+TA1,SIVAKUMAR K,
MGT1063,Financial management,TH,3,A2+TA2,BUVANESH,
MGT3003,Customer Relationship Manag,ETH,3,D1+TD1,VITBS FACULTY1,
MGT3003,Customer Relationship Manag,EPJ,1,NIL,VITBS FACULTY1,
MGT3003,Customer Relationship Manag,ETH,3,D2+TD2,UDAY KIRAN KOMMU,
MGT3003,Customer Relationship Manag,EPJ,1,NIL,UDAY KIRAN KOMMU,
MGT3004,Digital and Social Media Mark,ETH,3,E1+TE1,ARSHIYA FATHIMA M,
MGT3004,Digital and Social Media Mark,EPJ,1,NIL,ARSHIYA FATHIMA M,
MGT3004,Digital and Social Media Mark,ETH,3,E2+TE2,ARSHIYA FATHIMA M,
MGT3004,Digital and Social Media Mark,EPJ,1,NIL,ARSHIYA FATHIMA M,
MGT3005,Marketing Analytics,ETH,3,E1+TE1,ANBUMATHI R,
MGT3005,Marketing Analytics,EPJ,1,NIL,ANBUMATHI R,
MGT3008,HR Analytics,ETH,2,E1,V RACHEL EVELYN,
MGT3008,HR Analytics,ELA,1,L31+L32,V RACHEL EVELYN,
MGT3008,HR Analytics,EPJ,1,NIL,V RACHEL EVELYN,
MGT3008,HR Analytics,ETH,2,E2,MEKHALA,
MGT3008,HR Analytics,ELA,1,L1+L2,MEKHALA,
MGT3008,HR Analytics,EPJ,1,NIL,MEKHALA,
MGT3009,Behavioural Analytics,ETH,2,E1,MEKHALA,
MGT3009,Behavioural Analytics,ELA,1,L37+L38,MEKHALA,
MGT3009,Behavioural Analytics,EPJ,1,NIL,MEKHALA,
MGT4003,Lean Six Sigma Principles,ETH,3,D1+TD1,VADIVEL S M,
MGT4003,Lean Six Sigma Principles,EPJ,1,NIL,VADIVEL S M,
PMCA502L,Java Programming,TH,3,A1+TA1,JAYASUDHA M,
PMCA502P,Java Programming Lab,LO,1,L23+L24,JAYASUDHA M,
PMCA505L,Data Communication and Net,TH,3,E2+TE2,DINAKARAN M,
PMCA506L,Cloud Computing,TH,3,E1+TE1,PRIYAADHARSHINI M,
PMCA507L,Machine Learning,TH,3,D1+TD1,PRAKASH B,
PMCA507P,Machine Learning Lab,LO,1,L29+L30,PRAKASH B,
PMCA603L,Mobile Application Design and,TH,2,C1,CHRISTY JACKSON J,
PMCA603P,Mobile Application Design and,LO,1,L49+L50,CHRISTY JACKSON J,
PMCA608L,Deep Learning Techniques,TH,3,F1+TF1,KISHOR KISAN INGLE,
PMCA611L,Artificial Intelligence,TH,3,F1+TF1,SALEENA B,
PMCA696J,Study Oriented Project,PJT,2,NIL,ACAD FACULTY,
PMCA696J,Study Oriented Project,PJT,2,NIL,PAT,
PMCA699J,Internship II/ Dissertation II,PJT,15,NIL,ACAD FACULTY,
PMCA699J,Internship II/ Dissertation II,PJT,15,NIL,PAT,
PSTS502P,Quantitative Skills Practice,SS,1.5,G1+TG1,ETHNUS (APT),
PSTS502P,Quantitative Skills Practice,SS,1.5,D1+TD1,ETHNUS (APT),
PSTS502P,Quantitative Skills Practice,SS,1.5,D2+TD2,FACE (APT),
PSTS502P,Quantitative Skills Practice,SS,1.5,D1+TD1,ETHNUS (APT),
PSTS502P,Quantitative Skills Practice,SS,1.5,D1+TD1,FACE (APT),
PSTS601L,Advanced Competitive Coding,SS,3,B1+TB1,ETHNUS (APT),
SWE1011,Soft Computing,ETH,3,C1+TC1,PALANI THANARAJ K,
SWE1011,Soft Computing,EPJ,1,NIL,PALANI THANARAJ K,
SWE1011,Soft Computing,ETH,3,C2+TC2,PALANI THANARAJ K,
SWE1011,Soft Computing,EPJ,1,NIL,PALANI THANARAJ K,
SWE1015,Biometric Systems,ETH,2,D1,SRINIVASA PERUMAL,
SWE1015,Biometric Systems,EPJ,1,NIL,SRINIVASA PERUMAL,
SWE1017,Natural Language Processing,ETH,2,E2,ILAKIYASELVAN N,
SWE1017,Natural Language Processing,EPJ,1,NIL,ILAKIYASELVAN N,
SWE1017,Natural Language Processing,ETH,2,F1,NISHA  V.M,
SWE1017,Natural Language Processing,EPJ,1,NIL,NISHA  V.M,
SWE1017,Natural Language Processing,ETH,2,F2,ILAKIYASELVAN N,
SWE1017,Natural Language Processing,EPJ,1,NIL,ILAKIYASELVAN N,
SWE1018,Human Computer Interaction,ETH,2,F1,SIVABALAKRISHNAN M,
SWE1018,Human Computer Interaction,EPJ,1,NIL,SIVABALAKRISHNAN M,
SWE1902,Industrial Internship,PJT,1,NIL,ACAD FACULTY,
SWE1902,Industrial Internship,PJT,1,NIL,PAT,
SWE1904,Capstone Project,PJT,18,NIL,ACAD FACULTY,
SWE1904,Capstone Project,PJT,18,NIL,PAT,
SWE2006,Software Project Managemen,ETH,2,A1,SRINIVASA PERUMAL,
SWE2006,Software Project Managemen,EPJ,1,NIL,SRINIVASA PERUMAL,
SWE2006,Software Project Managemen,ETH,2,A1,KAVITHA,
SWE2006,Software Project Managemen,EPJ,1,NIL,KAVITHA,
SWE2006,Software Project Managemen,ETH,2,A2,SRINIVASA PERUMAL,
SWE2006,Software Project Managemen,EPJ,1,NIL,SRINIVASA PERUMAL,
SWE2008,Android Programming,ETH,3,E1+TE1,KAVIYA ELAKKIYA M,
SWE2008,Android Programming,EPJ,1,NIL,KAVIYA ELAKKIYA M,
SWE2008,Android Programming,ETH,3,E2+TE2,KAVIYA ELAKKIYA M,
SWE2008,Android Programming,EPJ,1,NIL,KAVIYA ELAKKIYA M,
SWE2008,Android Programming,ETH,3,E1+TE1,MALINI A,
SWE2008,Android Programming,EPJ,1,NIL,MALINI A,
SWE2009,Data Mining Techniques,ETH,3,C1+TC1,VIGNESH U,
SWE2009,Data Mining Techniques,EPJ,1,NIL,VIGNESH U,
SWE2010,Embedded Systems,ETH,2,F1,PREMANAND V,
SWE2010,Embedded Systems,EPJ,1,NIL,PREMANAND V,
SWE2018,Object Oriented Analysis and,ETH,3,E1+TE1,SARANYA G,
SWE2018,Object Oriented Analysis and,ELA,1,L31+L32,SARANYA G,
SWE2018,Object Oriented Analysis and,ETH,3,E2+TE2,KUMARAN K,
SWE2018,Object Oriented Analysis and,ELA,1,L1+L2,KUMARAN K,
SWE2020,Software Metrics,ETH,2,B1,UMAMAHESWARI E,
SWE2020,Software Metrics,EPJ,1,NIL,UMAMAHESWARI E,
SWE2021,Software Configuration Manag,TH,3,B1+TB1,PRASSANNA J,
SWE2024,Software Reuse,TH,3,D1+TD1,PRAVEEN JOE I R,
SWE2027,Knowledge Management Syst,ETH,2,D2,SRIDHAR R,
SWE2027,Knowledge Management Syst,EPJ,1,NIL,SRIDHAR R,
SWE2029,Agile Development Process,TH,3,E1+TE1,NAJUMUDHEEN E S F,
SWE2029,Agile Development Process,TH,3,E2+TE2,GANESH N,
SWE2032,Knowledge Engineering,TH,3,B1+TB1,MALINI A,
SWE2032,Knowledge Engineering,TH,3,B2+TB2,MALINI A,
SWE2035,Big Data Technologies,ETH,3,E1+TE1,SUGANESHWARI,
SWE2035,Big Data Technologies,ELA,1,L29+L30,SUGANESHWARI,
SWE3001,Operating Systems,ETH,3,F1+TF1,RAJAKUMAR R,
SWE3001,Operating Systems,ETH,3,F1+TF1,MONICA,
SWE3001,Operating Systems,ELA,1,L37+L38,RAJAKUMAR R,
SWE3001,Operating Systems,ELA,1,L39+L40,MONICA,
SWE3001,Operating Systems,ETH,3,F2+TF2,ARAVINDKUMAR S,
SWE3001,Operating Systems,ELA,1,L13+L14,ARAVINDKUMAR S,
SWE3002,Information and System Secur,ETH,3,G1+TG1,ANUSHA K,
SWE3002,Information and System Secur,EPJ,1,NIL,ANUSHA K,
SWE3002,Information and System Secur,ETH,3,G1+TG1,SANDOSH,
SWE3002,Information and System Secur,EPJ,1,NIL,SANDOSH,
SWE3002,Information and System Secur,ETH,3,G2+TG2,RAJESH KUMAR,
SWE3002,Information and System Secur,EPJ,1,NIL,RAJESH KUMAR,
SWE3003,Sensor Networks,TH,3,B1+TB1,ILAVENDHAN A,
SWE3003,Sensor Networks,TH,3,B2+TB2,KARTHIKA S K,
SWE3003,Sensor Networks,TH,3,C1+TC1,UMESH K,
SWE4002,Cloud Computing,ETH,2,D1,PRABHAKARAN R,
SWE4002,Cloud Computing,EPJ,1,NIL,PRABHAKARAN R,
SWE4004,Geographic Information Syste,ETH,2,B1,PARVATHI R,
SWE4004,Geographic Information Syste,EPJ,1,NIL,PARVATHI R,
SWE4004,Geographic Information Syste,ETH,2,B2,SURYA PRAKASH TIWA,
SWE4004,Geographic Information Syste,EPJ,1,NIL,SURYA PRAKASH TIWA,
SWE4006,Real Time Systems,ETH,2,B1,JOSHUA SUNDER DAV,
SWE4006,Real Time Systems,EPJ,1,NIL,JOSHUA SUNDER DAV,
SWE4010,Artificial Intelligence,ETH,3,C1+TC1,KRITHIGA R,
SWE4010,Artificial Intelligence,EPJ,1,NIL,KRITHIGA R,
SWE4010,Artificial Intelligence,ETH,3,C2+TC2,VIJAYALAKSHMI A,
SWE4010,Artificial Intelligence,EPJ,1,NIL,VIJAYALAKSHMI A,
SWE4011,Game Programming,ETH,3,C1+TC1,SRIDEVI S,
SWE4011,Game Programming,ELA,1,L39+L40,SRIDEVI S,
SWE4012,Machine Learning,ETH,3,D1+TD1,KANIMOZHI S,
SWE4012,Machine Learning,ETH,3,D2+TD2,SK AYESHA,
SWE4012,Machine Learning,ELA,1,L3+L4,SK AYESHA,
SWE4012,Machine Learning,ELA,1,L33+L34,KANIMOZHI S,
SWE4012,Machine Learning,ETH,3,C1+TC1,R JOTHI,
SWE4012,Machine Learning,ELA,1,L29+L30,R JOTHI,
UCSC104L,Data Structures and Algorithm,TH,3,D1+TD1,S. BHARATHI RAJA,
UCSC104P,Data Structures and Algorithm,LO,1,L49+L50,S. BHARATHI RAJA,
UCSC105L,Object Oriented Programming,TH,3,F1+TF1,RUKMANI P,
UCSC105P,Object Oriented Programming,LO,1,L31+L32,RUKMANI P,
UCSC202L,Database Management Systems,TH,3,E1+TE1,SHARMILADEVI S,
UCSC202P,Database Management Systems,LO,1,L43+L44,SHARMILADEVI S,
UCSC205L,Web Development,TH,3,C1+TC1,MAHESWARI N,
UCSC205P,Web Development Lab,LO,1,L31+L32,MAHESWARI N,
UCSC226L,Animation and VFX,TH,3,B1+TB1,PRIYAADHARSHINI M,
UCSC312L,Machine Learning,TH,3,D1+TD1,ABDUL QUADIR MD,
UCSC312P,Machine Learning Lab,LO,1,L37+L38,ABDUL QUADIR MD,
UCSC313L,Image Processing,TH,3,A1+TA1,GRACELINE JASMINE S,
UCSC313P,Image Processing Lab,LO,1,L49+L50,GRACELINE JASMINE S,
UMAT102L,Probability and Statistics,TH,3,B1+TB1,DHANASEKAR S,
BECE320E,Embedded C Programming,ETH,2,G1,BALAKRISHNAN R,
BECE320E,Embedded C Programming,ETH,2,G1,JOHN SAHAYA RANI A,
BECE320E,Embedded C Programming,ETH,2,G1,DEEPA M,
BECE320E,Embedded C Programming,ETH,2,G1,REVATHI S,
BECE320E,Embedded C Programming,ETH,2,G1,SRINIVASAN R,
BECE320E,Embedded C Programming,ETH,2,G2,JEETASHREE APARAJE,
BECE320E,Embedded C Programming,ETH,2,G1,SRIMATHI  R,
BECE320E,Embedded C Programming,ELA,1,L31+L32,SRIMATHI  R,
BECE320E,Embedded C Programming,ETH,2,G2,KRITHIKA ALIAS ANBU,
BECE320E,Embedded C Programming,ETH,2,G1,INAYATHULLAAH ABD,
BECE320E,Embedded C Programming,ETH,2,G2,BALAKRISHNAN R,
BECE320E,Embedded C Programming,ELA,1,L43+L44,INAYATHULLAAH ABD,
BECE320E,Embedded C Programming,ETH,2,G2,SRIMATHI  R,
BECE320E,Embedded C Programming,ELA,1,L1+L2,SRIMATHI  R,
BECE320E,Embedded C Programming,ETH,2,G2,INAYATHULLAAH ABD,
BECE320E,Embedded C Programming,ELA,1,L15+L16,INAYATHULLAAH ABD,
BECE320E,Embedded C Programming,ETH,2,G2,REVATHI S,
BECE320E,Embedded C Programming,ETH,2,G2,DHANUSH R,
BECE320E,Embedded C Programming,ELA,1,L25+L26,BALAKRISHNAN R,
BECE320E,Embedded C Programming,ELA,1,L13+L14,REVATHI S,
BECE320E,Embedded C Programming,ELA,1,L3+L4,DHANUSH R,
BECE320E,Embedded C Programming,ELA,1,L55+L56,BALAKRISHNAN R,
BECE320E,Embedded C Programming,ELA,1,L23+L24,JOHN SAHAYA RANI A,
BECE320E,Embedded C Programming,ELA,1,L5+L6,DEEPA M,
BECE320E,Embedded C Programming,ELA,1,L43+L44,REVATHI S,
BECE320E,Embedded C Programming,ELA,1,L51+L52,SRINIVASAN R,
BECE320E,Embedded C Programming,ELA,1,L27+L28,JEETASHREE APARAJE,
BECE320E,Embedded C Programming,ELA,1,L1+L2,KRITHIKA ALIAS ANBU,
BECS302L,Digital Instrumentation,TH,2,G1,ARAVIND C K,
BEEE102L,Basic Electrical and Electronics,TH,3,A1+TA1,RANI S,
BEEE102L,Basic Electrical and Electronics,TH,3,A1+TA1,MANISH KUMAR DWI,
BEEE102L,Basic Electrical and Electronics,TH,3,A1+TA1,ASHLY MARY TOM,
BEEE102L,Basic Electrical and Electronics,TH,3,A1+TA1,SUBASHINI M,
BEEE102L,Basic Electrical and Electronics,TH,3,A2+TA2,MOHANA PREETHI V,
BEEE102L,Basic Electrical and Electronics,TH,3,A2+TA2,ABHIRAMI AN,
BEEE102L,Basic Electrical and Electronics,TH,3,A2+TA2,ANU SHALINI T,
BEEE102P,Basic Electrical and Electronics,LO,1,L11+L12,RANI S,
BEEE102P,Basic Electrical and Electronics,LO,1,L29+L30,MANISH KUMAR DWI,
BEEE102P,Basic Electrical and Electronics,LO,1,L31+L32,ASHLY MARY TOM,
BEEE102P,Basic Electrical and Electronics,LO,1,L55+L56,SUBASHINI M,
BEEE102P,Basic Electrical and Electronics,LO,1,L7+L8,MOHANA PREETHI V,
BEEE102P,Basic Electrical and Electronics,LO,1,L21+L22,ABHIRAMI AN,
BEEE102P,Basic Electrical and Electronics,LO,1,L25+L26,ANU SHALINI T,
BEEE203L,Circuit Theory,TH,4,A1+TA1+TAA1,HEMAMALINI,
BEEE203L,Circuit Theory,TH,4,A1+TA1+TAA1,PREMALATHA L,
BEEE203L,Circuit Theory,TH,4,A1+TA1+TAA1,MEENAKSHI J,
BEEE203L,Circuit Theory,TH,4,A2+TA2+TAA2,JAYAPRAGASH R,
BEEE203L,Circuit Theory,TH,4,A2+TA2+TAA2,JYOTISMITA MISHRA,
BEEE206L,Digital Electronics,TH,3,F1+TF1,GNANA SWATHIKA O,
BEEE206L,Digital Electronics,TH,3,F1+TF1,DEEPA T,
BEEE206L,Digital Electronics,TH,3,F1+TF1,KANIMOZHI G,
BEEE206L,Digital Electronics,TH,3,F2+TF2,NITHYA VENKATESAN,
BEEE206L,Digital Electronics,TH,3,F2+TF2,SRI REVATHI B,
BEEE206P,Digital Electronics Lab,LO,1,L5+L6,GNANA SWATHIKA O,
BEEE206P,Digital Electronics Lab,LO,1,L29+L30,DEEPA T,
BEEE206P,Digital Electronics Lab,LO,1,L49+L50,KANIMOZHI G,
BEEE206P,Digital Electronics Lab,LO,1,L3+L4,NITHYA VENKATESAN,
BEEE206P,Digital Electronics Lab,LO,1,L25+L26,SRI REVATHI B,
BEEE208L,Analog Electronics,TH,3,C1+TC1,BALAMURUGAN P,
BEEE208L,Analog Electronics,TH,3,C2+TC2,ANAND KUMAR,
BEEE208P,Analog Electronics Lab,LO,1,L37+L38,BALAMURUGAN P,
BEEE208P,Analog Electronics Lab,LO,1,L15+L16,ANAND KUMAR,
BEEE210L,Electrical Machine Design,TH,3,F2+TF2,ANGALAESWARI S,
BEEE211E,VLSI Design,ETH,2,F2,MANIKANDAN P,
BEEE211E,VLSI Design,ELA,1,L1+L2,MANIKANDAN P,
BEEE212L,Engineering Optimization,TH,3,B1+TB1,KURUSEELAN S,
BEEE213L,Embedded Systems Design,TH,3,B1+TB1,SUMATHI V,
BEEE215L,DC Machines and Transformer,TH,2,G1,VAITHILINGAM C,
BEEE215L,DC Machines and Transformer,TH,2,G2,IYSWARYA ANNAPOO,
BEEE215P,DC Machines and Transformer,LO,1,L31+L32,VAITHILINGAM C,
BEEE215P,DC Machines and Transformer,LO,1,L23+L24,VAITHILINGAM C,
BEEE215P,DC Machines and Transformer,LO,1,L3+L4,IYSWARYA ANNAPOO,
BEEE215P,DC Machines and Transformer,LO,1,L21+L22,IYSWARYA ANNAPOO,
BEEE301L,Power Electronics,TH,3,A1+TA1,SREEDEVI V T,
BEEE301L,Power Electronics,TH,3,A2+TA2,M. PRABHAKAR,
BEEE303L,Control Systems,TH,3,A1+TA1,FEBIN DAYA J L,
BEEE303L,Control Systems,TH,3,C1+TC1,SUBBULEKSHMI D,
BEEE303P,Control Systems Lab,LO,1,L31+L32,FEBIN DAYA J L,
BEEE303P,Control Systems Lab,LO,1,L29+L30,SUBBULEKSHMI D,
BEEE305L,Measurements and Instrumen,TH,2,E1,PEER FATHIMA A,
BEEE305L,Measurements and Instrumen,TH,2,E2,ANANTHA KRISHNAN,
BEEE305P,Measurements and Instrumen,LO,1,L43+L44,PEER FATHIMA A,
BEEE305P,Measurements and Instrumen,LO,1,L27+L28,ANANTHA KRISHNAN,
BEEE306L,Power Systems Analysis,TH,3,A1+TA1,JAMUNA K,
BEEE306L,Power Systems Analysis,TH,3,A1+TA1,ARUL R,
BEEE306L,Power Systems Analysis,TH,3,A2+TA2,MEERA P S,
BEEE306L,Power Systems Analysis,TH,3,A2+TA2,LAVANYA V,
BEEE306P,Power Systems Analysis Lab,LO,1,L11+L12,JAMUNA K,
BEEE306P,Power Systems Analysis Lab,LO,1,L49+L50,JAMUNA K,
BEEE306P,Power Systems Analysis Lab,LO,1,L23+L24,ARUL R,
BEEE306P,Power Systems Analysis Lab,LO,1,L55+L56,ARUL R,
BEEE306P,Power Systems Analysis Lab,LO,1,L3+L4,MEERA P S,
BEEE306P,Power Systems Analysis Lab,LO,1,L13+L14,MEERA P S,
BEEE306P,Power Systems Analysis Lab,LO,1,L21+L22,LAVANYA V,
BEEE306P,Power Systems Analysis Lab,LO,1,L25+L26,LAVANYA V,
BEEE307L,Electric Drives,TH,3,D1+TD1,GUNABALAN R,
BEEE307L,Electric Drives,TH,3,D1+TD1,NILANJAN TEWARI,
BEEE307L,Electric Drives,TH,3,D2+TD2,BINU BEN JOSE D R,
BEEE307L,Electric Drives,TH,3,D2+TD2,RUPA MISHRA,
BEEE307P,Power Electronics and Drives L,LO,1,L37+L38,GUNABALAN R,
BEEE307P,Power Electronics and Drives L,LO,1,L29+L30,NILANJAN TEWARI,
BEEE307P,Power Electronics and Drives L,LO,1,L7+L8,BINU BEN JOSE D R,
BEEE307P,Power Electronics and Drives L,LO,1,L11+L12,RUPA MISHRA,
BEEE308L,Communication Systems,TH,3,E1+TE1,PRITAM,
BEEE308L,Communication Systems,TH,3,E1+TE1,NAWIN RA,
BEEE308L,Communication Systems,TH,3,E2+TE2,MITHU SARKAR,
BEEE308L,Communication Systems,TH,3,E2+TE2,NITIN KUMAR KULKAR,
BEEE405L,Renewable Energy Systems,TH,3,F1+TF1,SENTHIL KUMAR N,
BEEE409L,Robotics and Control,TH,3,F1+TF1,SWETHA R KUMAR,
BEEE410L,Machine Learning,TH,3,F1+TF1,SENTHIL KUMAR R,
BEEE411L,Artificial Intelligence,TH,3,B2+TB2,KRISHNA KUMBA,
BEEE412L,Sensors and Actuators,TH,2,C1,SARASWATHI D,
BEEE412L,Sensors and Actuators,TH,2,C2,SARANYARAJ D,
BEEE412L,Sensors and Actuators,TH,2,C1,PARVATHY A K,
BEEE412P,Sensors and Actuators Lab,LO,1,L23+L24,SARASWATHI D,
BEEE412P,Sensors and Actuators Lab,LO,1,L1+L2,SARANYARAJ D,
BEEE412P,Sensors and Actuators Lab,LO,1,L5+L6,PARVATHY A K,
BEEE498J,Project-II / Internship,PJT,5,NIL,ACAD FACULTY,
BEIE301L,Bio-Medical Instrumentation,TH,3,B2+TB2,SITHARTHAN R,
MELM503L,Design of Automotive Power C,TH,3,F1+TF1,MEENAKSHI J,
MELM505L,Electric Motor Drives,TH,3,B2+TB2,JYOTISMITA MISHRA,
MELM505P,Electric Motor Drives Lab,LO,1,L23+L24,JYOTISMITA MISHRA,
MELM506L,Automotive Electrical and Elec,TH,3,F2+TF2,LENIN N C,
MELM508P,Electric Vehicle Lab,LO,1,L9+L10,NILANJAN TEWARI,
MELM603L,"Automotive Noise, Vibrations",TH,3,D2+TD2,JEYANTHI S,
MELM605L,Artificial Intelligence and Mac,TH,3,C2+TC2,BALAKUMAR P,
MELM609L,Societal impacts of Electric Ve,TH,3,G2+TG2,RUPA MISHRA,
MELM697J,Design Project,PJT,2,NIL,ACAD FACULTY,
BECE102L,Digital Systems Design,TH,3,A1+TA1,SRI RAMALAKSHMI P,
BECE102L,Digital Systems Design,TH,3,A1+TA1,VIMALA GAYATHRI S,
BECE102L,Digital Systems Design,TH,3,A2+TA2,PRASATH T,
BECE102L,Digital Systems Design,TH,3,A2+TA2,MOHAMED ABDULLA,
BECE102L,Digital Systems Design,TH,3,A1+TA1,GARGI RAINA,
BECE102L,Digital Systems Design,TH,3,A1+TA1,SUBHASHINI N,
BECE102L,Digital Systems Design,TH,3,A1+TA1,SASITHRADEVI. A,
BECE102L,Digital Systems Design,TH,3,A1+TA1,P NIRMALA,
BECE102L,Digital Systems Design,TH,3,A1+TA1,SOURABH PAUL,
BECE102L,Digital Systems Design,TH,3,A1+TA1,SRIVATSAN K,
BECE102L,Digital Systems Design,TH,3,A1+TA1,GIRIJA SHANKAR,
BECE102L,Digital Systems Design,TH,3,A1+TA1,SUKRITI,
BECE102L,Digital Systems Design,TH,3,A2+TA2,SUBHASHINI N,
BECE102L,Digital Systems Design,TH,3,A2+TA2,SATHYA SREE J,
BECE102L,Digital Systems Design,TH,3,A1+TA1,SATHYA SREE J,
BECE102L,Digital Systems Design,TH,3,A2+TA2,P NIRMALA,
BECE102L,Digital Systems Design,TH,3,A2+TA2,SOURABH PAUL,
BECE102L,Digital Systems Design,TH,3,A2+TA2,SOUMYA RANJAN MA,
BECE102L,Digital Systems Design,TH,3,A2+TA2,SRIVATSAN K,
BECE102L,Digital Systems Design,TH,3,A2+TA2,GIRIJA SHANKAR,
BECE102L,Digital Systems Design,TH,3,A2+TA2,SUKRITI,
BECE102L,Digital Systems Design,TH,3,B1+TB1,B. NAGAJAYANTHI,
BECE102L,Digital Systems Design,TH,3,B1+TB1,B PRASHANTH KUMAR,
BECE102L,Digital Systems Design,TH,3,B1+TB1,RAVI TIWARI,
BECE102L,Digital Systems Design,TH,3,B1+TB1,CHANDRAMAULESHW,
BECE102L,Digital Systems Design,TH,3,B1+TB1,HARIHARAN,
BECE102L,Digital Systems Design,TH,3,B1+TB1,DHEEREN KU MAHAPA,
BECE102L,Digital Systems Design,TH,3,A2+TA2,S SHOBA,
BECE102L,Digital Systems Design,TH,3,B1+TB1,MANMOHAN SHARM,
BECE102L,Digital Systems Design,TH,3,B1+TB1,KULDEEP YADAV,
BECE102L,Digital Systems Design,TH,3,B1+TB1,UPENDER P,
BECE102L,Digital Systems Design,TH,3,B1+TB1,PAPANASAM E,
BECE102L,Digital Systems Design,TH,3,B2+TB2,B. NAGAJAYANTHI,
BECE102L,Digital Systems Design,TH,3,B2+TB2,B PRASHANTH KUMAR,
BECE102L,Digital Systems Design,TH,3,B2+TB2,RAVI TIWARI,
BECE102L,Digital Systems Design,TH,3,B2+TB2,CHANDRAMAULESHW,
BECE102L,Digital Systems Design,TH,3,B2+TB2,HARIHARAN,
BECE102L,Digital Systems Design,TH,3,B2+TB2,DHEEREN KU MAHAPA,
BECE102L,Digital Systems Design,TH,3,B2+TB2,MANMOHAN SHARM,
BECE102L,Digital Systems Design,TH,3,B2+TB2,KULDEEP YADAV,
BECE102L,Digital Systems Design,TH,3,B2+TB2,UPENDER P,
BECE102L,Digital Systems Design,TH,3,B2+TB2,J DIVYA,
BECE102L,Digital Systems Design,TH,3,B2+TB2,SURYA PRASATH C,
BECE102L,Digital Systems Design,TH,3,C1+TC1,ANNIS FATHIMA A,
BECE102L,Digital Systems Design,TH,3,C1+TC1,PRAKASH V,
BECE102L,Digital Systems Design,TH,3,C1+TC1,IDAYACHANDRAN G,
BECE102L,Digital Systems Design,TH,3,C1+TC1,SARAVANA KUMAR R,
BECE102L,Digital Systems Design,TH,3,C2+TC2,E MANIKANDAN,
BECE102L,Digital Systems Design,TH,3,C2+TC2,IDAYACHANDRAN G,
BECE102P,Digital Systems Design Lab,LO,1,L5+L6,ANNIS FATHIMA A,
BECE102P,Digital Systems Design Lab,LO,1,L37+L38,SARAVANA KUMAR R,
BECE102P,Digital Systems Design Lab,LO,1,L27+L28,E MANIKANDAN,
BECE102P,Digital Systems Design Lab,LO,1,L21+L22,IDAYACHANDRAN G,
BECE102P,Digital Systems Design Lab,LO,1,L7+L8,SARAVANA KUMAR R,
BECE102P,Digital Systems Design Lab,LO,1,L23+L24,SRI RAMALAKSHMI P,
BECE102P,Digital Systems Design Lab,LO,1,L33+L34,VIMALA GAYATHRI S,
BECE102P,Digital Systems Design Lab,LO,1,L27+L28,PRASATH T,
BECE102P,Digital Systems Design Lab,LO,1,L13+L14,MOHAMED ABDULLA,
BECE102P,Digital Systems Design Lab,LO,1,L37+L38,GARGI RAINA,
BECE102P,Digital Systems Design Lab,LO,1,L23+L24,SUBHASHINI N,
BECE102P,Digital Systems Design Lab,LO,1,L43+L44,SASITHRADEVI. A,
BECE102P,Digital Systems Design Lab,LO,1,L11+L12,P NIRMALA,
BECE102P,Digital Systems Design Lab,LO,1,L5+L6,SOURABH PAUL,
BECE102P,Digital Systems Design Lab,LO,1,L11+L12,SRIVATSAN K,
BECE102P,Digital Systems Design Lab,LO,1,L23+L24,GIRIJA SHANKAR,
BECE102P,Digital Systems Design Lab,LO,1,L51+L52,SUKRITI,
BECE102P,Digital Systems Design Lab,LO,1,L3+L4,SUBHASHINI N,
BECE102P,Digital Systems Design Lab,LO,1,L19+L20,SATHYA SREE J,
BECE102P,Digital Systems Design Lab,LO,1,L49+L50,SATHYA SREE J,
BECE102P,Digital Systems Design Lab,LO,1,L21+L22,P NIRMALA,
BECE102P,Digital Systems Design Lab,LO,1,L19+L20,SOURABH PAUL,
BECE102P,Digital Systems Design Lab,LO,1,L7+L8,SOUMYA RANJAN MA,
BECE102P,Digital Systems Design Lab,LO,1,L19+L20,SRIVATSAN K,
BECE102P,Digital Systems Design Lab,LO,1,L41+L42,GIRIJA SHANKAR,
BECE102P,Digital Systems Design Lab,LO,1,L3+L4,SUKRITI,
BECE102P,Digital Systems Design Lab,LO,1,L1+L2,S SHOBA,
BECE102P,Digital Systems Design Lab,LO,1,L29+L30,B. NAGAJAYANTHI,
BECE102P,Digital Systems Design Lab,LO,1,L39+L40,B PRASHANTH KUMAR,
BECE102P,Digital Systems Design Lab,LO,1,L39+L40,RAVI TIWARI,
BECE102P,Digital Systems Design Lab,LO,1,L57+L58,CHANDRAMAULESHW,
BECE102P,Digital Systems Design Lab,LO,1,L45+L46,HARIHARAN,
BECE102P,Digital Systems Design Lab,LO,1,L57+L58,DHEEREN KU MAHAPA,
BECE102P,Digital Systems Design Lab,LO,1,L29+L30,MANMOHAN SHARM,
BECE102P,Digital Systems Design Lab,LO,1,L31+L32,KULDEEP YADAV,
BECE102P,Digital Systems Design Lab,LO,1,L55+L56,UPENDER P,
BECE102P,Digital Systems Design Lab,LO,1,L31+L32,PAPANASAM E,
BECE102P,Digital Systems Design Lab,LO,1,L25+L26,B. NAGAJAYANTHI,
BECE102P,Digital Systems Design Lab,LO,1,L13+L14,B PRASHANTH KUMAR,
BECE102P,Digital Systems Design Lab,LO,1,L13+L14,RAVI TIWARI,
BECE102P,Digital Systems Design Lab,LO,1,L47+L48,CHANDRAMAULESHW,
BECE102P,Digital Systems Design Lab,LO,1,L15+L16,HARIHARAN,
BECE102P,Digital Systems Design Lab,LO,1,L27+L28,DHEEREN KU MAHAPA,
BECE102P,Digital Systems Design Lab,LO,1,L25+L26,MANMOHAN SHARM,
BECE102P,Digital Systems Design Lab,LO,1,L9+L10,KULDEEP YADAV,
BECE102P,Digital Systems Design Lab,LO,1,L15+L16,UPENDER P,
BECE102P,Digital Systems Design Lab,LO,1,L9+L10,J DIVYA,
BECE102P,Digital Systems Design Lab,LO,1,L1+L2,SURYA PRASATH C,
BECE201L,Electronic Materials and devic,TH,3,C1+TC1,BINDU B,
BECE201L,Electronic Materials and devic,TH,3,C1+TC1,CHANDRASEKARAN N,
BECE201L,Electronic Materials and devic,TH,3,C1+TC1,SUNIL KUMAR PRADH,
BECE201L,Electronic Materials and devic,TH,3,C1+TC1,TANMOY MAJUMDER,
BECE201L,Electronic Materials and devic,TH,3,C2+TC2,CHANDRASEKARAN N,
BECE201L,Electronic Materials and devic,TH,3,C2+TC2,TANMOY MAJUMDER,
BECE201L,Electronic Materials and devic,TH,3,C2+TC2,A BHARATHI SANKAR,
BECE201L,Electronic Materials and devic,TH,3,C2+TC2,SUNIL KUMAR PRADH,
BECE202L,Signals and Systems,TH,3,F1+TF1,EDWARD JERO,
BECE202L,Signals and Systems,TH,3,F2+TF2,EDWARD JERO,
BECE203L,Circuit Theory,TH,4,D1+TD1+TDD1,SIVASUBRAMANIAN A,
BECE203L,Circuit Theory,TH,4,D1+TD1+TDD1,ANITH NELLERI,
BECE203L,Circuit Theory,TH,4,D1+TD1+TDD1,NIRAJ KUMAR,
BECE203L,Circuit Theory,TH,4,D1+TD1+TDD1,GUGA PRIYA G,
BECE203L,Circuit Theory,TH,4,D1+TD1+TDD1,RAVI V,
BECE203L,Circuit Theory,TH,4,D1+TD1+TDD1,SARANYA NAIR M,
BECE203L,Circuit Theory,TH,4,D1+TD1+TDD1,SAURAV GUPTA,
BECE203L,Circuit Theory,TH,4,D1+TD1+TDD1,ASHIS,
BECE203L,Circuit Theory,TH,4,D2+TD2+TDD2,SIVASUBRAMANIAN A,
BECE203L,Circuit Theory,TH,4,D2+TD2+TDD2,ANITH NELLERI,
BECE203L,Circuit Theory,TH,4,D2+TD2+TDD2,NIRAJ KUMAR,
BECE203L,Circuit Theory,TH,4,D2+TD2+TDD2,GUGA PRIYA G,
BECE203L,Circuit Theory,TH,4,D2+TD2+TDD2,SARANYA NAIR M,
BECE203L,Circuit Theory,TH,4,D2+TD2+TDD2,SAURAV GUPTA,
BECE203L,Circuit Theory,TH,4,D2+TD2+TDD2,ASHIS,
BECE204L,Microprocessors and Microcontrollers,TH,3,B1+TB1,MANOJ KUMAR R,
BECE204L,Microprocessors and Microcontrollers,TH,3,B1+TB1,JAGANNATH M,
BECE204L,Microprocessors and Microcontrollers,TH,3,B2+TB2,JAGANNATH M,
BECE204L,Microprocessors and Microcontrollers,TH,3,B1+TB1,BERLIN HENCY V,
BECE204L,Microprocessors and Microcontrollers,TH,3,B2+TB2,BERLIN HENCY V,
BECE204L,Microprocessors and Microcontrollers,TH,3,B1+TB1,ABRAHAM SUDHARSO,
BECE204L,Microprocessors and Microcontrollers,TH,3,B1+TB1,CHANTHINI BASKAR,
BECE204L,Microprocessors and Microcontrollers,TH,3,B2+TB2,CHANTHINI BASKAR,
BECE204L,Microprocessors and Microcontrollers,TH,3,B2+TB2,FLORENCE GNANA PO,
BECE204L,Microprocessors and Microcontrollers,TH,3,B2+TB2,RICHARDS JOE STANIS,
BECE204L,Microprocessors and Microcontrollers,TH,3,B1+TB1,V.R BALAJI,
BECE204L,Microprocessors and Microcontrollers,TH,3,F2+TF2,KISHOR KISAN INGLE,
BECE204P,Microprocessors and Microcontrollers Lab,LO,1,L33+L34,MANOJ KUMAR R,
BECE204P,Microprocessors and Microcontrollers Lab,LO,1,L33+L34,VIJAYAKUMAR P,
BECE204P,Microprocessors and Microcontrollers Lab,LO,1,L31+L32,JAGANNATH M,
BECE204P,Microprocessors and Microcontrollers Lab,LO,1,L31+L32,SINDHUJA M,
BECE204P,Microprocessors and Microcontrollers Lab,LO,1,L13+L14,JAGANNATH M,
BECE204P,Microprocessors and Microcontrollers Lab,LO,1,L13+L14,SINDHUJA M,
BECE204P,Microprocessors and Microcontrollers Lab,LO,1,L55+L56,BERLIN HENCY V,
BECE204P,Microprocessors and Microcontrollers Lab,LO,1,L55+L56,RICHARDS JOE STANIS,
BECE204P,Microprocessors and Microcontrollers Lab,LO,1,L25+L26,BERLIN HENCY V,
BECE204P,Microprocessors and Microcontrollers Lab,LO,1,L25+L26,SANKAR GANESH,
BECE204P,Microprocessors and Microcontrollers Lab,LO,1,L11+L12,ABRAHAM SUDHARSO,
BECE204P,Microprocessors and Microcontrollers Lab,LO,1,L11+L12,MOHANAPRASAD K,
BECE204P,Microprocessors and Microcontrollers Lab,LO,1,L45+L46,CHANTHINI BASKAR,
BECE204P,Microprocessors and Microcontrollers Lab,LO,1,L45+L46,SRITAMA ROY,
BECE204P,Microprocessors and Microcontrollers Lab,LO,1,L15+L16,CHANTHINI BASKAR,
BECE204P,Microprocessors and Microcontrollers Lab,LO,1,L15+L16,SRITAMA ROY,
BECE204P,Microprocessors and Microcontrollers Lab,LO,1,L21+L22,FLORENCE GNANA PO,
BECE204P,Microprocessors and Microcontrollers Lab,LO,1,L21+L22,A BHARATHI SANKAR,
BECE204P,Microprocessors and Microcontrollers Lab,LO,1,L9+L10,RICHARDS JOE STANIS,
BECE204P,Microprocessors and Microcontrollers Lab,LO,1,L9+L10,SANKAR GANESH,
BECE204P,Microprocessors and Microcontrollers Lab,LO,1,L49+L50,V.R BALAJI,
BECE204P,Microprocessors and Microcontrollers Lab,LO,1,L49+L50,MANIMARAN P,
BECE204P,Microprocessors and Microcontrollers Lab,LO,1,L47+L48,KISHOR KISAN INGLE,
BECE206L,Analog Circuits,TH,3,E1+TE1,SATHIYA NARAYANAN,
BECE206L,Analog Circuits,TH,3,E1+TE1,RAJU PATEL,
BECE206L,Analog Circuits,TH,3,E2+TE2,RAJU PATEL,
BECE206L,Analog Circuits,TH,3,E1+TE1,ANISHA NATARAJAN,
BECE206L,Analog Circuits,TH,3,E2+TE2,ANISHA NATARAJAN,
BECE206P,Analog Circuits Lab,LO,1,L29+L30,SATHIYA NARAYANAN,
BECE206P,Analog Circuits Lab,LO,1,L11+L12,RAJU PATEL,
BECE206P,Analog Circuits Lab,LO,1,L13+L14,RAJU PATEL,
BECE206P,Analog Circuits Lab,LO,1,L31+L32,ANISHA NATARAJAN,
BECE206P,Analog Circuits Lab,LO,1,L1+L2,ANISHA NATARAJAN,
BECE207L,Random Processes,TH,3,D1+TD1,THIRIPURASUNDARI D,
BECE207L,Random Processes,TH,3,D2+TD2,MOHANAPRASAD K,
BECE207L,Random Processes,TH,3,D1+TD1,KALAIVANAN K,
BECE207L,Random Processes,TH,3,D2+TD2,KALAIVANAN K,
BECE207L,Random Processes,TH,3,D1+TD1,SANKAR GANESH,
BECE207L,Random Processes,TH,3,D2+TD2,SANKAR GANESH,
BECE208E,Data Structures and Algorithm,ETH,2,F1,RANJEET KUMAR,
BECE208E,Data Structures and Algorithm Lab,ELA,1,L39+L40,RANJEET KUMAR,
BECE208E,Data Structures and Algorithm,ETH,2,F1,KARTHIK R,
BECE208E,Data Structures and Algorithm Lab,ELA,1,L23+L24,KARTHIK R,
BECE208E,Data Structures and Algorithm,ETH,2,F2,VETRIVELAN P,
BECE208E,Data Structures and Algorithm Lab,ELA,1,L9+L10,VETRIVELAN P,
BECE208E,Data Structures and Algorithm,ETH,2,F2,RANJEET KUMAR,
BECE208E,Data Structures and Algorithm Lab,ELA,1,L25+L26,RANJEET KUMAR,
BECE302L,Control Systems,TH,3,D1+TD1,SOUMYA RANJAN MA,
BECE303L,VLSI System Design,TH,3,E1+TE1,RAVI SANKAR A,
BECE303L,VLSI System Design,TH,3,E1+TE1,ANANIAH DURAI S,
BECE303L,VLSI System Design,TH,3,E1+TE1,PRITAM BHATTACHAR,
BECE303L,VLSI System Design,TH,3,E2+TE2,UMADEVI S,
BECE303L,VLSI System Design,TH,3,E2+TE2,G LAKSHMI PRIYA,
BECE303L,VLSI System Design,TH,3,E2+TE2,PRITAM BHATTACHAR,
BECE303P,VLSI System Design Lab,LO,1,L37+L38,RAVI SANKAR A,
BECE303P,VLSI System Design Lab,LO,1,L29+L30,ANANIAH DURAI S,
BECE303P,VLSI System Design Lab,LO,1,L27+L28,PRITAM BHATTACHAR,
BECE303P,VLSI System Design Lab,LO,1,L25+L26,UMADEVI S,
BECE303P,VLSI System Design Lab,LO,1,L3+L4,G LAKSHMI PRIYA,
BECE303P,VLSI System Design Lab,LO,1,L43+L44,PRITAM BHATTACHAR,
BECE304L,Analog Communication System,TH,3,F1+TF1,USHA KIRAN KOMMU,
BECE304L,Analog Communication System,TH,3,F2+TF2,USHA KIRAN KOMMU,
BECE304L,Analog Communication System,TH,3,F1+TF1,RAVI PRAKASH DWIVE,
BECE304L,Analog Communication System,TH,3,F2+TF2,RAVI PRAKASH DWIVE,
BECE304L,Analog Communication System,TH,3,F1+TF1,RALPH SAMUEL THAN,
BECE304L,Analog Communication System,TH,3,F2+TF2,RALPH SAMUEL THAN,
BECE304P,Analog Communication System,LO,1,L49+L50,USHA KIRAN KOMMU,
BECE304P,Analog Communication System,LO,1,L49+L50,THIRIPURASUNDARI D,
BECE304P,Analog Communication System,LO,1,L19+L20,USHA KIRAN KOMMU,
BECE304P,Analog Communication System,LO,1,L19+L20,VIJAYAKUMAR P,
BECE304P,Analog Communication System,LO,1,L5+L6,RAVI PRAKASH DWIVE,
BECE304P,Analog Communication System,LO,1,L5+L6,NITISH KATAL,
BECE304P,Analog Communication System,LO,1,L21+L22,RAVI PRAKASH DWIVE,
BECE304P,Analog Communication System,LO,1,L55+L56,RALPH SAMUEL THAN,
BECE304P,Analog Communication System,LO,1,L7+L8,RALPH SAMUEL THAN,
BECE304P,Analog Communication System,LO,1,L7+L8,NITISH KATAL,
BECE307L,Wireless and Mobile Commun,TH,2,E1,PRIYANKA DAS,
BECE307P,Wireless and Mobile Commun,LO,1,L55+L56,PRIYANKA DAS,
BECE308L,Optical Fiber Communications,TH,2,D1,ILAVARASAN T,
BECE308P,Optical Fiber Communications,LO,1,L37+L38,ILAVARASAN T,
BECE317L,Wireless and Mobile Commun,TH,3,B1+TB1,HEMANTH C,
BECE317L,Wireless and Mobile Commun,TH,3,B1+TB1,RAMESH R,
BECE317L,Wireless and Mobile Commun,TH,3,B2+TB2,RAMESH R,
BECE317L,Wireless and Mobile Commun,TH,3,B1+TB1,USHA RANI S,
BECE317L,Wireless and Mobile Commun,TH,3,B2+TB2,USHA RANI S,
BECE317L,Wireless and Mobile Commun,TH,3,B2+TB2,PRIYANKA DAS,
BECE317P,Wireless and Mobile Commun,LO,1,L11+L12,HEMANTH C,
BECE317P,Wireless and Mobile Commun,LO,1,L45+L46,RAMESH R,
BECE317P,Wireless and Mobile Commun,LO,1,L31+L32,USHA RANI S,
BECE317P,Wireless and Mobile Commun,LO,1,L9+L10,USHA RANI S,
BECE317P,Wireless and Mobile Commun,LO,1,L25+L26,RAMESH R,
BECE317P,Wireless and Mobile Commun,LO,1,L13+L14,PRIYANKA DAS,
BECE318L,Optical Fiber Communications,TH,3,A1+TA1,BRINTHA THERESE  A,
BECE318L,Optical Fiber Communications,TH,3,A2+TA2,ILAVARASAN T,
BECE318L,Optical Fiber Communications,TH,3,A1+TA1,CHITRA K,
BECE318L,Optical Fiber Communications,TH,3,A2+TA2,S SELVENDRAN,
BECE318L,Optical Fiber Communications,TH,3,A1+TA1,SANGEETHA R G,
BECE318L,Optical Fiber Communications,TH,3,A2+TA2,SANGEETHA R G,
BECE318P,Optical Fiber Communications,LO,1,L55+L56,BRINTHA THERESE  A,
BECE318P,Optical Fiber Communications,LO,1,L55+L56,KALAIVANAN K,
BECE318P,Optical Fiber Communications,LO,1,L5+L6,CHITRA K,
BECE318P,Optical Fiber Communications,LO,1,L5+L6,SUHASINI S,
BECE318P,Optical Fiber Communications,LO,1,L49+L50,SANGEETHA R G,
BECE318P,Optical Fiber Communications,LO,1,L49+L50,SUHASINI S,
BECE318P,Optical Fiber Communications,LO,1,L19+L20,SANGEETHA R G,
BECE318P,Optical Fiber Communications,LO,1,L19+L20,VYDEKI D,
BECE318P,Optical Fiber Communications,LO,1,L7+L8,ILAVARASAN T,
BECE318P,Optical Fiber Communications,LO,1,L7+L8,KALAIVANAN K,
BECE318P,Optical Fiber Communications,LO,1,L3+L4,S SELVENDRAN,
BECE318P,Optical Fiber Communications,LO,1,L3+L4,VYDEKI D,
BECE351E,Internet of Things,ETH,1,TD1,NIVETHITHA V,
BECE351E,Internet of Things,ELA,1,L33+L34,NIVETHITHA V,
BECE352E,IoT Domain Analyst,ETH,1,TD2,NIVETHITHA V,
BECE352E,IoT Domain Analyst,ELA,1,L13+L14,NIVETHITHA V,
BECE401L,Computer Communications an,TH,3,C1+TC1,S SIVAKUMAR,
BECE401L,Computer Communications an,TH,3,C1+TC1,MARKKANDAN,
BECE401L,Computer Communications an,TH,3,C1+TC1,PRASANNA BHARATHI,
BECE401L,Computer Communications an,TH,3,C2+TC2,S SIVAKUMAR,
BECE401L,Computer Communications an,TH,3,C2+TC2,MARKKANDAN,
BECE401L,Computer Communications an,TH,3,C2+TC2,PRASANNA BHARATHI,
BECE401P,Computer Communications an,LO,1,L37+L38,S SIVAKUMAR,
BECE401P,Computer Communications an,LO,1,L1+L2,S SIVAKUMAR,
BECE401P,Computer Communications an,LO,1,L51+L52,MARKKANDAN,
BECE401P,Computer Communications an,LO,1,L21+L22,MARKKANDAN,
BECE401P,Computer Communications an,LO,1,L29+L30,PRASANNA BHARATHI,
BECE401P,Computer Communications an,LO,1,L15+L16,PRASANNA BHARATHI,
BECE402L,Communication for Cyber Phy,TH,2,G2,NOEL JEYGAR ROBERT,
BECE402P,Communication for Cyber Phy,LO,1,L11+L12,NOEL JEYGAR ROBERT,
BECE403E,Embedded Systems Design,ETH,3,E1+TE1,MUTHULAKSHMI S,
BECE403E,Embedded Systems Design,ETH,3,E2+TE2,MUTHULAKSHMI S,
BECE403E,Embedded Systems Design,ETH,3,E2+TE2,SOFANA REKA S,
BECE403E,Embedded Systems Design,ETH,3,E1+TE1,KARTHIKEYAN P R,
BECE403E,Embedded Systems Design,ELA,1,L49+L50,MUTHULAKSHMI S,
BECE403E,Embedded Systems Design,ELA,1,L49+L50,DHANUSH R,
BECE403E,Embedded Systems Design,ELA,1,L3+L4,SOFANA REKA S,
BECE403E,Embedded Systems Design,ELA,1,L3+L4,SASIPRIYA P,
BECE403E,Embedded Systems Design,ELA,1,L27+L28,MUTHULAKSHMI S,
BECE403E,Embedded Systems Design,ELA,1,L27+L28,KARTHIKEYAN P R,
BECE403E,Embedded Systems Design,ELA,1,L29+L30,KARTHIKEYAN P R,
BECE406E,FPGA Based System Design,ETH,2,F1,REENA MONICA P,
BECE406E,FPGA Based System Design,ETH,2,F1,HEMAVATHY S,
BECE406E,FPGA Based System Design,ETH,2,F1,JEAN JENIFER NESAM,
BECE406E,FPGA Based System Design,ETH,2,F2,VELMATHI G,
BECE406E,FPGA Based System Design,ETH,2,F2,JEAN JENIFER NESAM,
BECE406E,FPGA Based System Design,ELA,1,L23+L24,REENA MONICA P,
BECE406E,FPGA Based System Design,ELA,1,L23+L24,LATHA P,
BECE406E,FPGA Based System Design,ELA,1,L11+L12,HEMAVATHY S,
BECE406E,FPGA Based System Design,ELA,1,L11+L12,SAKTHIVEL S M,
BECE406E,FPGA Based System Design,ELA,1,L57+L58,JEAN JENIFER NESAM,
BECE406E,FPGA Based System Design,ELA,1,L57+L58,SRIDHAR C,
BECE406E,FPGA Based System Design,ELA,1,L3+L4,VELMATHI G,
BECE406E,FPGA Based System Design,ELA,1,L3+L4,LATHA P,
BECE406E,FPGA Based System Design,ELA,1,L9+L10,JEAN JENIFER NESAM,
BECE406E,FPGA Based System Design,ELA,1,L9+L10,ANITA ANGELINE,
BECE408L,Microwave Integrated Circuits,TH,3,B1+TB1,RICHARDS JOE STANIS,
BECE411L,Cryptography and Network Security,TH,3,A1+TA1,VYDEKI D,
BECE411L,Cryptography and Network Security,TH,3,A1+TA1,JAYA VIGNESH T,
BECE411L,Cryptography and Network Security,TH,3,A2+TA2,VYDEKI D,
BECE411L,Cryptography and Network Security,TH,3,A2+TA2,JAYA VIGNESH T,
BECE498J,Project-II / Internship,PJT,5,NIL,PAT,
BECE498J,Project-II / Internship,PJT,5,NIL,ACAD FACULTY,
BECM301L,Signal Processing,TH,3,C1+TC1,UMAYAL C,
BECM301P,Signal Processing Lab,LO,1,L55+L56,UMAYAL C,
BECM304L,Principles of Communication S,TH,3,A1+TA1,ASHOK,
BECM304L,Principles of Communication S,TH,3,A2+TA2,ASHOK,
BECM498J,Project - II / Internship,PJT,5,NIL,ACAD FACULTY,
BECM498J,Project - II / Internship,PJT,5,NIL,PAT,
BEVD204L,Electronic Circuits,TH,3,B1+TB1,MANIKANDAN P,
BEVD204P,Electronic Circuits Lab,LO,1,L49+L50,MANIKANDAN P,
BEVD205L,Scripting Languages and Verifi,TH,3,E1+TE1,SAKTHIVEL S M,
BEVD205P,Scripting Languages and Verifi,LO,1,L5+L6,SAKTHIVEL S M,
BEVD206L,Semiconductor Device Modell,TH,2,F1,LAKSHMI B,
BEVD206P,Semiconductor Device Modell,LO,1,L49+L50,LAKSHMI B,
ECE3502,IoT Domain Analyst,ETH,2,A1,SHOLA USHA RANI,
ECE3502,IoT Domain Analyst,ETH,2,A1,REKHA D,
ECE3502,IoT Domain Analyst,ELA,1,L27+L28,SHOLA USHA RANI,
ECE3502,IoT Domain Analyst,EPJ,1,NIL,SHOLA USHA RANI,
ECE3502,IoT Domain Analyst,ELA,1,L55+L56,SHOLA USHA RANI,
ECE3502,IoT Domain Analyst,EPJ,1,NIL,SHOLA USHA RANI,
ECE3502,IoT Domain Analyst,ELA,1,L43+L44,REKHA D,
ECE3502,IoT Domain Analyst,EPJ,1,NIL,REKHA D,
MEDS504L,In Vehicle Networking,TH,3,D2+TD2,JAYA VIGNESH T,
MEDS505L,Real Time Operating System,TH,3,B2+TB2,SUGANTHI K,
MEDS505P,Real Time Operating System L,LO,1,L9+L10,SUGANTHI K,
MEDS606L,Modern Automotive Electroni,TH,3,C2+TC2,MANIGANDAN M,
MEDS608L,Intelligent IoT System Design a,TH,2,G2,MANIMARAN P,
MEDS608P,Intelligent IoT System Design a,LO,1,L11+L12,MANIMARAN P,
MEDS609L,Fault Tolerance and Dependab,TH,3,F2+TF2,RAVI V,
MEDS699J,Internship II/ Dissertation II,PJT,12,NIL,ACAD FACULTY,
MEDS699J,Internship II/ Dissertation II,PJT,12,NIL,PAT,
MVLD505L,ASIC Design,TH,3,F1+TF1,PRATHIBA A,
MVLD505L,ASIC Design,TH,3,F2+TF2,AUGUSTA SOPHY BEU,
MVLD505P,ASIC Design Lab,LO,1,L15+L16,AUGUSTA SOPHY BEU,
MVLD505P,ASIC Design Lab,LO,1,L31+L32,PRATHIBA A,
MVLD506L,VLSI Testing and Testability,TH,3,B1+TB1,SRIDHAR C,
MVLD506L,VLSI Testing and Testability,TH,3,B2+TB2,PAPANASAM E,
MVLD506P,VLSI Testing and Testability La,LO,1,L9+L10,PAPANASAM E,
MVLD506P,VLSI Testing and Testability La,LO,1,L11+L12,SRIDHAR C,
MVLD602L,Low Power IC Design,TH,3,D1+TD1,ANITA ANGELINE,
MVLD602L,Low Power IC Design,TH,3,D2+TD2,SASIPRIYA P,
MVLD603L,VLSI Verification Methodologi,TH,3,G1+TG1,BISWAJIT,
MVLD603L,VLSI Verification Methodologi,TH,3,G2+TG2,SAKTHIVEL S M,
MVLD616L,Scripting Languages for Electro,TH,3,C1+TC1,RAHUL NARASIMHAN,
MVLD616L,Scripting Languages for Electro,TH,3,C2+TC2,RAHUL NARASIMHAN,
MVLD699J,Internship II/ Dissertation II,PJT,12,NIL,ACAD FACULTY,
MVLD699J,Internship II/ Dissertation II,PJT,12,NIL,PAT,
BMEE201L,Engineering Mechanics,TH,3,F1+TF1,SHANMUGA SUNDAR,
BMEE203L,Engineering Thermodynamics,TH,3,G1+TG1,JOSEPH DANIEL,
BMEE203L,Engineering Thermodynamics,TH,3,G1+TG1,MANIMARAN R,
BMEE203L,Engineering Thermodynamics,TH,3,G2+TG2,AVADHESH KUMAR SH,
BMEE206P,Machine Drawing Lab,LO,2,L5+L6+L55+L56,JANARDHAN REDDY  K,
BMEE206P,Machine Drawing Lab,LO,2,L23+L24+L29+L30,KRISHANU GANGULY,
BMEE206P,Machine Drawing Lab,LO,2,L19+L20+L29+L30,AYUB AHMED JANVEK,
BMEE207L,Kinematics and Dynamics of M,TH,3,A1+TA1,AWANI BHUSHAN,
BMEE207L,Kinematics and Dynamics of M,TH,3,A1+TA1,JANARDHAN REDDY  K,
BMEE207L,Kinematics and Dynamics of M,TH,3,A2+TA2,CHRISTO MICHAEL T,
BMEE207L,Kinematics and Dynamics of M,TH,3,A2+TA2,MECHNEWFACULTY1,
BMEE207P,Kinematics and Dynamics of M,LO,1,L31+L32,AWANI BHUSHAN,
BMEE207P,Kinematics and Dynamics of M,LO,1,L37+L38,AWANI BHUSHAN,
BMEE207P,Kinematics and Dynamics of M,LO,1,L43+L44,JANARDHAN REDDY  K,
BMEE207P,Kinematics and Dynamics of M,LO,1,L49+L50,JANARDHAN REDDY  K,
BMEE207P,Kinematics and Dynamics of M,LO,1,L27+L28,CHRISTO MICHAEL T,
BMEE207P,Kinematics and Dynamics of M,LO,1,L7+L8,MECHNEWFACULTY1,
BMEE207P,Kinematics and Dynamics of M,LO,1,L21+L22,MECHNEWFACULTY1,
BMEE207P,Kinematics and Dynamics of M,LO,1,L9+L10,CHRISTO MICHAEL T,
BMEE209L,Materials Science and Engineering,TH,3,F1+TF1,NARAYANAN R,
BMEE209L,Materials Science and Engineering,TH,3,F1+TF1,SREEKANTH DONDAP,
BMEE209L,Materials Science and Engineering,TH,3,F2+TF2,SREEKANTH DONDAP,
BMEE209L,Materials Science and Engineering,TH,3,F2+TF2,RAGHUKIRAN NADIMP,
BMEE209P,Materials Science and Engineering,LO,1,L31+L32,NARAYANAN R,
BMEE209P,Materials Science and Engineering,LO,1,L37+L38,NARAYANAN R,
BMEE209P,Materials Science and Engineering,LO,1,L43+L44,SREEKANTH DONDAP,
BMEE209P,Materials Science and Engineering,LO,1,L49+L50,SREEKANTH DONDAP,
BMEE209P,Materials Science and Engineering,LO,1,L3+L4,SREEKANTH DONDAP,
BMEE209P,Materials Science and Engineering,LO,1,L9+L10,SREEKANTH DONDAP,
BMEE209P,Materials Science and Engineering,LO,1,L15+L16,RAGHUKIRAN NADIMP,
BMEE209P,Materials Science and Engineering,LO,1,L21+L22,RAGHUKIRAN NADIMP,
BMEE210L,Mechatronics and Measurement,TH,3,E1+TE1,MOGANA PRIYA C,
BMEE210L,Mechatronics and Measurement,TH,3,E1+TE1,GIRIDHARAN A,
BMEE210L,Mechatronics and Measurement,TH,3,E2+TE2,BHISHAM KUMAR DH,
BMEE210P,Mechatronics and Measurement,LO,1,L49+L50,MOGANA PRIYA C,
BMEE210P,Mechatronics and Measurement,LO,1,L55+L56,MOGANA PRIYA C,
BMEE210P,Mechatronics and Measurement,LO,1,L23+L24,GIRIDHARAN A,
BMEE210P,Mechatronics and Measurement,LO,1,L29+L30,GIRIDHARAN A,
BMEE210P,Mechatronics and Measurement,LO,1,L25+L26,BHISHAM KUMAR DH,
BMEE210P,Mechatronics and Measurement,LO,1,L27+L28,BHISHAM KUMAR DH,
BMEE211L,Engineering Optimization,TH,3,D1+TD1,PARTHIBAN V,
BMEE212L,Quality Control and Improvem,TH,3,D1+TD1,SIVARAJAN S,
BMEE212L,Quality Control and Improvem,TH,3,D2+TD2,GAJANAND GUPTA,
BMEE301L,Design of Machine Elements,TH,4,A1+TA1+TAA1,ANSHUMAN DAS,
BMEE301L,Design of Machine Elements,TH,4,A2+TA2+TAA2,VENKATACHALAM G,
BMEE302L,Metal Casting and Welding,TH,3,C1+TC1,GIRIDHARAN A,
BMEE302L,Metal Casting and Welding,TH,3,C1+TC1,MANOJ KUMAR R,
BMEE302L,Metal Casting and Welding,TH,3,C2+TC2,BHUPESH SINGH KATI,
BMEE302L,Metal Casting and Welding,TH,3,C2+TC2,RADHA,
BMEE302P,Metal Casting and Welding La,LO,1,L43+L44,GIRIDHARAN A,
BMEE302P,Metal Casting and Welding La,LO,1,L55+L56,GIRIDHARAN A,
BMEE302P,Metal Casting and Welding La,LO,1,L23+L24,MANOJ KUMAR R,
BMEE302P,Metal Casting and Welding La,LO,1,L39+L40,MANOJ KUMAR R,
BMEE302P,Metal Casting and Welding La,LO,1,L3+L4,BHUPESH SINGH KATI,
BMEE302P,Metal Casting and Welding La,LO,1,L7+L8,BHUPESH SINGH KATI,
BMEE302P,Metal Casting and Welding La,LO,1,L19+L20,RADHA,
BMEE302P,Metal Casting and Welding La,LO,1,L25+L26,RADHA,
BMEE303L,Thermal Engineering Systems,TH,3,G1+TG1,TAMIL SELVAN P,
BMEE303L,Thermal Engineering Systems,TH,3,G1+TG1,MANAVALLA SREEKAN,
BMEE303L,Thermal Engineering Systems,TH,3,G2+TG2,FEROSKHAN M,
BMEE303L,Thermal Engineering Systems,TH,3,G2+TG2,SANJEEV JAKHAR,
BMEE303P,Thermal Engineering Systems,LO,1,L23+L24,TAMIL SELVAN P,
BMEE303P,Thermal Engineering Systems,LO,1,L39+L40,TAMIL SELVAN P,
BMEE303P,Thermal Engineering Systems,LO,1,L43+L44,MANAVALLA SREEKAN,
BMEE303P,Thermal Engineering Systems,LO,1,L55+L56,MANAVALLA SREEKAN,
BMEE303P,Thermal Engineering Systems,LO,1,L9+L10,FEROSKHAN M,
BMEE303P,Thermal Engineering Systems,LO,1,L27+L28,FEROSKHAN M,
BMEE303P,Thermal Engineering Systems,LO,1,L7+L8,SANJEEV JAKHAR,
BMEE303P,Thermal Engineering Systems,LO,1,L21+L22,SANJEEV JAKHAR,
BMEE306L,Computer Aided Design and Fi,TH,3,A1+TA1,TAPAN KUMAR MAHA,
BMEE306L,Computer Aided Design and Fi,TH,3,A1+TA1,BHASKARA RAO,
BMEE306L,Computer Aided Design and Fi,TH,3,A2+TA2,DAVIDSON JEBASEELA,
BMEE306L,Computer Aided Design and Fi,TH,3,A2+TA2,LAKSHMI PATHI JAKKA,
BMEE306P,Computer Aided Design and Fi,LO,1,L37+L38,TAPAN KUMAR MAHA,
BMEE306P,Computer Aided Design and Fi,LO,1,L37+L38,BHASKARA RAO,
BMEE306P,Computer Aided Design and Fi,LO,1,L9+L10,DAVIDSON JEBASEELA,
BMEE306P,Computer Aided Design and Fi,LO,1,L9+L10,LAKSHMI PATHI JAKKA,
BMEE308P,Microcontrollers and Interfaci,LO,1,L31+L32,ELANGO M,
BMEE308P,Microcontrollers and Interfaci,LO,1,L37+L38,ELANGO M,
BMEE308P,Microcontrollers and Interfaci,LO,1,L43+L44,N.GOBINATH,
BMEE308P,Microcontrollers and Interfaci,LO,1,L49+L50,N.GOBINATH,
BMEE308P,Microcontrollers and Interfaci,LO,1,L3+L4,BALAJI B,
BMEE308P,Microcontrollers and Interfaci,LO,1,L7+L8,BALAJI B,
BMEE308P,Microcontrollers and Interfaci,LO,1,L19+L20,SHENBAGA VELU P,
BMEE308P,Microcontrollers and Interfaci,LO,1,L25+L26,SHENBAGA VELU P,
BMEE310L,Supply Chain Management,TH,3,G1+TG1,DEIVANATHAN R,
BMEE310L,Supply Chain Management,TH,3,G1+TG1,AVADHESH KUMAR SH,
BMEE310L,Supply Chain Management,TH,3,G2+TG2,DEIVANATHAN R,
BMEE313E,Non-destructive Testing,ETH,3,D1+TD1,MRUTYUNJAY PANIGR,
BMEE313E,Non-destructive Testing,ELA,1,L31+L32,MRUTYUNJAY PANIGR,
BMEE313E,Non-destructive Testing,ELA,1,L11+L12,MRUTYUNJAY PANIGR,
BMEE322L,Engineering Failure Analysis,TH,3,F1+TF1,ANNAMALAI K,
BMEE327E,Vehicle Dynamics,ETH,2,E1,LENIN BABU M C,
BMEE327E,Vehicle Dynamics,ELA,1,L11+L12,LENIN BABU M C,
BMEE327E,Vehicle Dynamics,ELA,1,L5+L6,LENIN BABU M C,
BMEE328E,Hybrid and Electric Vehicles Te,ETH,2,G1,VENUGOPAL T,
BMEE328E,Hybrid and Electric Vehicles Te,ELA,1,L11+L12,VENUGOPAL T,
BMEE328E,Hybrid and Electric Vehicles Te,ELA,1,L5+L6,VENUGOPAL T,
BMEE330L,Control Systems,TH,3,E1+TE1,N.GOBINATH,
BMEE330L,Control Systems,TH,3,E1+TE1,ELANGO M,
BMEE330L,Control Systems,TH,3,E2+TE2,BALAJI B,
BMEE330L,Control Systems,TH,3,E2+TE2,SHENBAGA VELU P,
BMEE402L,Heat and Mass Transfer,TH,3,B1+TB1,KARUNAMURTHY K,
BMEE402L,Heat and Mass Transfer,TH,3,B1+TB1,PRITAM DAS,
BMEE402L,Heat and Mass Transfer,TH,3,B2+TB2,HARISH R,
BMEE402L,Heat and Mass Transfer,TH,3,B2+TB2,SAURABH YADAV,
BMEE402P,Heat and Mass Transfer Lab,LO,1,L49+L50,KARUNAMURTHY K,
BMEE402P,Heat and Mass Transfer Lab,LO,1,L55+L56,KARUNAMURTHY K,
BMEE402P,Heat and Mass Transfer Lab,LO,1,L23+L24,PRITAM DAS,
BMEE402P,Heat and Mass Transfer Lab,LO,1,L29+L30,PRITAM DAS,
BMEE402P,Heat and Mass Transfer Lab,LO,1,L15+L16,HARISH R,
BMEE402P,Heat and Mass Transfer Lab,LO,1,L3+L4,HARISH R,
BMEE402P,Heat and Mass Transfer Lab,LO,1,L21+L22,SAURABH YADAV,
BMEE402P,Heat and Mass Transfer Lab,LO,1,L7+L8,SAURABH YADAV,
BMEE404L,Design of Transmission System,TH,3,F1+TF1,ANSHUMAN DAS,
BMEE404L,Design of Transmission System,TH,3,F2+TF2,KRISHANU GANGULY,
BMEE407L,Artificial Intelligence,TH,3,F2+TF2,DEVAPRAKASAM D,
BMEE414L,Vehicle Body and Aerodynami,TH,3,E2+TE2,SHYAM KUMAR M B,
BMEE418L,Materials for Electric and Hybr,TH,3,D1+TD1,JEYANTHI S,
BMEE498J,Project-II / Internship,PJT,5,NIL,ACAD FACULTY,
BMEE498J,Project-II / Internship,PJT,5,NIL,PAT,
BMHA202L,Manufacturing Processes,TH,3,F1+TF1,SENTHIL KUMAR M,
BMHA202L,Manufacturing Processes,TH,3,F1+TF1,AYUB AHMED JANVEK,
BMHA202L,Manufacturing Processes,TH,3,F2+TF2,SENTHIL KUMAR M,
BMHA202P,Manufacturing Processes Lab,LO,1,L31+L32,AYUB AHMED JANVEK,
BMHA202P,Manufacturing Processes Lab,LO,1,L37+L38,AYUB AHMED JANVEK,
BMHA202P,Manufacturing Processes Lab,LO,1,L43+L44,SENTHIL KUMAR M,
BMHA202P,Manufacturing Processes Lab,LO,1,L49+L50,SENTHIL KUMAR M,
BMHA202P,Manufacturing Processes Lab,LO,1,L3+L4,SENTHIL KUMAR M,
BMHA202P,Manufacturing Processes Lab,LO,1,L9+L10,SENTHIL KUMAR M,
BMHA203L,Sensors and Instrumentation,TH,3,E1+TE1,PRABHAKAR KUSHWA,
BMHA203L,Sensors and Instrumentation,TH,3,E2+TE2,SUGUMARAN,
BMHA203P,Sensors and Instrumentation L,LO,1,L31+L32,PRABHAKAR KUSHWA,
BMHA203P,Sensors and Instrumentation L,LO,1,L43+L44,PRABHAKAR KUSHWA,
BMHA203P,Sensors and Instrumentation L,LO,1,L3+L4,SUGUMARAN,
BMHA203P,Sensors and Instrumentation L,LO,1,L7+L8,SUGUMARAN,
BMHA204L,Microprocessors and Microcontrollers,TH,2,G2,VIGNESWARAN T,
BMHA204L,Microprocessors and Microcontrollers,TH,2,G1,VIGNESWARAN T,
BMHA204P,Microprocessors and Microcontrollers,LO,1,L49+L50,VIGNESWARAN T,
BMHA204P,Microprocessors and Microcontrollers,LO,1,L49+L50,RAHUL NARASIMHAN,
BMHA204P,Microprocessors and Microcontrollers,LO,1,L27+L28,VIGNESWARAN T,
BMHA204P,Microprocessors and Microcontrollers,LO,1,L27+L28,RAHUL NARASIMHAN,
BMHA302L,Industrial Automation,TH,3,D1+TD1,SAKTHIVEL G,
BMHA302L,Industrial Automation,TH,3,D2+TD2,MECHNEWFACULTY2,
BMHA302P,Industrial Automation Lab,LO,1,L23+L24,SAKTHIVEL G,
BMHA302P,Industrial Automation Lab,LO,1,L33+L34,SAKTHIVEL G,
BMHA302P,Industrial Automation Lab,LO,1,L11+L12,MECHNEWFACULTY2,
BMHA302P,Industrial Automation Lab,LO,1,L13+L14,MECHNEWFACULTY2,
BMHA303L,Industrial Robotics,TH,3,B1+TB1,ABHISHEK,
BMHA303L,Industrial Robotics,TH,3,B2+TB2,AROCKIA SELVAKUMA,
BMHA303P,Industrial Robotics Lab,LO,1,L45+L46,ABHISHEK,
BMHA303P,Industrial Robotics Lab,LO,1,L5+L6,ABHISHEK,
BMHA303P,Industrial Robotics Lab,LO,1,L29+L30,AROCKIA SELVAKUMA,
BMHA303P,Industrial Robotics Lab,LO,1,L15+L16,AROCKIA SELVAKUMA,
BMHA311L,Additive Manufacturing,TH,3,E1+TE1,JAFFERSON J M,
BMHA312L,Control Systems,TH,3,C1+TC1,SARAVANAKUMAR D,
BMHA312L,Control Systems,TH,3,C2+TC2,KRISHNA PRAKASH YA,
BMHA313E,Driver Assistance Systems and,ETH,2,G2,G MURALIMOHAN,
BMHA313E,Driver Assistance Systems and,ELA,1,L5+L6,G MURALIMOHAN,
BMHA313E,Driver Assistance Systems and,ELA,1,L35+L36,G MURALIMOHAN,
BMHA401L,Computer Integrated Manufac,TH,2,A1,BHUPESH SINGH KATI,
BMHA401L,Computer Integrated Manufac,TH,2,A2,GAJANAND GUPTA,
BMHA401P,Computer Integrated Manufac,LO,1,L37+L38,BHUPESH SINGH KATI,
BMHA401P,Computer Integrated Manufac,LO,1,L15+L16,GAJANAND GUPTA,
BMHA404L,Biomechatronics,TH,3,E2+TE2,ABHISHEK,
BMHA408E,Unmanned Aerial Vehicles,ETH,2,G1,KRISHNA PRAKASH YA,
BMHA408E,Unmanned Aerial Vehicles,ELA,1,L29+L30,KRISHNA PRAKASH YA,
BMHA408E,Unmanned Aerial Vehicles,ELA,1,L57+L58,KRISHNA PRAKASH YA,
BMHA498J,Project-II / Internship,PJT,5,NIL,ACAD FACULTY,
BMHA498J,Project-II / Internship,PJT,5,NIL,PAT,
MAUE605L,Vehicle Aerodynamics,TH,3,F2+TF2,VINAYAGAMURTHY G,
MCDM506,Advanced Vibration Engineeri,TH,3,G2+TG2,LENIN BABU M C,
MCDM608,Computational Fluid Dynamics,TH,3,B2+TB2,SIVAKUMAR R,
MCDM608,Computational Fluid Dynamics,LO,1,L9+L10,SIVAKUMAR R,
MCDM612,Advanced Manufacturing Tech,TH,3,D2+TD2,MOHAN R,
MCDM699,Internship II/ Dissertation II,PJT,12,NIL,ACAD FACULTY,
MCDM699,Internship II/ Dissertation II,PJT,12,NIL,PAT,
MMAE503,Additive Manufacturing Techn,TH,3,C2+TC2,DR.PADMANABHAN R,
MMAE503,Additive Manufacturing Techn,LO,1,L13+L14,DR.PADMANABHAN R,
MMHA506,Advanced Control Systems,TH,3,G2+TG2,PRABHAKAR KUSHWA,
MMHA507,Industrial Process Automation,TH,2,C2,ELANGO M,
MMHA507,Industrial Process Automation,LO,1,L27+L28,ELANGO M,
MMHA601,Machine Vision Systems,TH,3,F2+TF2,MOGANA PRIYA C,
MMHA611,Bio-Mechatronics,TH,3,D2+TD2,G MURALIMOHAN,
MMHA612,Internet of Things and Smart,TH,3,B2+TB2,SIVARAJAN S,
MMHA699,Internship II/ Dissertation II,PJT,12,NIL,ACAD FACULTY,
MMHA699,Internship II/ Dissertation II,PJT,12,NIL,PAT,
ARB1001,Arabic for Beginners,TH,3,A2+TA2,TAPAN KUMAR MAHA,
BENG101L,Technical English Communication,TH,2,G1,SREEKALA U,
BENG101L,Technical English Communication,TH,2,G2,JOHN VINCENT A,
BENG101L,Technical English Communication,TH,2,D1,BHUVANESHWARI P,
BENG101L,Technical English Communication,TH,2,D2,GEROME KARTHIC KU,
BENG101P,Technical English Communication,LO,1,L11+L12,SREEKALA U,
BENG101P,Technical English Communication,LO,1,L41+L42,JOHN VINCENT A,
BENG101P,Technical English Communication,LO,1,L29+L30,BHUVANESHWARI P,
BENG101P,Technical English Communication,LO,1,L41+L42,GEROME KARTHIC KU,
BENG102P,Technical Report Writing,LO,1,L29+L30,AJITH I,
BENG102P,Technical Report Writing,LO,1,L49+L50,DIVYA,
BENG102P,Technical Report Writing,LO,1,L25+L26,DIVYA,
BENG102P,Technical Report Writing,LO,1,L13+L14,S VIJAYALAKSHMI,
BENG102P,Technical Report Writing,LO,1,L45+L46,DEVI MEENAKSHI,
BENG102P,Technical Report Writing,LO,1,L5+L6,ALAMELU C,
BENG102P,Technical Report Writing,LO,1,L5+L6,RAJITHA K,
BENG102P,Technical Report Writing,LO,1,L11+L12,RAJITHA K,
BENG102P,Technical Report Writing,LO,1,L29+L30,ALAN G,
BENG102P,Technical Report Writing,LO,1,L37+L38,ALAMELU C,
BENG102P,Technical Report Writing,LO,1,L43+L44,PATCHAINAYAGI S,
BENG102P,Technical Report Writing,LO,1,L33+L34,HASEENA NAJI,
BENG102P,Technical Report Writing,LO,1,L39+L40,SIVAKAMI B,
BENG102P,Technical Report Writing,LO,1,L49+L50,SIVAKAMI B,
BENG102P,Technical Report Writing,LO,1,L51+L52,GANESH NAGARAO CH,
BENG102P,Technical Report Writing,LO,1,L55+L56,RASHMI REKHA BORA,
BENG102P,Technical Report Writing,LO,1,L53+L54,AKAITAB MUKHERJEE,
BENG102P,Technical Report Writing,LO,1,L11+L12,AJITH I,
BENG102P,Technical Report Writing,LO,1,L23+L24,RASHMI REKHA BORA,
BENG102P,Technical Report Writing,LO,1,L31+L32,RASHMI REKHA BORA,
BENG102P,Technical Report Writing,LO,1,L33+L34,MANALI KARMAKAR,
BENG102P,Technical Report Writing,LO,1,L37+L38,PREETHA R,
BENG102P,Technical Report Writing,LO,1,L39+L40,AKAITAB MUKHERJEE,
BENG102P,Technical Report Writing,LO,1,L43+L44,AKAITAB MUKHERJEE,
BENG102P,Technical Report Writing,LO,1,L55+L56,CHITHRA G K,
BENG102P,Technical Report Writing,LO,1,L1+L2,JAISHREE KARTHIGA R,
BENG102P,Technical Report Writing,LO,1,L3+L4,CHITHRA G K,
BENG102P,Technical Report Writing,LO,1,L7+L8,HASEENA NAJI,
BENG102P,Technical Report Writing,LO,1,L9+L10,AKAITAB MUKHERJEE,
BENG102P,Technical Report Writing,LO,1,L13+L14,VIJAYALAKSHMI V,
BENG102P,Technical Report Writing,LO,1,L15+L16,SREEKALA U,
BENG102P,Technical Report Writing,LO,1,L19+L20,SUBBU LAKSHMI M,
BENG102P,Technical Report Writing,LO,1,L21+L22,DIVYA,
BENG102P,Technical Report Writing,LO,1,L25+L26,PREETHA R,
BENG102P,Technical Report Writing,LO,1,L27+L28,RAJITHA K,
BENG102P,Technical Report Writing,LO,1,L35+L36,SAMIK MALLA,
BENG102P,Technical Report Writing,LO,1,L47+L48,GANESH NAGARAO CH,
BENG102P,Technical Report Writing,LO,1,L1+L2,PATCHAINAYAGI S,
BENG102P,Technical Report Writing,LO,1,L3+L4,ANUJA RAJ,
BENG102P,Technical Report Writing,LO,1,L7+L8,ANUJA RAJ,
BENG102P,Technical Report Writing,LO,1,L9+L10,SAMIK MALLA,
BENG102P,Technical Report Writing,LO,1,L13+L14,PREETHA R,
BENG102P,Technical Report Writing,LO,1,L15+L16,MARZIYA BEGUM S,
BENG102P,Technical Report Writing,LO,1,L19+L20,VIJAYALAKSHMI V,
BENG102P,Technical Report Writing,LO,1,L21+L22,SAMIK MALLA,
BENG102P,Technical Report Writing,LO,1,L25+L26,JOHN VINCENT A,
BENG102P,Technical Report Writing,LO,1,L27+L28,DAISY GOHAIN,
BENG102P,Technical Report Writing,LO,1,L5+L6,AJITH I,
BENG102P,Technical Report Writing,LO,1,L23+L24,ALAMELU C,
BENG102P,Technical Report Writing,LO,1,L39+L40,RAJASEKARAN V,
BENG102P,Technical Report Writing,LO,1,L31+L32,DEVI MEENAKSHI,
BENG102P,Technical Report Writing,LO,1,L37+L38,RASHMI REKHA BORA,
BENG102P,Technical Report Writing,LO,1,L43+L44,MANALI KARMAKAR,
BENG102P,Technical Report Writing,LO,1,L49+L50,SAMIK MALLA,
BENG102P,Technical Report Writing,LO,1,L55+L56,DAISY GOHAIN,
BENG102P,Technical Report Writing,LO,1,L11+L12,SIVAKAMI B,
BENG102P,Technical Report Writing,LO,1,L37+L38,DIVYA,
BENG102P,Technical Report Writing,LO,1,L49+L50,JAISHREE KARTHIGA R,
BENG102P,Technical Report Writing,LO,1,L55+L56,SIVAKAMI B,
BENG102P,Technical Report Writing,LO,1,L33+L34,AKAITAB MUKHERJEE,
BENG102P,Technical Report Writing,LO,1,L31+L32,PREETHA R,
BENG102P,Technical Report Writing,LO,1,L1+L2,PREETHA R,
BENG102P,Technical Report Writing,LO,1,L9+L10,DAVID PAUL S,
BENG102P,Technical Report Writing,LO,1,L13+L14,SREEKALA U,
BENG102P,Technical Report Writing,LO,1,L21+L22,SATHVIKA R,
BENG102P,Technical Report Writing,LO,1,L25+L26,DEVI MEENAKSHI,
BENG102P,Technical Report Writing,LO,1,L35+L36,GANESH NAGARAO CH,
BENG102P,Technical Report Writing,LO,1,L59+L60,GEROME KARTHIC KU,
BENG102P,Technical Report Writing,LO,1,L3+L4,VIJAYALAKSHMI V,
BENG102P,Technical Report Writing,LO,1,L7+L8,GANESH NAGARAO CH,
BENG102P,Technical Report Writing,LO,1,L19+L20,RAJASEKARAN V,
BENG102P,Technical Report Writing,LO,1,L15+L16,SUBBU LAKSHMI M,
BENG102P,Technical Report Writing,LO,1,L25+L26,S VIJAYALAKSHMI,
BENG102P,Technical Report Writing,LO,1,L27+L28,PATCHAINAYAGI S,
BENG102P,Technical Report Writing,LO,1,L41+L42,AJITH I,
BENG102P,Technical Report Writing,LO,1,L47+L48,DAVID PAUL S,
BENG102P,Technical Report Writing,LO,1,L11+L12,SUBBU LAKSHMI M,
BENG102P,Technical Report Writing,LO,1,L23+L24,PREETHA R,
BENG102P,Technical Report Writing,LO,1,L31+L32,SUBBU LAKSHMI M,
BENG102P,Technical Report Writing,LO,1,L43+L44,CHITHRA G K,
BENG102P,Technical Report Writing,LO,1,L55+L56,HASEENA NAJI,
BENG102P,Technical Report Writing,LO,1,L39+L40,ALAN G,
BENG102P,Technical Report Writing,LO,1,L51+L52,ALAN G,
BENG102P,Technical Report Writing,LO,1,L1+L2,ALAN G,
BENG102P,Technical Report Writing,LO,1,L9+L10,JAISHREE KARTHIGA R,
BENG102P,Technical Report Writing,LO,1,L15+L16,HASEENA NAJI,
BENG102P,Technical Report Writing,LO,1,L19+L20,JAISHREE KARTHIGA R,
BENG102P,Technical Report Writing,LO,1,L41+L42,DAVID PAUL S,
BENG102P,Technical Report Writing,LO,1,L29+L30,SATHVIKA R,
BENG102P,Technical Report Writing,LO,1,L37+L38,VIJAYALAKSHMI V,
BENG102P,Technical Report Writing,LO,1,L49+L50,HASEENA NAJI,
BENG102P,Technical Report Writing,LO,1,L33+L34,ALAN G,
BENG102P,Technical Report Writing,LO,1,L39+L40,DAISY GOHAIN,
BENG102P,Technical Report Writing,LO,1,L45+L46,JAISHREE KARTHIGA R,
BENG102P,Technical Report Writing,LO,1,L51+L52,SATHVIKA R,
BENG102P,Technical Report Writing,LO,1,L3+L4,SUBBU LAKSHMI M,
BENG102P,Technical Report Writing,LO,1,L7+L8,DEVI MEENAKSHI,
BENG102P,Technical Report Writing,LO,1,L15+L16,RASHMI REKHA BORA,
BENG102P,Technical Report Writing,LO,1,L21+L22,BHUVANESWARI G,
BENG102P,Technical Report Writing,LO,1,L27+L28,SIVAKAMI B,
BENG102P,Technical Report Writing,LO,1,L47+L48,SAMIK MALLA,
BESP101L,Spanish I,TH,2,G1,SAVARIAH XAVIER Y C,
BESP101L,Spanish I,TH,2,G1,KISHORE SANTHANAM,
BESP101L,Spanish I,TH,2,G2,SAVARIAH XAVIER Y C,
BESP101L,Spanish I,TH,2,B1,SAVARIAH XAVIER Y C,
BESP101L,Spanish I,TH,2,B2,SAVARIAH XAVIER Y C,
BFRE101L,French I,TH,2,G1,GOVINDARAJAN P,
BFRE101L,French I,TH,2,G1,CLARISSE ROUABAH,
BFRE101L,French I,TH,2,G1,THANI THAMIZHARASI,
BFRE101L,French I,TH,2,G2,GOVINDARAJAN P,
BFRE101L,French I,TH,2,G2,THANI THAMIZHARASI,
BFRE101L,French I,TH,2,B1,THANI THAMIZHARASI,
BFRE101L,French I,TH,2,B1,CLARISSE ROUABAH,
BFRE101L,French I,TH,2,B2,GOVINDARAJAN P,
BGRE101L,MODERN GREEK,TH,2,G1,JAMUNARANI M,
BGRE101L,MODERN GREEK,TH,2,G1,SUGUMAR G,
BGRE101L,MODERN GREEK,TH,2,G2,SUGUMAR G,
BGRE101L,MODERN GREEK,TH,2,B1,SUGUMAR G,
BGRE101L,MODERN GREEK,TH,2,B1,RANGANATHAN MANI,
BGRE101L,MODERN GREEK,TH,2,B2,JAMUNARANI M,
BHUM101N,Ethics and Values,OC,2,NIL,PREETHA R,
BHUM101N,Ethics and Values,OC,2,NIL,DAISY GOHAIN,
BHUM101N,Ethics and Values,OC,2,NIL,SUBBU LAKSHMI M,
BHUM101N,Ethics and Values,OC,2,NIL,HASEENA NAJI,
BHUM101N,Ethics and Values,OC,2,NIL,JAISHREE KARTHIGA R,
BHUM101N,Ethics and Values,OC,2,NIL,SAMIK MALLA,
BHUM101N,Ethics and Values,OC,2,NIL,GANESH NAGARAO CH,
BHUM101N,Ethics and Values,OC,2,NIL,DIVYA,
BHUM101N,Ethics and Values,OC,2,NIL,VINEETH,
BHUM101N,Ethics and Values,OC,2,NIL,CHITHRA G K,
BHUM101N,Ethics and Values,OC,2,NIL,DEVI MEENAKSHI,
BHUM101N,Ethics and Values,OC,2,NIL,AKAITAB MUKHERJEE,
BHUM101N,Ethics and Values,OC,2,NIL,MANALI KARMAKAR,
BHUM101N,Ethics and Values,OC,2,NIL,RASHMI REKHA BORA,
BHUM106L,PRINCIPLES OF SOCIOLOGY,TH,3,F1+TF1,TIWARI MAHALAXMI S,
BHUM106L,PRINCIPLES OF SOCIOLOGY,TH,3,E2+TE2,VIJAYALAKSHMI V,
BHUM107L,SUSTAINABILITY AND SOCIETY,TH,3,G1+TG1,SWATI,
BHUM107L,SUSTAINABILITY AND SOCIETY,TH,3,F2+TF2,SWATI,
BHUM108L,URBAN COMMUNITY DEVELO,TH,3,A1+TA1,BINU SAHAYAM D,
BHUM108L,URBAN COMMUNITY DEVELO,TH,3,E1+TE1,ROOPESH O B,
BHUM109L,SOCIAL WORK AND SUSTAINA,TH,3,B1+TB1,BINU SAHAYAM D,
BHUM109L,SOCIAL WORK AND SUSTAINA,TH,3,E2+TE2,BINU SAHAYAM D,
BHUM110E,Cognitive Psychology,ETH,2,F1,SABESAN S,
BHUM110E,Cognitive Psychology,ELA,1,L11+L12,SABESAN S,
BHUM110E,Cognitive Psychology,ETH,2,B2,SUBASREE V,
BHUM110E,Cognitive Psychology,ELA,1,L23+L24,SUBASREE V,
BHUM110E,Cognitive Psychology,ETH,2,C1,SHEETAL NARAYAN M,
BHUM110E,Cognitive Psychology,ELA,1,L29+L30,SHEETAL NARAYAN M,
BHUM201L,Mass Communication,TH,3,A1+TA1,ROOPESH O B,
BHUM202L,Rural Development,TH,3,A2+TA2,TIWARI MAHALAXMI S,
BHUM203L,Introduction to Psychology,TH,3,B1+TB1,MAYA RATHNASABAP,
BHUM203L,Introduction to Psychology,TH,3,B2+TB2,VIJAYABANU U,
BHUM203L,Introduction to Psychology,TH,3,G1+TG1,SHEETAL NARAYAN M,
BHUM204L,Industrial Psychology,TH,3,C1+TC1,MAYA RATHNASABAP,
BHUM214L,Political Science,TH,3,G1+TG1,JUSTIN JOSEPH,
BHUM216L,Indian Culture and Heritage,TH,3,E2+TE2,FRANCIS KULANDAI R,
BHUM217L,Contemporary India,TH,3,F1+TF1,ROOPESH O B,
BHUM230L,Health Humanities in Biotechn,TH,3,G1+TG1,MANALI KARMAKAR,
BHUM232L,Introduction to Sustainable Ag,TH,3,D1+TD1,MANALI KARMAKAR,
BHUM234L,Indian Psychology,TH,3,D2+TD2,VIJAYABANU U,
BHUM235E,Psychology of Wellness,ETH,2,E1,VIJAYABANU U,
BHUM235E,Psychology of Wellness,ELA,1,L23+L24,VIJAYABANU U,
BJAP101L,Japanese I,TH,2,G1,YUKINO KRISHNA,
BJAP101L,Japanese I,TH,2,G2,YUKINO KRISHNA,
BJAP101L,Japanese I,TH,2,B1,YUKINO KRISHNA,
BMGT108L,Entrepreneurship,TH,3,G1+TG1,SASIKUMAR M,
BSSC101N,Essence of Traditional Knowle,OC,2,NIL,TIWARI MAHALAXMI S,
BSSC101N,Essence of Traditional Knowle,OC,2,NIL,VIJAYALAKSHMI V,
BSSC101N,Essence of Traditional Knowle,OC,2,NIL,BINU SAHAYAM D,
BSSC101N,Essence of Traditional Knowle,OC,2,NIL,SWATI,
BSSC101N,Essence of Traditional Knowle,OC,2,NIL,ROOPESH O B,
BSSC101N,Essence of Traditional Knowle,OC,2,NIL,ARUN KUMAR G,
BSSC101N,Essence of Traditional Knowle,OC,2,NIL,JUSTIN JOSEPH,
BSSC101N,Essence of Traditional Knowle,OC,2,NIL,SHALINA SUSAN MAT,
BSSC101N,Essence of Traditional Knowle,OC,2,NIL,SATHIS KUMAR G,
BSSC101N,Essence of Traditional Knowle,OC,2,NIL,ALLI P,
BSSC101N,Essence of Traditional Knowle,OC,2,NIL,PARAMASIVAM R,
BSSC101N,Essence of Traditional Knowle,OC,2,NIL,VIJAYABANU U,
BSSC101N,Essence of Traditional Knowle,OC,2,NIL,SHEETAL NARAYAN M,
BSSC102N,Indian Constitution,OC,2,NIL,NEWFACULTY,
ENG1012,Communicative English,LO,2,L37+L38+L49+L50,BHUVANESWARI G,
IENG102P,Technical Report Writing,LO,1,L43+L44,RAJITHA K,
IENG102P,Technical Report Writing,LO,1,L23+L24,BHUVANESHWARI P,
IENG102P,Technical Report Writing,LO,1,L13+L14,DIVYA,
IENG102P,Technical Report Writing,LO,1,L49+L50,RAJITHA K,
IENG102P,Technical Report Writing,LO,1,L3+L4,RAJASEKARAN V,
TAPS103L,Cognitive Psychology,TH,3,B1+TB1,VIJAYABANU U,
TAPS103P,Cognitive Psychology Practicu,LO,2,L31+L32+L43+L44,SHEETAL NARAYAN M,
TAPS104L,Biological Psychology,TH,3,A1+TA1,MAYA RATHNASABAP,
TAPS104P,Biological Psychology Practicu,LO,2,L37+L38+L49+L50,SHEETAL NARAYAN M,
TAPS106L,Work Place Psychology,TH,3,D1+TD1,SABESAN S,
TAPS108E,Emotional Intelligence,ETH,1,TF1,SUBASREE V,
TAPS108E,Emotional Intelligence,ELA,1,L55+L56,SUBASREE V,
UECH103L,Mathematics for Economics,TH,4,D1+TD1+TDD1,MUTHUNAGAI,
UECH106L,Microeconomics II,TH,4,B1+TB1+TBB1,SATHIS KUMAR G,
UECH109L,Research Methodology,TH,4,A1+TA1+TAA1,ALLI P,
UENG102L,Technical English Communication,TH,2,C1,MARZIYA BEGUM S,
UFRE102L,French,TH,3,B1+TB1,GOVINDARAJAN P,
UFRE102L,French,TH,3,D1+TD1,CLARISSE ROUABAH,
UGER101L,German,TH,3,B1+TB1,JAMUNARANI M,
UGER101L,German,TH,3,D1+TD1,SUGUMAR G,
UHUM102L,Company Secretarial Practice,TH,3,G1+TG1,VITBS FACULTY2,
UTAM102L,TAMIL,TH,3,B1+TB1,T PASUPATHY,
UTAM102L,TAMIL,TH,3,D1+TD1,T PASUPATHY,
BFST101E,Foundation for Design,ETH,2,G1,RAJESH KUMAR K,
BFST101E,Foundation for Design,ELA,1,L37+L38,RAJESH KUMAR K,
BFST103L,Apparel Machineries,TH,3,A1+TA1,RATHINAMOORTHY R,
BFST103P,Apparel Machineries Lab,LO,1,L23+L24,RATHINAMOORTHY R,
BFST104L,Fashion Studies,TH,3,E1+TE1,SAROJ K M,
BFST105L,Couture Techniques,TH,3,C1+TC1,APARNA GOVIND,
BFST105P,Couture Techniques Lab,LO,1,L23+L24,APARNA GOVIND,
BFST201P,Fashion Illustration,LO,3,L11+L12+L33+L34+L55+L56,SAROJ K M,
BFST202L,Yarn Manufacturing,TH,3,E1+TE1,SELVAKUMAR,
BFST202P,Yarn Manufacturing Lab,LO,1,L5+L6,SELVAKUMAR,
BFST203P,Kid’s and Men’s Wear,LO,4,L37+L38+L39+L40+L49+L50+L51+L52,BHUVANESHWARI,
BFST211L,Fashion Merchandising and M,TH,3,B1+TB1,RATHINAMOORTHY R,
BFST305L,Industrial Engineering in Appa,TH,4,A1+TA1+TAA1,N.GAYATHRI,
BFST401L,Textile Processing and Finishin,TH,3,D1+TD1,SELVAKUMAR,
BFST401P,Textile Processing and Finishin,LO,1,L37+L38,SELVAKUMAR,
BFST402L,Fabric Structure and Design An,TH,3,F1+TF1,PALANI RAJAN T,
BFST402P,Fabric Structure and Design An,LO,1,L31+L32,PALANI RAJAN T,
BFST403P,Computer Aided Garment Des,LO,3,L5+L6+L29+L30+L49+L50,APARNA GOVIND,
BFST405P,Fashion Design Portfolio,LO,3,L15+L16+L19+L20+L27+L28,APARNA GOVIND,
BFST498J,Project-II / Internship,PJT,5,NIL,ACAD FACULTY,
FSD1004,Pattern making Fundamentals,ETH,2,F1,JESICA ROSHIMA,
FSD1004,Pattern making Fundamentals,ELA,2,L5+L6+L23+L24,JESICA ROSHIMA,
FSD1005,Apparel Manufacturing,ETH,2,E1,VASANTH KUMAR,
FSD1005,Apparel Manufacturing,ELA,2,L11+L12+L29+L30,VASANTH KUMAR,
FSD2002,Advanced Fashion Illustration,LO,3,L21+L22+L31+L32+L43+L44,MAANVIZHI M,
FSD2003,Children's wear and Women's,LO,4,L31+L32+L33+L34+L55+L56+L57+L58,RAJESH KUMAR K,
FSD2005,Surface Ornamentation,ETH,3,B1+TB1,BANUMATHY S,
FSD2005,Surface Ornamentation,ELA,1,L55+L56,BANUMATHY S,
FSD2007,Accessories Designing and Ma,ETH,2,D1,SAROJ K M,
FSD2007,Accessories Designing and Ma,EPJ,1,NIL,SAROJ K M,
FSD2009,Fashion Concepts,TH,3,C1+TC1,BHUVANESHWARI,
FSD2019,Costume Designing,ETH,3,D1+TD1,MAANVIZHI M,
FSD2019,Costume Designing,EPJ,1,NIL,MAANVIZHI M,
FSD2022,Fashion styling and make up,TH,3,C1+TC1,JESICA ROSHIMA,
FSD2026,Fashion Marketing and Manag,TH,3,A1+TA1,BANUMATHY S,
FSD3004,Computer Aided Designing,ETH,2,E1,S.VINUSOWNDARYA,
FSD3004,Computer Aided Designing,ELA,2,L23+L24+L45+L46,S.VINUSOWNDARYA,
FSD3004,Computer Aided Designing,ELA,2,L39+L40+L43+L44,S.VINUSOWNDARYA,
FSD3005,Textile and Apparel Testing,ETH,2,G1,N.GAYATHRI,
FSD3005,Textile and Apparel Testing,ELA,2,L37+L38+L49+L50,N.GAYATHRI,
MMA3099,Capstone Project,PJT,12,NIL,ACAD FACULTY,
BHUM103L,Micro Economics,TH,3,C1+TC1,JAYARAJ R,
BHUM103L,Micro Economics,TH,3,B2+TB2,ARUNA R,
BHUM104L,Macro Economics,TH,3,D1+TD1,SHALINA SUSAN MAT,
BHUM104L,Macro Economics,TH,3,C2+TC2,PARAMASIVAM R,
BHUM105L,PUBLIC POLICY AND ADMINIST,TH,3,E1+TE1,JUSTIN JOSEPH,
BHUM105L,PUBLIC POLICY AND ADMINIST,TH,3,D2+TD2,ARUN KUMAR G,
BHUM205L,Development Economics,TH,3,C2+TC2,SHALINA SUSAN MAT,
BHUM206L,International Economics,TH,3,D1+TD1,JAYARAJ R,
BHUM209L,Game Theory,TH,3,G1+TG1,ALLI P,
BHUM211L,Behavioral Economics,TH,3,D2+TD2,SATHIS KUMAR G,
BHUM215L,International Relations,TH,3,E1+TE1,IGNATIUS PRABHAKAR,
BHUM218L,Financial Management,TH,3,G1+TG1,VITBS FACULTY3,
BHUM218L,Financial Management,TH,3,F2+TF2,MARIA EVELYN JUCUN,
BHUM219L,Principles of Accounting,TH,3,G2+TG2,RAVICHANDRAN K K,
BHUM220L,Financial Markets and Instituti,TH,3,A1+TA1,MANU JOSE,
BHUM222L,Security Analysis and Portfolio,TH,3,A2+TA2,MUHAMMED SHAFI M,
BHUM225L,Personal Finance,TH,3,B1+TB1,VITBS FACULTY2,
BHUM225L,Personal Finance,TH,3,B2+TB2,VITBS FACULTY2,
BIT1026,"Food, Nutrition and Health",TH,3,D2+TD2,KALI KISHORE REDDY,
BIT1032,Cell Biology and Biochemistry,TH,4,S3+S4+TBB2+TG2,VELLOREFACULTY1,
BMGT102L,Human Resource Managemen,TH,3,B1+TB1,PRAVEEN KAKADA,
BMGT102L,Human Resource Managemen,TH,3,D2+TD2,REKHAPRIYADHARSHI,
BMGT103L,Organizational Behavior,TH,3,C1+TC1,PRAVEEN KAKADA,
BMGT106L,Digital Marketing,TH,3,F1+TF1,ARSHIYA FATHIMA M,
BMGT106L,Digital Marketing,TH,3,B2+TB2,SUDHEER MUHAMME,
BMGT106L,Digital Marketing,TH,3,E2+TE2,VITBS FACULTY1,
BMGT107L,Business Analytics,TH,3,D1+TD1,ANBUMATHI R,
BMGT107L,Business Analytics,TH,3,G1+TG1,REEVES WESLEY J,
BMGT107L,Business Analytics,TH,3,A2+TA2,PADMAVATHY C,
BMGT107L,Business Analytics,TH,3,F2+TF2,BALAJI J,
BMT1010,Research Methods for Manag,ETH,2,G1,THANGARAJA ARUMU,
BMT1010,Research Methods for Manag,EPJ,1,NIL,THANGARAJA ARUMU,
BMT1014,Managing Personal Finance,ETH,2,D1,MANU JOSE,
BMT1014,Managing Personal Finance,EPJ,1,NIL,MANU JOSE,
BMT1023,Project Management,TH,3,C2+TC2,VADIVEL S M,
BMT1036,Introduction to Business Analy,ELA,1,L11+L12,PADMAVATHY C,
BMT1036,Introduction to Business Analy,ETH,2,B1,PADMAVATHY C,
BMT1039,Business Ethics and Corporate,TH,3,B1+TB1,MEENAKSHI,
BMT2003,Organizational Change and De,TH,3,F1+TF1,SUMATHI G N,
BMT2004,Information Systems Control a,TH,3,F1+TF1,SUDARSANAM S K,
BMT2006,Services Marketing,TH,3,A2+TA2,ANURADHA A,
BMT2008,Advertising Management,TH,3,B2+TB2,SAJU B,
BMT2020,Financial Reporting,ETH,2,G1,SHAIK SALEEM,
BMT2020,Financial Reporting,EPJ,1,NIL,SHAIK SALEEM,
BMT2023,Real World Business Solutions,TH,3,C1+TC1,RAJKUMAR MURUGES,
BMT2024,Negotiations and Decision Ma,TH,3,E1+TE1,VITBS FACULTY4,
BMT2025,Computer Based Analysis,LO,2,L5+L6+L29+L30,SUDARSANAM S K,
BMT3002,Entrepreneurship,ETH,2,A1,S DIVYA,
BMT3002,Entrepreneurship,EPJ,1,NIL,S DIVYA,
BMT3004,Managing the Family Business,ETH,2,B2,VIJAYAN L,
BMT3004,Managing the Family Business,EPJ,1,NIL,VIJAYAN L,
BMT3007,Strategic Business Leader,TH,3,A2+TA2,NISHA R,
MAT1002,Mathematics for Designers,TH,3,E1+TE1,N RAMESH BABU,
MGT1014,Supply Chain Management,TH,3,B1+TB1,VADIVEL S M,
MGT1018,Consumer Behaviour,TH,3,B2+TB2,MALAY BHATTACHARJ,
MGT1021,Digital and Social Media Mark,TH,3,F1+TF1,SUDHEER MUHAMME,
MGT1022,Lean Start-up Management,ETH,1,TA1,SUJATHA MANOHAR,
MGT1022,Lean Start-up Management,EPJ,1,NIL,SUJATHA MANOHAR,
MGT1022,Lean Start-up Management,ETH,1,TA1,S DIVYA,
MGT1022,Lean Start-up Management,EPJ,1,NIL,S DIVYA,
MGT1022,Lean Start-up Management,ETH,1,TA2,ASI VASU DEVA REDDY,
MGT1022,Lean Start-up Management,EPJ,1,NIL,ASI VASU DEVA REDDY,
MGT1031,International Business,ETH,3,B1+TB1,VITBS FACULTY4,
MGT1031,International Business,EPJ,1,NIL,VITBS FACULTY4,
MGT1044,Global Brand Marketing Strate,ETH,3,B2+TB2,VITBS FACULTY4,
MGT1044,Global Brand Marketing Strate,EPJ,1,NIL,VITBS FACULTY4,
MGT1052,Bottom of the Pyramid Operat,TH,3,B1+TB1,SUJATHA MANOHAR,
UBBH105L,Calculus and Probability,TH,4,C1+TC1+TCC1,AVINASH KUMAR MIT,
UBBH106L,Management Accounting,TH,4,D1+TD1+TDD1,CHITRA DEVI N,
UBBH107L,Macro Economics,TH,4,A1+TA1+TAA1,SATHIS KUMAR G,
UBBH107L,Macro Economics,TH,4,D1+TD1+TDD1,ALLI P,
UBBH108L,Management and Organizatio,TH,4,F1+S15+TF1,PRAVEEN KAKADA,
UCCA157L,Principles of Marketing,TH,4,E1+TB1+TE1,MALAY BHATTACHARJ,
UCCA254L,Accounting Software for Busin,LO,2,L21+L22+L25+L26,BHAVANI J,
UCCA255L,Management Accounting,TH,4,A1+TA1+TAA1,CHITRA DEVI N,
UCCA261L,Investment Analysis and Portf,TH,4,G1+S15+TG1,CHITRA DEVI N,
UCCA263L,Personal Finance and Planning,TH,4,A1+TA1+TAA1,RANGAMANI,
UCCA265L,Financial Technology,TH,4,C1+TC1+TCC1,MEENAKSHI,
UCCA266L,E-Commerce,TH,4,A2+TA2+TAA2,SAJU B,
UCCA268L,Artificial Intelligence for Busin,TH,4,D1+TD1+TDD1,MEENAKSHI,
UCCA353L,Income Tax Law and Practice,TH,4,C1+TC1+TCC1,SIVAKUMAR K,
UCCA357L,Services Marketing,TH,4,B1+TB1+TBB1,THANGARAJA ARUMU,
UCCA358L,Digital Marketing,TH,4,C2+TC2+TCC2,SUDHEER MUHAMME,
UCCA359L,Labour laws and Industrial Rel,TH,4,F1+S15+TF1,BHAVANI J,
UCCA360L,Emotional Intelligence,TH,4,B2+TB2+TBB2,NISHA R,
UCCA362L,Operations Research Techniqu,TH,4,G1+S15+TG1,TISHA MERIAM CHERI,
UCCA363L,Supply Chain Management,TH,4,D1+TD1+TDD1,TISHA MERIAM CHERI,
UCCA498J,Project,PJT,6,NIL,ACAD FACULTY,
UCCH107L,Corporate Accounting,TH,4,F1+S15+TF1,BUVANESH,
UCCH108L,Banking Theory and Practices,TH,4,A1+TA1+TAA1,MUHAMMED SHAFI M,
UCCH202L,Cost Accounting,TH,4,A2+TA2+TAA2,SIVAKUMAR K,
PCHY504L,Group Theory and Molecular S,TH,4,I5+M4+N5+U5,MAHALAKSHMI S,
PCHY505L,Organic Synthesis & Methodol,TH,3,M6+N7+U7,SANTOSH G,
PCHY506L,Organometallics and Industria,TH,3,I6+M5+U4,AROCKIASAMY,
PCHY601L,Analytical Chemistry,TH,3,I4+M7+N6,KIRAN KUMAR TADI,
PCHY631L,"NMR,  EPR and Mass Spectrom",TH,3,M8+R3+U6,SUJOY SARKAR,
PPHY506L,Solid State Physics,TH,3,I2+N2+U2,ATANU DUTTA,
PPHY507L,Statistical Physics,TH,3,I5+M5+U5,KORLEPARA DIVYA BH,
PPHY509P,General Physics Lab-II,LO,2,R2+R3+R4+R5,KORLEPARA DIVYA BH,
PPHY601L,Advanced Quantum Mechanic,TH,3,I4+M6+U4,G MARKANDEYULU,
PPHY602L,Advanced Mathematical Physi,TH,3,M2+N3+R6,PARASURAMAN E,
PPHY605L,Lasers and Nonlinear Optics,TH,3,I6+N1+U3,JITENDRA NARAYAN D,
PPHY615L,Nanophysics,TH,3,I3+M4+U6,JOHN KENNEDY  L,
TESP101L,Spanish I,TH,2,TAAA1+TCCC1,SAVARIAH XAVIER Y C,
TFRE101L,French I,TH,2,TAAA1+TCCC1,GOVINDARAJAN P,
TFRE101L,French I,TH,2,TAAA1+TCCC1,CLARISSE ROUABAH,
TGER101L,German I,TH,2,TAAA1+TCCC1,JAMUNARANI M,
TLAW182L,English for Lawyers,TH,4,A1+TA1+TAA1,VINEETH,
TLAW182L,English for Lawyers,TH,4,A1+TA1+TAA1,LUKE GERARD CHRISTI,
TLAW182L,English for Lawyers,TH,4,A1+TA1+TAA1,DAISY GOHAIN,
TLAW182L,English for Lawyers,TH,4,D1+TD1+TDD1,LUKE GERARD CHRISTI,
TLAW182L,English for Lawyers,TH,4,D1+TD1+TDD1,VINEETH,
LAW4035,IPR in Pharma Industry,TH,4,A1+TA1+TAA1,JISHNU J R,
LAW4044,Insolvency & Bankruptcy,TH,4,B1+TB1+TBB1,JAYENDRA KASTURE,
LAW4062,Women and Criminal Law,TH,4,A1+TA1,NEW FACULTY LAW1,
LAW4066,Financial and Systemic Fraud,TH,4,B1+TB1+TBB1,NEW FACULTY LAW2,
LAW4070,INTERNATIONAL TAXATION LA,TH,4,A1+TA1+TAA1,SANTHOSH  V,
LAW5034,Capital Markets and Securities,TH,4,E1+TE1,DULUNG SENGUPTA,
LAW5037,Patent Drafting and Specificati,TH,4,E1+TE1+TEE1,MONISHA B,
TLAW202L,Law of Crimes- I,TH,4,E1+TE1,GANESAN K,
TLAW202L,Law of Crimes- I,TH,4,E1+TE1,ABUL HASSAN T,
TLAW202L,Law of Crimes- I,TH,4,E1+TE1,ANBARASI G,
TLAW202L,Law of Crimes- I,TH,4,E1+TE1,ASWATHY,
TLAW203L,Constitutional Law- I,ETH,3,A1+TA1,SHANTHI,
TLAW203L,Constitutional Law- I,ETH,3,A1+TA1,ARJUN PHILIP GEORGE,
TLAW203L,Constitutional Law- I,ETH,3,E1+TE1,NAVYA BENNY,
TLAW203L,Constitutional Law- I,ETH,3,E1+TE1,MRUDHUL M SHENOY,
TLAW203L,Constitutional Law- I,ELA,1,L43+L44,SHANTHI,
TLAW203L,Constitutional Law- I,ELA,1,L43+L44,ARJUN PHILIP GEORGE,
TLAW203L,Constitutional Law- I,ELA,1,L43+L44,NAVYA BENNY,
TLAW203L,Constitutional Law- I,ELA,1,L43+L44,MRUDHUL M SHENOY,
TLAW204L,"Family Law – I (Marriage, Legit",ETH,3,F1+TF1,SHARMILA M S,
TLAW204L,"Family Law – I (Marriage, Legit",ETH,3,F1+TF1,AMBIKA R NAIR,
TLAW204L,"Family Law – I (Marriage, Legit",ETH,3,F1+TF1,DULUNG SENGUPTA,
TLAW204L,"Family Law – I (Marriage, Legit",ETH,3,F1+TF1,SWARLATA PANDEY,
TLAW204L,"Family Law – I (Marriage, Legit",ELA,1,L47+L53,SHARMILA M S,
TLAW204L,"Family Law – I (Marriage, Legit",ELA,1,L47+L53,AMBIKA R NAIR,
TLAW204L,"Family Law – I (Marriage, Legit",ELA,1,L47+L53,DULUNG SENGUPTA,
TLAW204L,"Family Law – I (Marriage, Legit",ELA,1,L47+L53,SWARLATA PANDEY,
TLAW305L,Public International Law,ETH,3,F1+TF1,SEZOLU NYEKHA,
TLAW305L,Public International Law,ETH,3,F1+TF1,PREMA E,
TLAW305L,Public International Law,ETH,3,F1+TF1,K KAMBAN SOCRETES,
TLAW305L,Public International Law,ETH,3,F1+TF1,S. ANANDHA KRISHNA,
TLAW305L,Public International Law,ELA,1,L34+L35,SEZOLU NYEKHA,
TLAW305L,Public International Law,ELA,1,L34+L35,PREMA E,
TLAW305L,Public International Law,ELA,1,L34+L35,K KAMBAN SOCRETES,
TLAW305L,Public International Law,ELA,1,L34+L35,S. ANANDHA KRISHNA,
TLAW307L,Property Law,ETH,3,E1+TE1,VIJAYENDRA KUMAR,
TLAW307L,Property Law,ETH,3,E1+TE1,AMBIKA R NAIR,
TLAW307L,Property Law,ETH,3,E1+TE1,SAJI SIVAN S,
TLAW307L,Property Law,ETH,3,E1+TE1,ESAKKI AMMAL K,
TLAW307L,Property Law,ELA,1,L55+L56,VIJAYENDRA KUMAR,
TLAW307L,Property Law,ELA,1,L55+L56,AMBIKA R NAIR,
TLAW307L,Property Law,ELA,1,L55+L56,SAJI SIVAN S,
TLAW307L,Property Law,ELA,1,L55+L56,ESAKKI AMMAL K,
TLAW311L,Intellectual Property Law,ETH,3,A1+TA1,RAJAVENKATESAN P R,
TLAW311L,Intellectual Property Law,ETH,3,A1+TA1,MONISHA B,
TLAW311L,Intellectual Property Law,ETH,3,A1+TA1,SAIJI J S,
TLAW311L,Intellectual Property Law,ETH,3,A1+TA1,VIJAYA BHARATHI,
TLAW311L,Intellectual Property Law,ELA,1,L32+L33,RAJAVENKATESAN P R,
TLAW311L,Intellectual Property Law,ELA,1,L32+L33,MONISHA B,
TLAW311L,Intellectual Property Law,ELA,1,L32+L33,SAIJI J S,
TLAW311L,Intellectual Property Law,ELA,1,L32+L33,VIJAYA BHARATHI,
TLAW505L,Criminal Justice and Human Ri,ETH,3,B1+TB1,RESHMA SURESH,
TLAW505L,Criminal Justice and Human Ri,ELA,1,L57+L58,RESHMA SURESH,
LAW1102,Environmental Law,TH,4,C1+TC1+TCC1,ARUN D RAJ,
LAW1102,Environmental Law,TH,4,C1+TC1+TCC1,SWARLATA PANDEY,
LAW1102,Environmental Law,TH,4,C1+TC1+TCC1,SHINSA P MATHEW,
LAW1102,Environmental Law,TH,4,C1+TC1+TCC1,RESHMA SURESH,
LAW1106,Professional ethics and profes,TH,4,F1+TF1+TFF1,LALITH KUMAR J,
LAW1106,Professional ethics and profes,TH,4,F1+TF1+TFF1,SAIJI J S,
LAW1106,Professional ethics and profes,TH,4,F1+TF1+TFF1,NIKHIL G,
LAW1106,Professional ethics and profes,TH,4,F1+TF1+TFF1,ESAKKI AMMAL K,
LAW1112,Dissertation,PJT,10,NIL,ACAD FACULTY,
LAW1115,Moot Court and Internship,PJT,4,NIL,ACAD FACULTY,
LAW4002,Comparative Constitutional La,TH,4,B1+TB1+TBB1,K KAMBAN SOCRETES,
LAW4006,Right to information,TH,4,B1+TB1+TBB1,ARUN D RAJ,
LAW4006,Right to information,TH,4,D1+TD1+TDD1,SAJI SIVAN S,
LAW4009,Media Law,TH,4,A1+TA1+TAA1,ARJUN,
LAW4010,Citizenship & Emigration Law,TH,4,A1+TA1+TAA1,ADITYA,
LAW4014,International Humanitarian La,TH,4,B1+TB1+TBB1,MOHAMED SHAREEF,
LAW4021,International Refugee Law,TH,4,D1+TD1+TDD1,SEZOLU NYEKHA,
LAW4031,Patenting Life Forms,TH,4,B1+TB1+TBB1,VIJAYA BHARATHI,
LAW4037,Banking Law,TH,4,B1+TB1+TBB1,NEW FACULTY LAW1,
LAW4043,Insurance Law,TH,4,A1+TA1+TAA1,NAVYA BENNY,
LAW4046,Corporate Governance,TH,4,A1+TA1+TAA1,KESAVAMOORTHY R,
LAW4048,Competition Law,TH,4,D1+TD1+TDD1,TANIA SEBASTIAN,
LAW4052,Equity and Trust,TH,4,A1+TA1+TAA1,LALITH KUMAR J,
LAW4060,Penology and Victimology,TH,4,B1+TB1+TBB1,BIJOY SHARMA,
LAW4069,Technology and Law,TH,4,D1+TD1+TDD1,ADITYA,
LAW5010,Law of Treaties,TH,4,E1+TE1+TEE1,KAVI SHANKAR,
LAW5035,International Commercial Arbi,TH,4,E1+TE1+TEE1,P C ABIRAMI,
TLAW162L,Principles of Modern Governm,TH,4,B1+TB1+TBB1,ARUN KUMAR G,
TLAW162L,Principles of Modern Governm,TH,4,B1+TB1+TBB1,IGNATIUS PRABHAKAR,
TLAW163L,Micro Economics,TH,4,F1+TF1+TFF1,ARUNA R,
TLAW163L,Micro Economics,TH,4,F1+TF1+TFF1,PARAMASIVAM R,
TLAW188L,Financial Accounting,TH,4,D1+TD1+TDD1,RAVICHANDRAN K K,
TLAW188L,Financial Accounting,TH,4,D1+TD1+TDD1,MARIA EVELYN JUCUN,
TLAW188L,Financial Accounting,TH,4,D1+TD1+TDD1,VITBS FACULTY3,
TLAW189L,Managerial Economics,TH,4,B1+TB1+TBB1,SHALINA SUSAN MAT,
TLAW189L,Managerial Economics,TH,4,B1+TB1+TBB1,ARUNA R,
TLAW189L,Managerial Economics,TH,4,B1+TB1+TBB1,PARAMASIVAM R,
TLAW201L,Special Contracts,TH,4,C1+TC1+TCC1,MOHAMED SHAREEF,
TLAW201L,Special Contracts,TH,4,C1+TC1+TCC1,ESAKKI AMMAL K,
TLAW201L,Special Contracts,TH,4,C1+TC1+TCC1,LALITH KUMAR J,
TLAW201L,Special Contracts,TH,4,C1+TC1+TCC1,P C ABIRAMI,
TLAW205L,Law of Crimes – II (Cr.P.C.),TH,4,B1+TB1+TBB1,GANESAN K,
TLAW205L,Law of Crimes – II (Cr.P.C.),TH,4,B1+TB1+TBB1,ABUL HASSAN T,
TLAW205L,Law of Crimes – II (Cr.P.C.),TH,4,C1+TC1+TCC1,ASWATHY,
TLAW205L,Law of Crimes – II (Cr.P.C.),TH,4,C1+TC1+TCC1,ANBARASI G,
TLAW206L,Labour and Industrial Law I,TH,4,B1+TB1+TBB1,NEWFACULTY,
TLAW206L,Labour and Industrial Law I,TH,4,B1+TB1+TBB1,VIJAYENDRA KUMAR,
TLAW206L,Labour and Industrial Law I,TH,4,C1+TC1+TCC1,SANTHOSH  V,
TLAW206L,Labour and Industrial Law I,TH,4,C1+TC1+TCC1,ARJUN,
TLAW207L,Jurisprudence,TH,4,A1+TA1+TAA1,SAJI SIVAN S,
TLAW207L,Jurisprudence,TH,4,E1+TE1+TEE1,BIJOY SHARMA,
TLAW207L,Jurisprudence,TH,4,E1+TE1+TEE1,RESHMA SURESH,
TLAW207L,Jurisprudence,TH,4,A1+TA1+TAA1,KAVI SHANKAR,
TLAW207L,Jurisprudence,TH,4,F1+TF1+TFF1,SHANTHI,
TLAW207L,Jurisprudence,TH,4,A1+TA1+TAA1,MRUDHUL M SHENOY,
TLAW207L,Jurisprudence,TH,4,A1+TA1+TAA1,ZAKKARIYA T H,
TLAW207L,Jurisprudence,TH,4,F1+TF1+TFF1,ARJUN PHILIP GEORGE,
TLAW264L,Public Administration,TH,4,D1+TD1+TDD1,ARUN KUMAR G,
TLAW264L,Public Administration,TH,4,D1+TD1+TDD1,IGNATIUS PRABHAKAR,
TLAW284L,Human Resource Managemen,TH,4,D1+TD1+TDD1,UDAY KIRAN KOMMU,
TLAW284L,Human Resource Managemen,TH,4,D1+TD1+TDD1,REKHAPRIYADHARSHI,
TLAW306L,Labour and Industrial Law II,TH,4,D1+TD1+TDD1,NEW FACULTY LAW1,
TLAW306L,Labour and Industrial Law II,TH,4,D1+TD1+TDD1,ABHISHEK,
TLAW306L,Labour and Industrial Law II,TH,4,D1+TD1+TDD1,KAVI SHANKAR,
TLAW306L,Labour and Industrial Law II,TH,4,D1+TD1+TDD1,SHINSA P MATHEW,
TLAW501L,Sports Law,TH,4,B1+TB1+TBB1,NIKHIL G,
TLAW502L,Women and Law,TH,4,B1+TB1+TBB1,SWARLATA PANDEY,
TLAW504L,Rural Governance,TH,4,B1+TB1+TBB1,NAVYA BENNY,
TLAW509L,Scientific Evidence in Criminal,TH,4,C1+TC1+TCC1,SANKAR D,
TLAW512L,Environment and Human Righ,TH,4,C1+TC1+TCC1,ABHISHEK,
TLAW517L,Constitutional Interpretation a,TH,4,C1+TC1+TCC1,NEWFACULTY,
TLAW523L,Cyber Law,TH,4,C1+TC1+TCC1,BIJOY SHARMA,
