CODE,TITLE,TYPE,CREDITS,SLOT,FACULTY,VENUE,
STS3006,Basic Competitive Coding - I,TH,3,G1+TG1,,,
CHY1001,Chemistry & Environmental Studies,LO,4,E1,,,
CHY1005,Industrial Chemistry for Engineers,TH,4,C1+TC1,,,
CHY1005,Industrial Chemistry for Engineers,TH,4,G2+TG2,,,
CHY1005,Industrial Chemistry for Engineers,TH,4,G1+TG1,,,
CHY1006,Corrosion Science and Engineering,TH,4,E2+TE2,,,
CHY1006,Corrosion Science and Engineering,TH,4,F2+TF2,,,
CHY1006,Corrosion Science and Engineering,TH,4,D1+TD1,,,
CHY1007,Energy Materials and Their Applications,TH,4,B2+TB2,,,
CHY1007,Energy Materials and Their Applications,TH,4,D2+TD2,,,
CHY1007,Energy Materials and Their Applications,TH,4,F1+TF1,,,
CHY2001,Chemical and Biosensors,TH,4,A2+TA2,,,
CHY2002,Organic Electronics,TH,4,B2+TB2,,,
CHY2002,Organic Electronics,TH,4,E1+TE1,,,
MAT1003,Discrete Mathematical Structures,TH,4,D2+TD2+TDD2,Prof.Sukanta Nayak,110 - CB,
MAT1003,Discrete Mathematical Structures,TH,4,B1+TB1+TBB1,Prof.Manisha Maity ,219-CB,
MAT1003,Discrete Mathematical Structures,TH,4,D2+TD2+TDD2,,,
MAT1003,Discrete Mathematical Structures,TH,4,A1+TA1+TAA1,,,
MAT1003,Discrete Mathematical Structures,TH,4,C2+TC2+TCC2,,,
MAT1003,Discrete Mathematical Structures,TH,4,A2+TA2+TAA2,,,
MAT1003,Discrete Mathematical Structures,TH,4,C2+TC2+TCC2,,,
MAT1003,Discrete Mathematical Structures,TH,4,A1+TA1+TAA1,,,
MAT1003,Discrete Mathematical Structures,TH,4,D1+TD1+TDD1,,,
MAT1003,Discrete Mathematical Structures,TH,4,C2+TC2+TCC2,,,
MAT1003,Discrete Mathematical Structures,TH,4,D1+TD1+TDD1,,,
MAT1003,Discrete Mathematical Structures,TH,4,D1+TD1+TDD1,,,
MAT1003,Discrete Mathematical Structures,TH,4,C2+TC2+TCC2,,,
MAT1003,Discrete Mathematical Structures,TH,4,B1+TB1+TBB1,,,
MAT1003,Discrete Mathematical Structures,TH,4,D2+TD2+TDD2,,,
MAT1003,Discrete Mathematical Structures,TH,4,D1+TD1+TDD1,,,
MAT1003,Discrete Mathematical Structures,TH,4,B2+TB2+TBB2,,,
MAT1003,Discrete Mathematical Structures,TH,4,D1+TD1+TDD1,,,
MAT1003,Discrete Mathematical Structures,TH,4,D2+TD2+TDD2,,,
MAT1003,Discrete Mathematical Structures,TH,4,B2+TB2+TBB2,,,
MAT1003,Discrete Mathematical Structures,TH,4,D2+TD2+TDD2,,,
MAT1003,Discrete Mathematical Structures,TH,4,C1+TC1+TCC1,,,
MAT1003,Discrete Mathematical Structures,TH,4,A2+TA2+TAA2,,,
MAT1003,Discrete Mathematical Structures,TH,4,B2+TB2+TBB2,,,
MAT1003,Discrete Mathematical Structures,TH,4,B1+TB1+TBB1,,,
MAT1003,Discrete Mathematical Structures,TH,4,C2+TC2+TCC2,,,
MAT1003,Discrete Mathematical Structures,TH,4,C1+TC1+TCC1,,,
MAT1003,Discrete Mathematical Structures,TH,4,D1+TD1+TDD1,,,
MAT1003,Discrete Mathematical Structures,TH,4,C1+TC1+TCC1,,,
MAT1003,Discrete Mathematical Structures,TH,4,A2+TA2+TAA2,,,
MAT1003,Discrete Mathematical Structures,TH,4,C1+TC1+TCC1,,,
MAT1003,Discrete Mathematical Structures,TH,4,C2+TC2+TCC2,,,
MAT1003,Discrete Mathematical Structures,TH,4,C1+TC1+TCC1,,,
MAT1003,Discrete Mathematical Structures,TH,4,A1+TA1+TAA1,,,
MAT1003,Discrete Mathematical Structures,TH,4,D2+TD2+TDD2,,,
MAT1007,Discrete Mathematics,TH,4,C2+TC2+TCC2,,,
MAT1007,Discrete Mathematics,TH,4,C1+TC1+TCC1,,,
MAT1007,Discrete Mathematics,TH,4,D1+TD1+TDD1,,,
MAT1007,Discrete Mathematics,TH,4,D1+TD1+TDD1,,,
MAT1007,Discrete Mathematics,TH,4,D2+TD2+TDD2,,,
MAT1007,Discrete Mathematics,TH,4,C1+TC1+TCC1,,,
MAT1007,Discrete Mathematics,TH,4,C2+TC2+TCC2,,,
MAT1011,Applied Statistics,ETL,3,C2+TC2,Prof.Venkatarajam M,226 - CB,
MAT1011,Applied Statistics,ETL,3,E2+TE2,,,
MAT1011,Applied Statistics,ETL,3,E1+TE1,,,
MAT1011,Applied Statistics,ETL,3,C1+TC1,Prof.Venkatarajam M,G15- CB,
MAT1011,Applied Statistics,ETL,3,E1+TE1,,,
MAT2001,Numerical Methods for Engineers,,,C1,,,
MAT2001,Numerical Methods for Engineers,,,E1,,,
MAT2001,Numerical Methods for Engineers,,,E2,,,
MAT2002,Complex Variables and Partial Differential Equations,,,A2+TA2,,,
MAT2002,Complex Variables and Partial Differential Equations,,,A1+TA1,,,
MAT2003,Optimization Techniques,,,A2+TA2,,,
MAT2005,Linear Algebra,TH,3,A1+TA1,,,
MAT2005,Linear Algebra,TH,3,G1+TG1,,,
MAT2009,Computational Statistics,,,F1+TF1,,,
MAT2009,Computational Statistics,,,A1+TA1,,,
MAT2009,Computational Statistics,,,C2+TC2,,,
MAT2011,Graph Theory and Applications,,,C2+TC2,,,
PHY2004,Optoelectronics,,,G2+TG2,,,
PHY2005,Introduction to Nanotechnology,ETL,3,C1+TC1,,,
PHY2005,Introduction to Nanotechnology,ETL,3,D1+TD1,,,
PHY2005,Introduction to Nanotechnology,ETL,3,E1+TE1,,,
PHY2005,Introduction to Nanotechnology,ETL,3,F1+TF1,Prof.Ganesh Kotagiri, 230 - CB,
PHY2005,Introduction to Nanotechnology,ETL,3,G1+TG1,,,
PHY2005,Introduction to Nanotechnology,ETL,3,C2+TC2,,,
PHY2005,Introduction to Nanotechnology,ETL,3,D2+TD2,,,
PHY2005,Introduction to Nanotechnology,ETL,3,E2+TE2,,,
PHY2005,Introduction to Nanotechnology,ETL,3,D2+TD2,,,
PHY2005,Introduction to Nanotechnology,ETL,3,G2+TG2,,,
PHY2005,Introduction to Nanotechnology,ETL,3,D2+TD2,,,
PHY2005,Introduction to Nanotechnology,ETL,3,E1+TE1,,,
PHY2005,Introduction to Nanotechnology,ETL,3,F1+TF1,,,
PHY2006,Solar Photovoltaics : Fundamentals and Technologies,TH,3,G1+TG1,,,
PHY2006,Solar Photovoltaics : Fundamentals and Technologies,TH,3,D2+TD2,,,
CSE1006,Foundations for Data Analytics,ETL,3,E1,,,
CSE1008,Theory of Computation,TH,4,C1+TC1+TCC1,,,
CSE1008,Theory of Computation,TH,4,D2+TD2+TDD2,,,
CSE2001,Data Structures and Algorithms,ETL,3,A1+G1+TA1,,,
CSE2001,Data Structures and Algorithms,ETL,3,A1+G1+TA1,,,
CSE2001,Data Structures and Algorithms,ETL,3,A1+G1+TA1,,,
CSE2001,Data Structures and Algorithms,ETL,3,A1+G1+TA1,,,
CSE2001,Data Structures and Algorithms,ETL,3,A1+G1+TA1,,,
CSE2001,Data Structures and Algorithms,ETL,3,A1+G1+TA1,,,
CSE2001,Data Structures and Algorithms,ETL,3,A1+G1+TA1,,,
CSE2001,Data Structures and Algorithms,ETL,3,B1+TB1+TBB1+TG1,,,
CSE2001,Data Structures and Algorithms,ETL,3,B1+TB1+TBB1+TG1,,,
CSE2001,Data Structures and Algorithms,ETL,3,B1+TB1+TBB1+TG1,,,
CSE2001,Data Structures and Algorithms,ETL,3,B1+TB1+TBB1+TG1,,,
CSE2001,Data Structures and Algorithms,ETL,3,B1+TB1+TBB1+TG1,,,
CSE2001,Data Structures and Algorithms,ETL,3,B1+TB1+TBB1+TG1,,,
CSE2001,Data Structures and Algorithms,ETL,3,B1+TB1+TBB1+TG1,,,
CSE2001,Data Structures and Algorithms,ETL,3,B1+TB1+TBB1+TG1,,,
CSE2001,Data Structures and Algorithms,ETL,3,B1+TB1+TBB1+TG1,,,
CSE2001,Data Structures and Algorithms,ETL,3,B1+TB1+TBB1+TG1,,,
CSE2001,Data Structures and Algorithms,ETL,3,B1+TB1+TBB1+TG1,,,
CSE2001,Data Structures and Algorithms,ETL,3,B1+TB1+TBB1+TG1,,,
CSE2001,Data Structures and Algorithms,ETL,3,A2+G2+TA2,"Prof.Naga Jagadesh Bommagani -
",110-CB,
CSE2001,Data Structures and Algorithms,ETL,3,A2+G2+TA2,,,
CSE2001,Data Structures and Algorithms,ETL,3,A2+G2+TA2,,,
CSE2001,Data Structures and Algorithms,ETL,3,A2+G2+TA2,,,
CSE2001,Data Structures and Algorithms,ETL,3,A2+G2+TA2,,,
CSE2001,Data Structures and Algorithms,ETL,3,A2+G2+TA2,,,
CSE2001,Data Structures and Algorithms,ETL,3,A2+G2+TA2,,,
CSE2001,Data Structures and Algorithms,ETL,3,A2+G2+TA2,,,
CSE2001,Data Structures and Algorithms,ETL,3,B2+TB2+TBB2+TG2,Prof.Bharathi V C,G09 - CB,
CSE2001,Data Structures and Algorithms,ETL,3,B2+TB2+TBB2+TG2,,,
CSE2001,Data Structures and Algorithms,ETL,3,B2+TB2+TBB2+TG2,,,
CSE2001,Data Structures and Algorithms,ETL,3,B2+TB2+TBB2+TG2,,,
CSE2001,Data Structures and Algorithms,ETL,3,B2+TB2+TBB2+TG2,,,
CSE2001,Data Structures and Algorithms,ETL,3,B2+TB2+TBB2+TG2,,,
CSE2001,Data Structures and Algorithms,ETL,3,B2+TB2+TBB2+TG2,,,
CSE2001,Data Structures and Algorithms,ETL,3,B2+TB2+TBB2+TG2,,,
CSE2001,Data Structures and Algorithms,ETL,3,B2+TB2+TBB2+TG2,,,
CSE2001,Data Structures and Algorithms,ETL,3,B2+TB2+TBB2+TG2,,,
CSE2001,Data Structures and Algorithms,ETL,3,B2+TB2+TBB2+TG2,,,
CSE2001,Data Structures and Algorithms,ETL,3,B2+TB2+TBB2+TG2,,,
CSE2001,Data Structures and Algorithms,ETL,3,A1+G1+TA1,,,
CSE2009,Soft Computing,,,C1+TC1,,,
CSE2009,Soft Computing,,,D2+TD2,,,
CSE2010,Secure Coding,,,C2+TC2,,,
CSE2011,Cyber Security and Digital Forensics,,,D2+TD2,,,
CSE3001,Agile Development Process,,,F1+TF1,,,
CSE3001,Agile Development Process,,,A2+TA2,,,
CSE3002,Artificial Intelligence,ETL,3,A1+TA1,,,
CSE3002,Artificial Intelligence,ETL,3,B2+TB2,,,
CSE3003,Computer Networks,ETL,3,G1+TG1,,,
CSE3004,Design and Analysis of Algorithms,ETL,3,F1+TF1,,,
CSE3008,Introduction to Machine Learning,,,D2+TD2,,,
CSE3008,Introduction to Machine Learning,,,C1+TC1,,,
CSE3009,No SQL Databases,,,A2+TA2,,,
CSE3012,Network Security,,,D2+TD2,,,
CSE3018,Software Configuration Management,,,F2+TF2,,,
CSE3019,Software Quality and Reliability,,,B2+TB2,,,
CSE3019,Software Quality and Reliability,,,E1+TE1,,,
CSE3020,Product Definition and Validation,,,F2+TF2,,,
CSE4005,Data Warehousing and Data Mining,,,B2+TB2,,,
CSE4006,Deep Learning,,,G2+TG2,,,
CSE4018,Computer Vision and Robotics,ETL,,D1+TD1,,,
SWE1002,Principles of Software Engineering,,,B1+TB1,,,
SWE1002,Principles of Software Engineering,,,E1+TE1,,,
SWE1002,Principles of Software Engineering,,,B2+TB2,,,
SWE1002,Principles of Software Engineering,,,E2+TE2,,,
SWE1002,Principles of Software Engineering,,,B1+TB1,,,
SWE1002,Principles of Software Engineering,,,E1+TE1,,,
SWE2001,Data Structures and its Applications,,,A1+G1+TA1,,,
SWE2001,Data Structures and its Applications,,,B1+TB1+TBB1+TG1,,,
SWE2001,Data Structures and its Applications,,,A2+G2+TA2,,,
SWE2001,Data Structures and its Applications,,,B2+TB2+TBB2+TG2,,,
SWE2001,Data Structures and its Applications,,,A1+G1+TA1,,,
SWE2001,Data Structures and its Applications,,,B1+TB1+TBB1+TG1,,,
SWE2001,Data Structures and its Applications,,,A2+G2+TA2,,,
SWE2002,Human Computer Interaction,,,G1+TG1,,,
SWE2003,Requirements Engineering Management,,,C2+TC2,,,
SWE2004,Software Design and Architecture,,,B1+TB1,,,
SWE2006,Database Systems,,,C1+TC1,,,
SWE2006,Database Systems,,,F1+TF1,,,
SWE2006,Database Systems,,,C2+TC2,,,
SWE2006,Database Systems,,,F2+TF2,,,
SWE2006,Database Systems,,,C1+TC1,,,
SWE2006,Database Systems,,,F1+TF1,,,
SWE2006,Database Systems,,,F2+TF2,,,
SWE2007,Fundamentals of Operating Systems,,,A2+TA2,,,
SWE2008,Object Oriented Analysis and Design,TH,3,A1+TA1,,,
SWE2008,Object Oriented Analysis and Design,TH,3,A2+TA2,,,
SWE3001,Introduction to Computer Networks,,,F1+TF1,,,
SWE3002,Software Project Management,,,D1+TD1,,,
SWE3004,Front End Design and Testing,,,A2+TA2,,,
SWE3004,Front End Design and Testing,,,A1+TA1,,,
SWE4001,Internet and Web Technologies,,,C1+TC1,,,
SWE4001,Internet and Web Technologies,,,F2+TF2,,,
SWE4002,Software Testing,,,E1+TE1,,,
SWE4003,Concepts of Mobile Application Development,,,D2+TD2,,,
SWE4003,Concepts of Mobile Application Development,,,D1+TD1,,,
SWE4004,Cloud Computing and its Applications,,,C1+TC1,,,
SWE4005,Storage Technologies and Management,,,G1+TG1,,,
CSE2013,Information Theory and Coding,,,B1+TB1+TBB1,,,
CSE3031,Mobile Computing,,,G1+TG1,,,
CSE4033,IT Project Management,,,E1,,,
CSE3006,Data Visualization,,,E2+TE2,,,
CSE4011,Internet of Things,,,C2+TC2,,,
CSE4012,UI UX User Experience Design,,,B1+TB1,,,
CSE4012,UI UX User Experience Design,,,A2+TA2,,,
ECE4007,IoT System Architecture,,,G1,,,
CSE4007,Digital Image Processing,,,G1+TG1,,,
ECE1010,Probability and Random Processes,,,A1+TA1+TAA1,,,
ECE1010,Probability and Random Processes,,,A2+TA2+TAA2,,,
ECE1010,Probability and Random Processes,,,B1+TB1+TBB1,,,
ECE1010,Probability and Random Processes,,,B2+TB2+TBB2,,,
ECE2002,Computer Organization and Architecture,TH,4,B1+TB1+TBB1,,,
ECE2002,Computer Organization and Architecture,TH,4,D1+TD1+TDD1,,,
ECE2002,Computer Organization and Architecture,TH,4,D2+TD2+TDD2,,,
ECE2002,Computer Organization and Architecture,TH,4,A1+TA1+TAA1,,,
ECE2002,Computer Organization and Architecture,TH,4,B1+TB1+TBB1,,,
ECE2002,Computer Organization and Architecture,TH,4,D2+TD2+TDD2,,,
ECE2002,Computer Organization and Architecture,TH,4,C1+TC1+TCC1,"Prof.Sudha Ellison Mathe -
",G18-CB,
ECE2002,Computer Organization and Architecture,TH,4,B2+TB2+TBB2,,,
ECE2002,Computer Organization and Architecture,TH,4,C1+TC1+TCC1,,,
ECE2002,Computer Organization and Architecture,TH,4,D1+TD1+TDD1,,,
ECE2002,Computer Organization and Architecture,TH,4,A2+TA2+TAA2,,,
ECE2002,Computer Organization and Architecture,TH,4,B2+TB2+TBB2,,,
ECE2002,Computer Organization and Architecture,TH,4,A1+TA1+TAA1,,,
ECE2002,Computer Organization and Architecture,TH,4,D2+TD2+TDD2,,,
ECE2002,Computer Organization and Architecture,TH,4,D1+TD1+TDD1,,,
ECE2002,Computer Organization and Architecture,TH,4,A2+TA2+TAA2,,,
ECE2002,Computer Organization and Architecture,TH,4,C2+TC2+TCC2,Prof.Ashish Gupta,G15 - CB,
ECE2002,Computer Organization and Architecture,TH,4,A2+TA2+TAA2,,,
ECE2002,Computer Organization and Architecture,TH,4,C1+TC1+TCC1,,,
ECE2002,Computer Organization and Architecture,TH,4,C2+TC2+TCC2,,,
ECE2002,Computer Organization and Architecture,TH,4,C1+TC1+TCC1,,,
ECE2002,Computer Organization and Architecture,TH,4,D1+TD1+TDD1,,,
ECE2002,Computer Organization and Architecture,TH,4,A2+TA2+TAA2,,,
ECE2002,Computer Organization and Architecture,TH,4,A1+TA1+TAA1,,,
ECE2002,Computer Organization and Architecture,TH,4,C2+TC2+TCC2,,,
ECE2002,Computer Organization and Architecture,TH,4,D2+TD2+TDD2,,,
ECE2002,Computer Organization and Architecture,TH,4,B2+TB2+TBB2,,,
ECE2002,Computer Organization and Architecture,TH,4,A1+TA1+TAA1,,,
ECE2002,Computer Organization and Architecture,TH,4,B1+TB1+TBB1,,,
ECE2002,Computer Organization and Architecture,TH,4,C2+TC2+TCC2,,,
ECE2007,Digital Signal Processing,,,B1+TB1,,,
ECE3008,Neural Networks and Fuzzy Systems,,,D1+TD1+TDD1,,,
ECE3009,Power Electronic Converters,,,C1+TC1,,,
ECE4002,Wireless and Mobile Communications,,,A1+TA1,,,
PHY1002,Semiconductor Device Physics,,,C1+TC1+TCC1,,,
PHY1002,Semiconductor Device Physics,,,C2+TC2+TCC2,,,
PHY1002,Semiconductor Device Physics,,,D1+TD1+TDD1,,,
PHY1002,Semiconductor Device Physics,,,D2+TD2+TDD2,,,
MEC2003,Strength of Materials,,,B1+TB1,,,
MEC2004,Fluid Mechanics,,,D1+TD1,,,
MEC2007,Introduction to Mechanical Engineering Design Process,,,C1+TC1,,,
MEC3012,Additive Manufacturing,,,A1+TA1,,,
CSE3015,Natural Language Processing,,,B1+TB1,,,
ENG1015,Introduction to 20th Century European Literature in Translation,,,A1+TA1,,,
ENG3001,Introduction to Translation Studies,,,A2+TA2,,,
ENG3004,Introducing Linguistics,,,F1,,,
FRL1004,Basic Spanish,TH,,F1,,,
FRL2004,Korean for Beginners,TH,,F1,,,
FRL2004,Korean for Beginners,TH,,F2,,,
INL1001,Functional Hindi for non-Hindi Speakers,TH,,G2,,,
MAT2004,Applied Optimization Techniques,,,D1+TD1,,,
STS1002,Fundamentals of Aptitude,,,D2+TD2,,,
STS1002,Fundamentals of Aptitude,,,C1+TC1,,,
STS1002,Fundamentals of Aptitude,,,D1+TD1,,,
STS1002,Fundamentals of Aptitude,,,D1+TD1,,,
STS1002,Fundamentals of Aptitude,,,A2+TA2,,,
STS1002,Fundamentals of Aptitude,,,C2+TC2,Prof.Sumanth,110 - CB,
STS1002,Fundamentals of Aptitude,,,A1+TA1,,,
STS1008,Arithmetic Problem Solving Skills,,,D2+TD2,,,
STS2006,Getting Started to Skill Enhancement,TH,3,B1+TB1,,,
STS2006,Getting Started to Skill Enhancement,TH,3,F1+TF1,,,
STS2006,Getting Started to Skill Enhancement,TH,3,B2+TB2,,,
STS2006,Getting Started to Skill Enhancement,TH,3,F2+TF2,,,
STS2006,Getting Started to Skill Enhancement,TH,3,A2+TA2,,,
STS2006,Getting Started to Skill Enhancement,TH,3,D1+TD1,,,
STS2006,Getting Started to Skill Enhancement,TH,3,E1+TE1,,,
STS2006,Getting Started to Skill Enhancement,TH,3,C2+TC2,,,
STS2006,Getting Started to Skill Enhancement,TH,3,E2+TE2,,,
STS2006,Getting Started to Skill Enhancement,TH,3,F1+TF1,,,
STS2006,Getting Started to Skill Enhancement,TH,3,F2+TF2,,,
STS2006,Getting Started to Skill Enhancement,TH,3,D2+TD2,,,
STS2006,Getting Started to Skill Enhancement,TH,3,E1+TE1,,,
STS2006,Getting Started to Skill Enhancement,TH,3,E2+TE2,,,
STS2006,Getting Started to Skill Enhancement,TH,3,F1+TF1,,,
STS2006,Getting Started to Skill Enhancement,TH,3,F2+TF2,,,
STS2006,Getting Started to Skill Enhancement,TH,3,C1+TC1,,,
STS2006,Getting Started to Skill Enhancement,TH,3,A1+TA1,Prof.Musthaq,219 - CB,
STS2006,Getting Started to Skill Enhancement,TH,3,E2+TE2,,,
STS2006,Getting Started to Skill Enhancement,TH,3,F2+TF2,,,
STS2006,Getting Started to Skill Enhancement,TH,3,D2+TD2,,,
STS2006,Getting Started to Skill Enhancement,TH,3,D1+TD1,,,
STS2006,Getting Started to Skill Enhancement,TH,3,F1+TF1,,,
STS2006,Getting Started to Skill Enhancement,TH,3,E1+TE1,,,
STS2006,Getting Started to Skill Enhancement,TH,3,E1+TE1,,,
STS2006,Getting Started to Skill Enhancement,TH,3,C2+TC2,,,
STS2006,Getting Started to Skill Enhancement,TH,3,E2+TE2,,,
STS2006,Getting Started to Skill Enhancement,TH,3,C1+TC1,,,
STS2006,Getting Started to Skill Enhancement,TH,3,A2+TA2,,,
STS2006,Getting Started to Skill Enhancement,TH,3,A1+TA1,,,
STS2006,Getting Started to Skill Enhancement,TH,3,F1+TF1,,,
STS2006,Getting Started to Skill Enhancement,TH,3,F2+TF2,,,
STS2008,Numerical Ability and Cognitive Intelligence,TH,3,A1+TA1,,,
STS2008,Numerical Ability and Cognitive Intelligence,TH,3,D1+TD1,,,
STS2008,Numerical Ability and Cognitive Intelligence,TH,3,C2+TC2,,,
STS2008,Numerical Ability and Cognitive Intelligence,TH,3,A2+TA2,,,
STS2008,Numerical Ability and Cognitive Intelligence,TH,3,C1+TC1,,,
STS2008,Numerical Ability and Cognitive Intelligence,TH,3,F1+TF1,,,
STS2008,Numerical Ability and Cognitive Intelligence,TH,3,F2+TF2,,,
STS2008,Numerical Ability and Cognitive Intelligence,TH,3,D2+TD2,,,
STS3004,Introduction to Programming Skills,TH,,F2+TF2,,,
ENG1001,English for Essential Communication,ETL,2,F1,,,
ENG1002,English for Effective Communication,ETL,2,F2,,,
ENG1005,Basic Communication in English,ETL,2,F1,,,
ENG1006,Functional Communication in English,ETL,2,F2,,,
ENG2001,English for Professional Communication,ETL,2,E2,,,
ENG2004,Advanced Professional Communication,ETL,2,E2,,,
FRL1001,Basic French,TH,,F2,,,
FRL1001,Basic French,TH,,G2,,,
FRL1001,Basic French,TH,,G1,,,
FRL1005,German for Beginners,TH,,E1,,,
FRL1005,German for Beginners,TH,,E2,,,
FRL1005,German for Beginners,TH,,G2,,,
FRL2003,French for Engineers,,,E1+TE1,,,
INL1101,Foundations of Hindi Language,TH,,E2,,,
LIB1001,Anthropology – An Introduction,,,A1+TA1,,,
LIB1003,Psychology - An Introduction,,,B1+TB1,,,
LIB1007,Gender Studies - An Introduction,,,B2,,,
LIB1014,Pursuit of Happiness,,,C1+TC1,,,
LIB2003,Geography of Asia and Sub-Saharan Africa,,,F1+TF1,,,
LIB2004,Ancient Indian History,,,A1+TA1+TAA1,,,
STS4005,Basic Competitive Coding - II,,,G2+TG2,,,
HUM1002,Personal Finance for Engineers,TH,,F2,,,
HUM2003,Fundamentals of Cost and Management Accounting,,,A1+TA1+TAA1,,,
MGT1002,Lean Start-up Management,,,E2+TE2,,,
MGT1002,Lean Start-up Management,,,D1+TD1,,,
MGT1005,Fundamentals of Creativity and Innovation Management,TH,,C1,,,
MGT1007,Economics for Engineers,,,D2+TD2,,,
MGT1008,Accounting and Finance for Engineers,,,B2+TB2,,,
MGT1011,Fundamentals of Business Strategy,,,B1+TB1,,,
MGT1015,Fundamentals of Consumer Behaviour,,,E2+TE2,,,
MGT1019,Fundamentals of Project Management,,,A2+TA2,,,
MGT1023,Fundamentals of Human Resource Management,,,E1+TE1,,,
MGT1037,Introduction to Management,,,E2+TE2,,,
MGT1040,Entrepreneurship,LO,2,F2,,,
MGT1040,Entrepreneurship,LO,2,F2,,,
MGT1040,Entrepreneurship,LO,2,F1,,,
MGT1040,Entrepreneurship,LO,2,E1,,,
MGT1040,Entrepreneurship,LO,2,E1,,,
MGT1040,Entrepreneurship,LO,2,F1,,,
MGT1040,Entrepreneurship,LO,2,E2,,,
MGT2016,Essentials of Marketing Management,,,D1+TD1+TDD1,,,
MGT2019,Introduction to Business Environment,,,D2+TD2+TDD2,,,
TEC3001,Design Thinking,LO,3,C2+TC2,,,
TEC3001,Design Thinking,LO,3,E1+TE1,,,
TEC3001,Design Thinking,LO,3,F1+TF1,MR.ZUBER BASHA SHAIK -,G11-CB,
TEC3001,Design Thinking,LO,3,B2+TB2,,,
TEC3001,Design Thinking,LO,3,E2+TE2,,,
TEC3001,Design Thinking,LO,3,B1+TB1,,,
TEC3001,Design Thinking,LO,3,C1+TC1,,,
TEC3001,Design Thinking,LO,3,D1+TD1,Prof.Pradeep Singh,213 - CB,
TEC3001,Design Thinking,LO,3,E1+TE1,,,
TEC3001,Design Thinking,LO,3,D2+TD2,,,
LAW1001,"Law, Internet and Society",,,G1+TG1,,,
LAW1002,Competition Law for Engineers,,,F2+TF2,,,
LAW1002,Competition Law for Engineers,,,C2+TC2,,,
LAW1003,Human Rights and Criminal Justice System,,,G2+TG2,,,
LAW1005,Introduction to Indian Constitution,,,D1+TD1,,,
LAW1005,Introduction to Indian Constitution,,,F1+TF1,,,
LAW1008,Intellectual Property Law for Engineers,TH,,D1+TD1+TDD1,,,
LAW1008,Intellectual Property Law for Engineers,TH,,C2+TC2+TCC2,,,
LAW2001,Business and Human Rights,,,E2+TE2,,,
MGT1029,Basic Law for Engineers,,,D2+TD2,,,
MGT1029,Basic Law for Engineers,,,F1+TF1,,,
STS3006,Basic Competitive Coding - I,TH,3,C1+TC1,,,
STS3006,Basic Competitive Coding - I,TH,3,C2+TC2,,,
STS3006,Basic Competitive Coding - I,TH,3,D1+TD1,,,
STS3006,Basic Competitive Coding - I,TH,3,D2+TD2,,,
STS3006,Basic Competitive Coding - I,TH,3,F1+TF1,,,
STS3006,Basic Competitive Coding - I,TH,3,F2+TF2,,,
CHY1001,Environmental Studies,TH,,G2,,,
CHY1005,Industrial Chemistry for Engineers,,,F1+TFF1,,,
CHY1006,Corrosion Science and Engineering,,,E1+TEE1,,,
CHY1007,Energy Materials and Their Applications,,,D1+TD1,,,
CHY2001,Chemical and Biosensors,,,D2+TD2,,,
CHY2002,Organic Electronics,,,E1+TE1,,,
MAT1011,Applied Statistics,ETL,3,B2+TB2,Prof.Sudhakar Matle,315-CB,
MAT1011,Applied Statistics,ETL,3,A1+TA1,Prof.Chandan Kumar Thakur,G18-CB,
MAT1011,Applied Statistics,ETL,3,C1+TC1,Prof.Komandla Mahipal Reddy,G16-CB,
MAT1011,Applied Statistics,ETL,3,C1+TC1,Prof.Peeyush Singh,317-CB,
MAT1011,Applied Statistics,ETL,3,C2+TC2,Prof.Manisha Maity,220-CB,
MAT1011,Applied Statistics,ETL,3,B2+TB2,Prof.Manisha Maity,231-CB,
MAT1011,Applied Statistics,ETL,3,C1+TC1,Prof.Phani Kumar Meduri,G12-CB,
MAT1011,Applied Statistics,ETL,3,C1+TC1,Prof.Shah Parth Mukeshbhai,322-CB,
MAT1011,Applied Statistics,ETL,3,C2+TC2,Prof.Lisna PC,G13-CB,
MAT1011,Applied Statistics,ETL,3,C1+TC1,Prof.Francis P,315-CB,
MAT1011,Applied Statistics,ETL,3,C1+TC1,Prof.Faizan Danish,424-CB,
MAT1011,Applied Statistics,ETL,3,A1+TA1,Prof.Chandan Kumar Thakur,G18-CB,
MAT1011,Applied Statistics,ETL,3,A2+TA2,Prof.Sudhakar Matle,325-CB,
MAT1011,Applied Statistics,ETL,3,B2+TB2,Prof.Santunu Mandal,G17-CB,
MAT1011,Applied Statistics,ETL,3,C2+TC2,Prof.Piu Kundu,318B-CB,
MAT1011,Applied Statistics,ETL,3,B1+TB1,Prof.Sudhakar Matle,325-CB,
MAT1011,Applied Statistics,ETL,3,C1+TC1,AASTHA MADONNA SATHE,323-CB,
MAT1011,Applied Statistics,ETL,3,C2+TC2,Prof.Ranjan Kumar,231-CB,
MAT1011,Applied Statistics,ETL,3,A2+TA2,Prof.Sukanta Nayak,312-CB,
MAT1011,Applied Statistics,ETL,3,B2+TB2,Prof.Sukanta Nayak,G14-CB,
MAT1011,Applied Statistics,ETL,3,B1+TB1,Prof.Komandla Mahipal Reddy,316-CB,
MAT1011,Applied Statistics,ETL,3,A2+TA2,Prof.Davala Ravi Kumar,G17-CB,
MAT1011,Applied Statistics,ETL,3,B2+TB2,Prof.Arun Kumar Yadav,314-CB,
MAT1011,Applied Statistics,ETL,3,A2+TA2,Prof.Piu Kundu,313-CB,
MAT1011,Applied Statistics,ETL,3,B1+TB1,Prof.Yada NanduKumar,322-CB,
MAT1011,Applied Statistics,ETL,3,B2+TB2,Prof.Davala Ravi Kumar,423-CB,
MAT1011,Applied Statistics,ETL,3,C2+TC2,DR.SUBHASIS PANDA,424-CB,
MAT1011,Applied Statistics,ETL,3,A2+TA2,DR.ALKA MUNJAL,G15-CB,
MAT1011,Applied Statistics,ETL,3,C1+TC1,,,
MAT1011,Applied Statistics,ETL,3,C1+TC1,,,
MAT1011,Applied Statistics,ETL,3,A1+TA1,DR.ANKIT,317-CB,
MAT1011,Applied Statistics,ETL,3,C2+TC2,,,
MAT1011,Applied Statistics,ETL,3,C2+TC2,DR.ALKA MUNJAL,317-CB,
MAT1011,Applied Statistics,ETL,3,A1+TA1,DR.HABIBA KHATUN,G15-CB,
MAT1011,Applied Statistics,ETL,3,B1+TB1,Prof.Rajashekar Naraveni,317-CB,
MAT1011,Applied Statistics,ETL,3,A1+TA1,Prof.Shah Parth Mukeshbhai,113-CB,
MAT1011,Applied Statistics,ETL,3,B1+TB1,,,
MAT1011,Applied Statistics,ETL,3,A2+TA2,DR.HABIBA KHATUN,317-CB,
MAT1011,Applied Statistics,ETL,3,C2+TC2,DR.NIMAI SARKAR,425-CB,
MAT1011,Applied Statistics,ETL,3,A1+TA1,DR.SAISTA TABSSUM,316-CB,
MAT2001,Numerical Methods for Engineers,,,F2,,,
MAT2001,Numerical Methods for Engineers,,,G1,,,
MAT2002,Complex Variables and Partial Differential Equations,,,D2+TD2,,,
MAT2002,Complex Variables and Partial Differential Equations,,,D1+TD1,,,
MAT2003,Optimization Techniques,,,G1+TG1,,,
MAT2003,Optimization Techniques,,,E2+TE2,,,
MAT2005,Linear Algebra,TH,3,G2+TG2,,,
MAT2005,Linear Algebra,TH,3,D1+TD1,,,
MAT2005,Linear Algebra,TH,3,D2+TD2,,,
MAT2011,Graph Theory and Applications,,,D1+TD1,,,
MAT2011,Graph Theory and Applications,,,D2+TD2,,,
MAT2013,Financial Mathematics,,,D1+TD1+TDD1,,,
PHY2004,Optoelectronics,,,D1+TD1,,,
PHY2005,Introduction to Nanotechnology,ETL,3,F1+TF1,,,
PHY2005,Introduction to Nanotechnology,ETL,3,D2+TD2,,,
PHY2006,Solar Photovoltaics : Fundamentals and Technologies,TH,3,F2+TF2,Prof.Lakshmi Sowjanya Pali,324 - CB,
CSE1005,Software Engineering,ETL,3,A2+TA2,,,
CSE1005,Software Engineering,ETL,3,A2+TA2,,,
CSE1005,Software Engineering,ETL,3,A1+TA1,,,
CSE1005,Software Engineering,ETL,3,A1+TA1,,,
CSE1005,Software Engineering,ETL,3,A1+TA1,,,
CSE1005,Software Engineering,ETL,3,A2+TA2,,,
CSE1005,Software Engineering,ETL,3,A1+TA1,,,
CSE1005,Software Engineering,ETL,3,B1+TB1,,,
CSE1005,Software Engineering,ETL,3,A2+TA2,,,
CSE1005,Software Engineering,ETL,3,B2+TB2,,,
CSE1005,Software Engineering,ETL,3,A1+TA1,,,
CSE1005,Software Engineering,ETL,3,B1+TB1,,,
CSE1005,Software Engineering,ETL,3,B1+TB1,,,
CSE1005,Software Engineering,ETL,3,A2+TA2,,,
CSE1005,Software Engineering,ETL,3,B2+TB2,,,
CSE1005,Software Engineering,ETL,3,B2+TB2,,,
CSE1005,Software Engineering,ETL,3,A1+TA1,,,
CSE1005,Software Engineering,ETL,3,B1+TB1,,,
CSE1005,Software Engineering,ETL,3,B1+TB1,,,
CSE1005,Software Engineering,ETL,3,A2+TA2,,,
CSE1005,Software Engineering,ETL,3,B2+TB2,,,
CSE1005,Software Engineering,ETL,3,B2+TB2,,,
CSE1005,Software Engineering,ETL,3,B1+TB1,,,
CSE1005,Software Engineering,ETL,3,B2+TB2,,,
CSE1006,Foundations for Data Analytics,ETL,4,D1,,,
CSE1006,Foundations for Data Analytics,ETL,4,E1,,,
CSE1006,Foundations for Data Analytics,ETL,4,F1,,,
CSE1006,Foundations for Data Analytics,ETL,4,D2,,,
CSE1006,Foundations for Data Analytics,ETL,4,E2,,,
CSE1006,Foundations for Data Analytics,ETL,4,F2,Potu Bharat ,316-CB,
CSE1006,Foundations for Data Analytics,ETL,4,G1,,,
CSE1006,Foundations for Data Analytics,ETL,4,G2,,,
CSE1006,Foundations for Data Analytics,ETL,4,F1,,,
CSE1006,Foundations for Data Analytics,ETL,4,F2,,,
CSE1007,Introduction to Cryptography,ETL,4,D1+TD1,Prof.Saroj Kumar Panigraphy,G13 - CB,
CSE1007,Introduction to Cryptography,ETL,4,D2+TD2,Prof.Saroj Kumar Panigraphy,112 - CB,
CSE2003,Requirements Engineering Management,,,D1+TD1,,,
CSE2003,Requirements Engineering Management,,,D2+TD2,,,
CSE2007,Database Management Systems,ETL,3,A1+TA1,,,
CSE2007,Database Management Systems,ETL,3,B1+TB1,Prof.Anitha Rani Palakayala,214 - CB,
CSE2007,Database Management Systems,ETL,3,C1+TC1,Prof.Selva Kumar S ,113 - CB,
CSE2007,Database Management Systems,ETL,3,A2+TA2,Pulipati Nagaraju,114-CB,
CSE2007,Database Management Systems,ETL,3,B2+TB2,,,
CSE2007,Database Management Systems,ETL,3,C2+TC2,,,
CSE2007,Database Management Systems,ETL,3,A1+TA1,,,
CSE2007,Database Management Systems,ETL,3,B1+TB1,Prof.Radha Mohan Pattanayak,113 - CB,
CSE2007,Database Management Systems,ETL,3,C1+TC1,TAALAM NAGA RAJU,114-CB,
CSE2007,Database Management Systems,ETL,3,A2+TA2,,,
CSE2007,Database Management Systems,ETL,3,C2+TC2,,,
CSE2007,Database Management Systems,ETL,3,A1+TA1,,,
CSE2007,Database Management Systems,ETL,3,B1+TB1,,,
CSE2007,Database Management Systems,ETL,3,C1+TC1,,,
CSE2007,Database Management Systems,ETL,3,A2+TA2,,,
CSE2007,Database Management Systems,ETL,3,B2+TB2,,,
CSE2007,Database Management Systems,ETL,3,C2+TC2,,,
CSE2007,Database Management Systems,ETL,3,A1+TA1,,,
CSE2007,Database Management Systems,ETL,3,B1+TB1,,,
CSE2007,Database Management Systems,ETL,3,C1+TC1,,,
CSE2007,Database Management Systems,ETL,3,A2+TA2,,,
CSE2007,Database Management Systems,ETL,3,B2+TB2,,,
CSE2007,Database Management Systems,ETL,3,C2+TC2,,,
CSE2007,Database Management Systems,ETL,3,A1+TA1,,,
CSE2007,Database Management Systems,ETL,3,B1+TB1,,,
CSE2007,Database Management Systems,ETL,3,C1+TC1,,,
CSE2007,Database Management Systems,ETL,3,A2+TA2,,,
CSE2007,Database Management Systems,ETL,3,B2+TB2,,,
CSE2007,Database Management Systems,ETL,3,C2+TC2,,,
CSE2007,Database Management Systems,ETL,3,A1+TA1,,,
CSE2007,Database Management Systems,ETL,3,B1+TB1,,,
CSE2007,Database Management Systems,ETL,3,C1+TC1,,,
CSE2007,Database Management Systems,ETL,3,A2+TA2,,,
CSE2007,Database Management Systems,ETL,3,B2+TB2,,,
CSE2007,Database Management Systems,ETL,3,C2+TC2,,,
CSE2007,Database Management Systems,ETL,3,C1+TC1,,,
CSE2007,Database Management Systems,ETL,3,C2+TC2,,,
CSE2007,Database Management Systems,ETL,3,B2+TB2,,,
CSE2011,Cyber Security and Digital Forensics,,,C1+TC1,,,
CSE2011,Cyber Security and Digital Forensics,,,C2+TC2,,,
CSE2012,Knowledge Representation and Reasoning,,,F1+TFF1,,,
CSE2012,Knowledge Representation and Reasoning,,,F2+TF2,,,
CSE2012,Knowledge Representation and Reasoning,,,C1+TC1,,,
CSE3002,Artificial Intelligence,ETL,3,E2+TEE2,,,
CSE3002,Artificial Intelligence,ETL,3,F2+TFF2,,,
CSE3002,Artificial Intelligence,ETL,3,D1+TD1,,,
CSE3002,Artificial Intelligence,ETL,3,D2+TD2,DEVEE SIVA PRASAD DULAM,G15 - CB,
CSE3002,Artificial Intelligence,ETL,3,E1+TEE1,,,
CSE3002,Artificial Intelligence,ETL,3,F1+TFF1,,,
CSE3002,Artificial Intelligence,ETL,3,G1+TG1,,,
CSE3002,Artificial Intelligence,ETL,3,G2+TG2,PROF.CH KIRAN KUMAR,G12 - CB,
CSE3002,Artificial Intelligence,ETL,3,D1+TD1,,,
CSE3002,Artificial Intelligence,ETL,3,D2+TD2,DEVEE SIVA PRASAD DULAM,G15 - CB,
CSE3002,Artificial Intelligence,ETL,3,E1+TE1,,,
CSE3002,Artificial Intelligence,ETL,3,E2+TE2,,,
CSE3002,Artificial Intelligence,ETL,3,F1+TF1,,,
CSE3002,Artificial Intelligence,ETL,3,F2+TF2,,,
CSE3002,Artificial Intelligence,ETL,3,G1+TG1,,,
CSE3002,Artificial Intelligence,ETL,3,G2+TG2,,,
CSE3002,Artificial Intelligence,ETL,3,D1+TD1,,,
CSE3002,Artificial Intelligence,ETL,3,D2+TD2,DEVEE SIVA PRASAD DULAM,G15 - CB,
CSE3002,Artificial Intelligence,ETL,3,E1+TE1,,,
CSE3002,Artificial Intelligence,ETL,3,E2+TE2,,,
CSE3002,Artificial Intelligence,ETL,3,F1+TF1,,,
CSE3002,Artificial Intelligence,ETL,3,F2+TF2,,,
CSE3002,Artificial Intelligence,ETL,3,G1+TG1,,,
CSE3002,Artificial Intelligence,ETL,3,G2+TG2,,,
CSE3002,Artificial Intelligence,ETL,3,A1+TA1,,,
CSE3002,Artificial Intelligence,ETL,3,A2+TA2,,,
CSE3002,Artificial Intelligence,ETL,3,C1+TC1,,,
CSE3002,Artificial Intelligence,ETL,3,C2+TC2,,,
CSE3003,Computer Networks,ETL,3,A1+TA1,,,
CSE3003,Computer Networks,ETL,3,B1+TB1,Prof.Sanket Mishra,220 - CB,
CSE3003,Computer Networks,ETL,3,C1+TC1,,,
CSE3003,Computer Networks,ETL,3,A2+TA2,,,
CSE3003,Computer Networks,ETL,3,B2+TB2,Spandana Mande ,G13-CB,
CSE3003,Computer Networks,ETL,3,C2+TC2,,,
CSE3003,Computer Networks,ETL,3,A1+TA1,,,
CSE3003,Computer Networks,ETL,3,B1+TB1,,,
CSE3003,Computer Networks,ETL,3,C1+TC1,Prof.Arunkumar Balakrishnan,225 - CB,
CSE3003,Computer Networks,ETL,3,A2+TA2,,,
CSE3003,Computer Networks,ETL,3,B2+TB2,,,
CSE3003,Computer Networks,ETL,3,C2+TC2,,,
CSE3003,Computer Networks,ETL,3,A1+TA1,,,
CSE3003,Computer Networks,ETL,3,B1+TB1,,,
CSE3003,Computer Networks,ETL,3,C1+TC1,,,
CSE3003,Computer Networks,ETL,3,A2+TA2,,,
CSE3003,Computer Networks,ETL,3,B2+TB2,,,
CSE3003,Computer Networks,ETL,3,C2+TC2,,,
CSE3003,Computer Networks,ETL,3,A1+TA1,,,
CSE3003,Computer Networks,ETL,3,C1+TC1,,,
CSE3003,Computer Networks,ETL,3,A2+TA2,,,
CSE3003,Computer Networks,ETL,3,B2+TB2,,,
CSE3003,Computer Networks,ETL,3,C2+TC2,,,
CSE3003,Computer Networks,ETL,3,A1+TA1,,,
CSE3003,Computer Networks,ETL,3,B1+TB1,,,
CSE3003,Computer Networks,ETL,3,C1+TC1,,,
CSE3003,Computer Networks,ETL,3,A2+TA2,,,
CSE3003,Computer Networks,ETL,3,B2+TB2,,,
CSE3003,Computer Networks,ETL,3,C2+TC2,,,
CSE3003,Computer Networks,ETL,3,A1+TA1,Prof.Bommareddy Lokesh,231 - CB,
CSE3003,Computer Networks,ETL,3,C1+TC1,,,
CSE3003,Computer Networks,ETL,3,A2+TA2,,,
CSE3003,Computer Networks,ETL,3,B2+TB2,,,
CSE3003,Computer Networks,ETL,3,C2+TC2,,,
CSE3003,Computer Networks,ETL,3,A2+TA2,,,
CSE3003,Computer Networks,ETL,3,B1+TB1,,,
CSE3003,Computer Networks,ETL,3,B1+TB1,,,
CSE3003,Computer Networks,ETL,3,B1+TB1,,,
CSE3004,Design and Analysis of Algorithms,ETL,3,B1+TB1,,,
CSE3004,Design and Analysis of Algorithms,ETL,3,A1+TA1,,,
CSE3004,Design and Analysis of Algorithms,ETL,3,A2+TA2,,,
CSE3004,Design and Analysis of Algorithms,ETL,3,B2+TB2,,,
CSE3004,Design and Analysis of Algorithms,ETL,3,A2+TA2,,,
CSE3004,Design and Analysis of Algorithms,ETL,3,A1+TA1,,,
CSE3004,Design and Analysis of Algorithms,ETL,3,B1+TB1,,,
CSE3004,Design and Analysis of Algorithms,ETL,3,A1+TA1,,,
CSE3004,Design and Analysis of Algorithms,ETL,3,A2+TA2,,,
CSE3004,Design and Analysis of Algorithms,ETL,3,B2+TB2,,,
CSE3004,Design and Analysis of Algorithms,ETL,3,A2+TA2,,,
CSE3004,Design and Analysis of Algorithms,ETL,3,A1+TA1,,,
CSE3004,Design and Analysis of Algorithms,ETL,3,B1+TB1,,,
CSE3004,Design and Analysis of Algorithms,ETL,3,A1+TA1,,,
CSE3004,Design and Analysis of Algorithms,ETL,3,B2+TB2,,,
CSE3004,Design and Analysis of Algorithms,ETL,3,A1+TA1,,,
CSE3004,Design and Analysis of Algorithms,ETL,3,B1+TB1,,,
CSE3004,Design and Analysis of Algorithms,ETL,3,A1+TA1,,,
CSE3004,Design and Analysis of Algorithms,ETL,3,B2+TB2,,,
CSE3004,Design and Analysis of Algorithms,ETL,3,A2+TA2,,,
CSE3004,Design and Analysis of Algorithms,ETL,3,B1+TB1,,,
CSE3004,Design and Analysis of Algorithms,ETL,3,A1+TA1,,,
CSE3004,Design and Analysis of Algorithms,ETL,3,A2+TA2,,,
CSE3004,Design and Analysis of Algorithms,ETL,3,B2+TB2,,,
CSE3004,Design and Analysis of Algorithms,ETL,3,A2+TA2,,,
CSE3004,Design and Analysis of Algorithms,ETL,3,B1+TB1,,,
CSE3004,Design and Analysis of Algorithms,ETL,3,B2+TB2,,,
CSE3004,Design and Analysis of Algorithms,ETL,3,A2+TA2,,,
CSE3004,Design and Analysis of Algorithms,ETL,3,B1+TB1,,,
CSE3004,Design and Analysis of Algorithms,ETL,3,B1+TB1,,,
CSE3004,Design and Analysis of Algorithms,ETL,3,B2+TB2,,,
CSE3004,Design and Analysis of Algorithms,ETL,3,B2+TB2,,,
CSE3008,Introduction to Machine Learning,,,E2+TE2,,,
CSE3008,Introduction to Machine Learning,,,D1+TD1,,,
CSE3009,No SQL Databases,,,G2+TG2,,,
CSE3009,No SQL Databases,,,D1+TD1,,,
CSE3009,No SQL Databases,,,D2+TD2,,,
CSE3009,No SQL Databases,,,E1+TE1,,,
CSE3009,No SQL Databases,,,E2+TE2,,,
CSE3011,Network Programming,,,F1+TF1,,,
CSE3011,Network Programming,,,C2+TC2,,,
CSE3011,Network Programming,,,G1+TG1,,,
CSE3012,Network Security,,,D1+TD1,,,
CSE3012,Network Security,,,D2+TD2,,,
CSE3015,Natural Language Processing,,,F2+TFF2,,,
CSE3015,Natural Language Processing,,,G1+TG1,,,
CSE3015,Natural Language Processing,,,G2+TG2,,,
CSE3015,Natural Language Processing,,,D1+TD1,,,
CSE3015,Natural Language Processing,,,E1+TEE1,,,
CSE3015,Natural Language Processing,,,E2+TEE2,,,
CSE3015,Natural Language Processing,,,C1+TC1,,,
CSE3015,Natural Language Processing,,,C2+TC2,,,
CSE3015,Natural Language Processing,,,D1+TD1,,,
CSE3015,Natural Language Processing,,,D2+TD2,,,
CSE3015,Natural Language Processing,,,G1+TG1,,,
CSE3015,Natural Language Processing,,,F1+TF1,,,
CSE3015,Natural Language Processing,,,F2+TF2,,,
CSE3015,Natural Language Processing,,,F1+TFF1,,,
CSE3015,Natural Language Processing,,,G2+TG2,,,
CSE3016,Cloud Computing and Security,,,F1+TF1,,,
CSE3017,Cloud Big Data Analytics,,,D2+TD2,,,
CSE3018,Software Configuration Management,,,B2+TB2,,,
CSE3018,Software Configuration Management,,,C1+TC1,,,
CSE3033,Software Verification and Validation,,,E1+TE1,,,
CSE4001,Cloud Computing,,,D1+TD1,,,
CSE4001,Cloud Computing,,,D2+TD2,,,
CSE4001,Cloud Computing,,,E1+TE1,,,
CSE4001,Cloud Computing,,,E2+TE2,,,
CSE4005,Data Warehousing and Data Mining,,,D1+TD1,,,
CSE4005,Data Warehousing and Data Mining,,,D2+TD2,,,
CSE4005,Data Warehousing and Data Mining,,,E1+TE1,,,
CSE4005,Data Warehousing and Data Mining,,,E2+TE2,,,
CSE4008,Social Network Analysis,,,F2+TF2,,,
CSE4008,Social Network Analysis,,,G1+TG1,,,
CSE4008,Social Network Analysis,,,C2+TC2,,,
CSE4008,Social Network Analysis,,,E2+TEE2,,,
CSE4008,Social Network Analysis,,,F1+TF1,,,
CSE4016,Database Administration,,,F2+TFF2,,,
CSE4016,Database Administration,,,F1+TF1,,,
CSE4016,Database Administration,,,E2+TEE2,,,
CSE4019,Applications of Artificial Intelligence,ETL,3,E2+TE2,,,
CSE4019,Applications of Artificial Intelligence,ETL,3,F1+TF1,,,
CSE4019,Applications of Artificial Intelligence,ETL,3,G1+TG1,,,
CSE4019,Applications of Artificial Intelligence,ETL,3,F2+TFF2,,,
CSE4019,Applications of Artificial Intelligence,ETL,3,E2+TEE2,,,
CSE4031,Web Application Security,,,E1+TEE1,,,
CSE4031,Web Application Security,,,E2+TEE2,,,
CSE4037,Reinforcement Learning,,,C1+TC1,,,
CSE4037,Reinforcement Learning,,,C2+TC2,,,
CSE4037,Reinforcement Learning,,,D1+TD1,,,
CSE4037,Reinforcement Learning,,,D2+TD2,,,
CSE4037,Reinforcement Learning,,,E1+TE1,,,
CSE4037,Reinforcement Learning,,,E2+TEE2,,,
CSE4037,Reinforcement Learning,,,F1+TF1,,,
CSE4037,Reinforcement Learning,,,F2+TFF2,,,
CSE4037,Reinforcement Learning,,,D1+TD1,,,
CSE4040,Mining Massive Data Sets,,,D2+TD2,,,
CSE4040,Mining Massive Data Sets,,,E2+TE2,,,
CSE4040,Mining Massive Data Sets,,,E1+TE1,,,
CSE4042,Blockchain Platforms and Applications,,,E1+TEE1,,,
CSE4044,Software Defined Networks and Network Function Virtualization,,,D1+TD1,,,
ECE3001,Linear Integrated Circuits and Applications,,,A1+TA1,,,
ECE3001,Linear Integrated Circuits and Applications,,,A2+TA2,,,
ECE3001,Linear Integrated Circuits and Applications,,,B1+TB1,,,
SWE2002,Human Computer Interaction,,,E1+TEE1,,,
SWE2002,Human Computer Interaction,,,E2+TEE2,,,
SWE2002,Human Computer Interaction,,,F1+TFF1,,,
SWE2002,Human Computer Interaction,,,F2+TFF2,,,
SWE2004,Software Design and Architecture,,,C1+TC1,,,
SWE2004,Software Design and Architecture,,,C2+TC2,,,
SWE2004,Software Design and Architecture,,,A2+TA2,,,
SWE2004,Software Design and Architecture,,,B2+TB2,,,
SWE2006,Database Systems,,,A1+TA1,,,
SWE2006,Database Systems,,,B1+TB1,,,
SWE2006,Database Systems,,,C1+TC1,,,
SWE2006,Database Systems,,,A2+TA2,,,
SWE2006,Database Systems,,,B2+TB2,,,
SWE2006,Database Systems,,,C2+TC2,,,
SWE2006,Database Systems,,,A1+TA1,,,
SWE3001,Introduction to Computer Networks,,,A1+TA1,,,
SWE3001,Introduction to Computer Networks,,,B1+TB1,,,
SWE3001,Introduction to Computer Networks,,,C1+TC1,,,
SWE3001,Introduction to Computer Networks,,,A2+TA2,,,
SWE3001,Introduction to Computer Networks,,,B2+TB2,,,
SWE3001,Introduction to Computer Networks,,,C2+TC2,,,
SWE3001,Introduction to Computer Networks,,,B1+TB1,,,
SWE3002,Software Project Management,,,F1+TFF1,,,
SWE3002,Software Project Management,,,D1+TD1,,,
SWE3002,Software Project Management,,,D2+TD2,,,
SWE3002,Software Project Management,,,F2+TFF2,,,
SWE3003,Information and System Security,,,D1+TD1,,,
SWE3003,Information and System Security,,,E2+TEE2,,,
SWE3003,Information and System Security,,,D2+TD2,,,
SWE3003,Information and System Security,,,F2+TFF2,,,
SWE3005,Principles of Design Patterns,,,B1+TB1,,,
SWE3005,Principles of Design Patterns,,,B2+TB2,,,
SWE4002,Software Testing,,,A1+TA1,,,
SWE4002,Software Testing,,,A2+TA2,,,
SWE4006,Advanced Server Side Programming,,,A1+TA1,,,
SWE4006,Advanced Server Side Programming,,,A2+TA2,,,
CSE2006,Computer Graphics,,,F2+TFF2,,,
CSE2013,Information Theory and Coding,,,C2+TC2+TCC2,,,
CSE2013,Information Theory and Coding,,,C1+TC1+TCC1,,,
CSE2013,Information Theory and Coding,,,D1+TD1+TDD1,,,
CSE2013,Information Theory and Coding,,,D2+TD2+TDD2,,,
CSE2013,Information Theory and Coding,,,D1+TD1+TDD1,,,
LIB1013,Introduction to Comics and Graphic Narratives,,,D1+TD1,,,
LIB3001,Applications of Moral Philosophy,,,F1+TF1,,,
LIB3001,Applications of Moral Philosophy,,,E2+TE2,,,
SWE4010,Formal Language and Automata Theory,,,B1+TB1+TBB1,,,
SWE4010,Formal Language and Automata Theory,,,B2+TB2+TBB2,,,
CSE3006,Data Visualization,,,C1+TC1,,,
CSE3006,Data Visualization,,,C2+TC2,,,
CSE3006,Data Visualization,,,D1+TD1,,,
CSE3013,Secure Group Communications,,,G2+TG2,,,
CSE3013,Secure Group Communications,,,D1+TD1,,,
CSE3013,Secure Group Communications,,,D2+TD2,,,
CSE4011,Internet of Things,,,F1+TF1,,,
CSE1020,Procedural Programming Using C,,,G1,,,
CSE1020,Procedural Programming Using C,,,G2,,,
CSE4007,Digital Image Processing,,,F2+TF2,,,
CSE4007,Digital Image Processing,,,C1+TC1,,,
CSE4007,Digital Image Processing,,,C2+TC2,,,
CSE4007,Digital Image Processing,,,G2+TG2,,,
CSE4007,Digital Image Processing,,,G1+TG1,,,
CSE4007,Digital Image Processing,,,D2+TD2,,,
CSE4007,Digital Image Processing,,,E2+TE2,,,
CSE4007,Digital Image Processing,,,F1+TF1,,,
CSE4007,Digital Image Processing,,,E1+TE1,,,
CSE4007,Digital Image Processing,,,E1+TE1,,,
CSE4007,Digital Image Processing,,,D1+TD1,,,
ECE1007,Sensor Systems,,,E1+TEE1,,,
ECE1008,Sensors and Control Systems,,,C1+TC1,,,
ECE1011,Hybrid and Electric Vehicles,,,D1+TD1+TDD1,,,
ECE2001,Analog Devices and Circuits,,,A1+TA1,,,
ECE2001,Analog Devices and Circuits,,,A2+TA2,,,
ECE2001,Analog Devices and Circuits,,,C1+TC1,,,
ECE2005,Signals and Systems,,,B1+TB1+TBB1,,,
ECE2005,Signals and Systems,,,B2+TB2+TBB2,,,
ECE2005,Signals and Systems,,,A1+TA1+TAA1,,,
ECE2006,Communication Systems,,,B1+TB1,,,
ECE2006,Communication Systems,,,B2+TB2,,,
ECE2006,Communication Systems,,,A1+TA1,,,
ECE2007,Digital Signal Processing,,,D2+TD2,,,
ECE2014,Microprocessors and Microcontrollers,,,C1+TC1,,,
ECE2014,Microprocessors and Microcontrollers,,,C2+TC2,,,
ECE2014,Microprocessors and Microcontrollers,,,B1+TB1,,,
ECE2015,Computer Architecture,,,A1+TA1+TAA1,,,
ECE2015,Computer Architecture,,,A2+TA2+TAA2,,,
ECE2015,Computer Architecture,,,B1+TB1+TBB1,,,
ECE2015,Computer Architecture,,,B2+TB2+TBB2,,,
ECE3005,CMOS VLSI Design,,,F1+TFF1,,,
ECE3006,HDL Verification and Methodology,,,E1+TEE1,,,
ECE3010,Speech processing,,,C1+TC1,,,
ECE4003,Embedded Programming,,,F2+TFF2,,,
ECE4004,Automotive Electrical and Electronic systems,,,D2+TD2+TDD2,,,
ECE4005,SOC Design,,,C2+TC2,,,
ECE4006,Analog IC Design,,,E2+TEE2,,,
ECE4011,Robotics and Automation,,,D1+TD1+TDD1,,,
ECE4017,IoT Domain Analyst,,,E2,,,
ECE4018,Image Analysis and Computer Vision,,,F1+TFF1,,,
MEC1006,Introduction to Robotics,,,D2+TD2,,,
MEC2002,Thermodynamics,,,B2+TB2+TBB2,,,
MEC2005,Fundamentals of Manufacturing Processes,,,A2+TA2,,,
MEC2008,Product Design and Development,,,D1+TD1+TDD1,,,
MEC2021,Mechatronics,,,D2+TD2+TDD2,,,
MEC3001,Heat and Mass Transfer,,,A1+TA1,,,
MEC3002,Theory of Machines,,,C2+TC2,,,
MEC3005,Automation in Manufacturing,,,C2+TC2,,,
MEC3010,Renewable Source of Energy,,,F2+TF2,,,
MEC3011,Operations Research,,,E1+TEE1,,,
MEC3012,Additive Manufacturing,,,F1+TFF1,,,
MEC3027,Robot Dynamics,,,D1+TD1+TDD1,,,
MEC4003,Internal Combustion Engines,,,B1+TB1,,,
MEC4008,Automobile Engineering,,,C1+TC1,,,
ENG1016,Climate Fiction- Narratives to Save the World!,,,C1+TC1,,,
ENG1017,Film Appreciation,,,E1+TE1,,,
ENG1018,Introduction to Fashion and Technology,,,F2+TF2,,,
ENG1019,Introduction to Storytelling in Business & Entrepreneurship,,,G2+TG2,,,
ENG2011,Revisiting Shakespearean Dramas,,,G1+TG1,,,
ENG2014,Decoding Television in the Digital Age,,,D2+TD2,,,
ENG3001,Introduction to Translation Studies,,,C2+TC2,,,
ENG3004,Introducing Linguistics,,,F2,,,
FRL1004,Basic Spanish,,,E2,,,
FRL1004,Basic Spanish,,,G2,,,
FRL1004,Basic Spanish,,,F1,,,
FRL1004,Basic Spanish,,,E1,,,
FRL2004,Korean for Beginners,,,E2,,,
FRL2004,Korean for Beginners,,,G1,,,
FRL2004,Korean for Beginners,,,F1,,,
INL1001,Functional Hindi for non-Hindi Speakers,,,G2,,,
INL1001,Functional Hindi for non-Hindi Speakers,,,E1,,,
FRL1001,Basic French,,,G1,,,
FRL1001,Basic French,,,G2,,,
FRL1001,Basic French,,,E2,Prof.Carlin Pouamou,110 - CB,
FRL1001,Basic French,,,F2,,,
FRL1005,German for Beginners,,,E2,,,
FRL1005,German for Beginners,,,G1,,,
FRL1005,German for Beginners,,,E1,,,
FRL1005,German for Beginners,,,G1,,,
HUM1012,Engineering Economics,,,E2+TE2,,,
HUM1012,Engineering Economics,,,D1+TD1,,,
HUM1012,Engineering Economics,,,D2+TD2,,,
HUM2010,Gender Economics,,,G1+TG1,,,
HUM2106,History of Contemporary India,,,B2+TB2+TBB2,,,
LIB1001,Anthropology – An Introduction,,,G1+TG1,,,
LIB1014,Pursuit of Happiness,,,F1+TF1,,,
LIB1014,Pursuit of Happiness,,,F2+TF2,,,
LIB1019,Dynamics of Gender Psychology,,,F1+TF1,,,
LIB1019,Dynamics of Gender Psychology,,,E2+TE2,,,
LIB1020,Basic Psychology for Engineers,,,D2+TD2,,,
LIB1020,Basic Psychology for Engineers,,,E1+TE1,,,
LIB2003,Geography of Asia and Sub-Saharan Africa,,,F2+TF2,,,
LIB2004,Ancient India History,,,C2+TC2+TCC2,,,
LIB2007,The Aesthetics of Performing Arts,,,C1+TC1+TCC1,,,
LIB2010,Food & Literature,,,E2+TE2,,,
LIB2015,Design Psychology,,,G1+TG1,,,
LIB2016,Human Factors Psychology,,,C2+TC2,,,
LIB2106,"Language, Mind and Logic: Scientific Spectrum",,,E1+TEE1,,,
STS1007,Arithmetic Problem Solving,TH,3,D1+TD1,,,
STS1007,Arithmetic Problem Solving,TH,3,D2+TD2,,,
STS1007,Arithmetic Problem Solving,TH,3,E2+TEE2,,,
STS1007,Arithmetic Problem Solving,TH,3,F2+TFF2,,,
STS1007,Arithmetic Problem Solving,TH,3,E1+TEE1,,,
STS1007,Arithmetic Problem Solving,TH,3,F1+TFF1,,,
STS1007,Arithmetic Problem Solving,TH,3,G1+TG1,,,
STS2003,Aptitude and Reasoning Skills,TH,,F2+TFF2,,,
STS2003,Aptitude and Reasoning Skills,TH,,D2+TD2,,,
STS2007,Enhancing Problem Solving Skills,TH,3,D2+TD2,,,
STS2007,Enhancing Problem Solving Skills,TH,3,E1+TE1,,,
STS2007,Enhancing Problem Solving Skills,TH,3,E2+TE2,,,
STS2007,Enhancing Problem Solving Skills,TH,3,F1+TF1,,,
STS2007,Enhancing Problem Solving Skills,TH,3,F2+TF2,,,
STS2007,Enhancing Problem Solving Skills,TH,3,G2+TG2,,,
STS2007,Enhancing Problem Solving Skills,TH,3,D1+TD1,,,
STS2007,Enhancing Problem Solving Skills,TH,3,D2+TD2,,,
STS2007,Enhancing Problem Solving Skills,TH,3,E1+TE1,,,
STS2007,Enhancing Problem Solving Skills,TH,3,E2+TE2,,,
STS2007,Enhancing Problem Solving Skills,TH,3,F1+TF1,,,
STS2007,Enhancing Problem Solving Skills,TH,3,F2+TF2,,,
STS2007,Enhancing Problem Solving Skills,TH,3,G2+TG2,,,
STS2007,Enhancing Problem Solving Skills,TH,3,D1+TD1,,,
STS2007,Enhancing Problem Solving Skills,TH,3,F2+TF2,,,
STS2007,Enhancing Problem Solving Skills,TH,3,G1+TG1,,,
STS2007,Enhancing Problem Solving Skills,TH,3,B1+TB1,,,
STS2007,Enhancing Problem Solving Skills,TH,3,C1+TC1,,,
STS2007,Enhancing Problem Solving Skills,TH,3,A2+TA2,,,
STS2007,Enhancing Problem Solving Skills,TH,3,C2+TC2,,,
STS2007,Enhancing Problem Solving Skills,TH,3,D2+TD2,,,
STS2007,Enhancing Problem Solving Skills,TH,3,E2+TE2,,,
STS2007,Enhancing Problem Solving Skills,TH,3,F2+TF2,,,
STS2007,Enhancing Problem Solving Skills,TH,3,G1+TG1,,,
STS2007,Enhancing Problem Solving Skills,TH,3,G2+TG2,,,
STS2007,Enhancing Problem Solving Skills,TH,3,D1+TD1,,,
STS2007,Enhancing Problem Solving Skills,TH,3,E1+TE1,,,
STS2007,Enhancing Problem Solving Skills,TH,3,E1+TEE1,,,
STS2007,Enhancing Problem Solving Skills,TH,3,F1+TFF1,,,
STS2007,Enhancing Problem Solving Skills,TH,3,A1+TA1,,,
STS2007,Enhancing Problem Solving Skills,TH,3,B2+TB2,,,
STS2007,Enhancing Problem Solving Skills,TH,3,C1+TC1,,,
STS2007,Enhancing Problem Solving Skills,TH,3,C2+TC2,,,
STS2007,Enhancing Problem Solving Skills,TH,3,D1+TD1,,,
STS2007,Enhancing Problem Solving Skills,TH,3,D1+TD1,,,
STS2007,Enhancing Problem Solving Skills,TH,3,D1+TD1,,,
STS2007,Enhancing Problem Solving Skills,TH,3,D2+TD2,,,
STS2007,Enhancing Problem Solving Skills,TH,3,D2+TD2,,,
STS2007,Enhancing Problem Solving Skills,TH,3,E1+TE1,,,
STS2007,Enhancing Problem Solving Skills,TH,3,E1+TE1,,,
STS2007,Enhancing Problem Solving Skills,TH,3,E1+TE1,,,
STS2007,Enhancing Problem Solving Skills,TH,3,E2+TE2,,,
STS2007,Enhancing Problem Solving Skills,TH,3,E2+TE2,,,
STS2007,Enhancing Problem Solving Skills,TH,3,E2+TEE2,,,
STS2007,Enhancing Problem Solving Skills,TH,3,F1+TF1,,,
STS2007,Enhancing Problem Solving Skills,TH,3,F1+TF1,,,
STS2007,Enhancing Problem Solving Skills,TH,3,F1+TF1,,,
STS2007,Enhancing Problem Solving Skills,TH,3,F1+TF1,,,
STS2007,Enhancing Problem Solving Skills,TH,3,F2+TF2,,,
STS2007,Enhancing Problem Solving Skills,TH,3,F2+TFF2,,,
STS2007,Enhancing Problem Solving Skills,TH,3,G1+TG1,,,
STS2007,Enhancing Problem Solving Skills,TH,3,G1+TG1,,,
STS2007,Enhancing Problem Solving Skills,TH,3,G1+TG1,,,
STS2007,Enhancing Problem Solving Skills,TH,3,F2+TF2,,,
STS2007,Enhancing Problem Solving Skills,TH,3,G2+TG2,,,
STS2007,Enhancing Problem Solving Skills,TH,3,F2+TF2,,,
STS2007,Enhancing Problem Solving Skills,TH,3,G2+TG2,,,
STS2007,Enhancing Problem Solving Skills,TH,3,D2+TD2,,,
STS2009,Arithmetic Problem Solving Skills,TH,3,E1+TEE1,,,
STS2009,Arithmetic Problem Solving Skills,TH,3,E2+TEE2,,,
STS2009,Arithmetic Problem Solving Skills,TH,3,F1+TFF1,,,
STS2009,Arithmetic Problem Solving Skills,TH,3,F2+TFF2,,,
STS4003,Enhancing Programming Ability,TH,3,D2+TD2,,,
STS4005,Basic Competitive Coding - II,TH,3,C1+TC1,,,
STS4005,Basic Competitive Coding - II,TH,3,D2+TD2,,,
STS4005,Basic Competitive Coding - II,TH,3,E1+TEE1,,,
STS4005,Basic Competitive Coding - II,TH,3,E2+TE2,,,
STS4005,Basic Competitive Coding - II,TH,3,F2+TF2,,,
STS4005,Basic Competitive Coding - II,TH,3,C2+TC2,,,
STS4005,Basic Competitive Coding - II,TH,3,E1+TE1,,,
STS4005,Basic Competitive Coding - II,TH,3,E2+TEE2,,,
STS4005,Basic Competitive Coding - II,TH,3,F2+TFF2,,,
STS4005,Basic Competitive Coding - II,TH,3,D1+TD1,,,
STS4005,Basic Competitive Coding - II,TH,3,F1+TFF1,,,
STS4005,Basic Competitive Coding - II,TH,3,F1+TF1,,,
STS4005,Basic Competitive Coding - II,TH,3,C1+TC1,,,
STS4005,Basic Competitive Coding - II,TH,3,C2+TC2,,,
STS4005,Basic Competitive Coding - II,TH,3,D2+TD2,,,
STS4005,Basic Competitive Coding - II,TH,3,F1+TF1,,,
STS4005,Basic Competitive Coding - II,TH,3,F2+TFF2,,,
STS4005,Basic Competitive Coding - II,TH,3,G1+TG1,,,
STS4005,Basic Competitive Coding - II,TH,3,C1+TC1,,,
STS4005,Basic Competitive Coding - II,TH,3,G2+TG2,,,
STS4005,Basic Competitive Coding - II,TH,3,G1+TG1,,,
STS4005,Basic Competitive Coding - II,TH,3,G2+TG2,,,
STS4005,Basic Competitive Coding - II,TH,3,C1+TC1,,,
STS4005,Basic Competitive Coding - II,TH,3,C2+TC2,,,
STS4005,Basic Competitive Coding - II,TH,3,C2+TC2,,,
STS4005,Basic Competitive Coding - II,TH,3,D1+TD1,,,
STS4005,Basic Competitive Coding - II,TH,3,D1+TD1,,,
STS4005,Basic Competitive Coding - II,TH,3,D2+TD2,,,
STS4005,Basic Competitive Coding - II,TH,3,E1+TE1,,,
STS4005,Basic Competitive Coding - II,TH,3,E1+TEE1,,,
STS4005,Basic Competitive Coding - II,TH,3,E2+TE2,,,
STS4005,Basic Competitive Coding - II,TH,3,E2+TEE2,,,
STS4005,Basic Competitive Coding - II,TH,3,F1+TFF1,,,
STS4005,Basic Competitive Coding - II,TH,3,F2+TF2,,,
STS4005,Basic Competitive Coding - II,TH,3,G1+TG1,,,
STS4005,Basic Competitive Coding - II,TH,3,G1+TG1,,,
STS4005,Basic Competitive Coding - II,TH,3,G2+TG2,,,
STS4005,Basic Competitive Coding - II,TH,3,G2+TG2,,,
HUM1002,Personal Finance for Engineers,,,E1,,,
HUM1005,Introduction to Cost Accounting,,,G2+TG2,,,
HUM2003,Fundamentals of Cost and Management Accounting,,,C2+TC2+TCC2,,,
MGT1002,Lean Start-up Management,,,G2+TG2,,,
MGT1002,Lean Start-up Management,,,E1+TE1,,,
MGT1002,Lean Start-up Management,,,E2+TE2,,,
MGT1014,Fundamentals of Brand Management,,,E2+TE2,,,
MGT1015,Fundamentals of Consumer Behaviour,,,G1+TG1,,,
MGT1015,Fundamentals of Consumer Behaviour,,,G2+TG2,,,
MGT1040,Entrepreneurship,LO,2,E1,,,
MGT1040,Entrepreneurship,LO,2,F1,,,
MGT1040,Entrepreneurship,LO,2,G1,DR.G.SOMA SEKHAR,G13 - CB,
MGT1040,Entrepreneurship,LO,2,E2,,,
MGT1040,Entrepreneurship,LO,2,F2,,,
MGT1040,Entrepreneurship,LO,2,G2,,,
MGT1040,Entrepreneurship,LO,2,E1,,,
MGT1040,Entrepreneurship,LO,2,F1,,,
MGT1040,Entrepreneurship,LO,2,E2,,,
MGT1040,Entrepreneurship,LO,2,F2,,,
MGT1040,Entrepreneurship,LO,2,G2,,,
MGT1040,Entrepreneurship,LO,2,E1,,,
MGT1040,Entrepreneurship,LO,2,F1,,,
MGT1040,Entrepreneurship,LO,2,G1,,,
MGT1040,Entrepreneurship,LO,2,E2,,,
MGT1040,Entrepreneurship,LO,2,F2,,,
MGT1040,Entrepreneurship,LO,2,G2,Krishnasamy,225-CB,
MGT1040,Entrepreneurship,LO,2,G1,,,
MGT1040,Entrepreneurship,LO,2,G1,,,
MGT1042,Financial and Management Accounting,,,F1+TFF1,,,
MGT2006,Fundamentals of Financial Management,,,F1+TFF1,,,
MGT2006,Fundamentals of Financial Management,,,G2+TG2,,,
MGT2014,Fundamentals of Marketing Management,,,E2+TE2,,,
MGT2014,Fundamentals of Marketing Management,,,C1+TC1,,,
MGT2016,Essentials of Marketing Management,,,D1+TD1+TDD1,,,
MGT2016,Essentials of Marketing Management,,,D2+TD2+TDD2,,,
MGT3004,Fundamentals of Operations and Supply Chain Management,,,G1+TG1,,,
TEC3001,Design Thinking,LO,3,C1+TC1,,,
TEC3001,Design Thinking,LO,3,G2+TG2,,,
TEC3001,Design Thinking,LO,3,G1+TG1,,,
TEC3001,Design Thinking,LO,3,D1+TD1,,,
TEC3001,Design Thinking,LO,3,D1+TD1,,,
TEC3001,Design Thinking,LO,3,E1+TE1,,,
TEC3001,Design Thinking,LO,3,C2+TC2,Muthu Krishnammal ,G14-CB,
TEC3001,Design Thinking,LO,3,D2+TD2,,,
TEC3001,Design Thinking,LO,3,F1+TF1,,,
TEC3001,Design Thinking,LO,3,G2+TG2,,,
TEC3001,Design Thinking,LO,3,C2+TC2,,,
TEC3001,Design Thinking,LO,3,D2+TD2,,,
TEC3001,Design Thinking,LO,3,F1+TF1,,,
TEC3001,Design Thinking,LO,3,E1+TE1,,,
TEC3001,Design Thinking,LO,3,E2+TE2,,,
TEC3001,Design Thinking,LO,3,F2+TF2,,,
TEC3001,Design Thinking,LO,3,C1+TC1,,,
TEC3001,Design Thinking,LO,3,G1+TG1,,,
TEC3001,Design Thinking,LO,3,E2+TE2,,,
TEC3001,Design Thinking,LO,3,F2+TF2,,,
TEC3001,Design Thinking,LO,3,D1+TD1,,,
TEC3001,Design Thinking,LO,3,D2+TD2,,,
TEC3001,Design Thinking,LO,3,E2+TE2,,,
LAW1001,"Law, Internet and Society",,,E2+TEE2,,,
LAW1003,Human Rights and Criminal Justice System,,,G2+TG2,,,
LAW1005,Introduction to Indian Constitution,,,F2+TFF2,,,
MGT1029,Basic Law for Engineers,,,D2+TD2,,,
MGT1029,Basic Law for Engineers,,,E1+TEE1,,,
CHY1001,Environmental Studies,,,A+TA,,,
CHY1004,Engineering Chemistry,,,C+TC,,,
CHY1005,Industrial Chemistry for Engineers,,,A+TA+TAA,,,
CHY1006,Corrosion Science and Engineering,,,C+TC+TCC,,,
CHY2001,Chemical and Biosensors,,,A+TA+TAA,,,
CSE1007,Introduction to Cryptography,,,B+TB+TBB,,,
CSE1008,Theory of Computation,TH,4,A+TA+TAA,,,
CSE1012,Problem Solving using Python,ETL,3,C+TC+TCC,,,
CSE1012,Problem Solving using Python,ETL,3,A+TA+TAA,,,
CSE2001,Data Structures and Algorithms,ETL,3,A+TA+TAA,,,
CSE2001,Data Structures and Algorithms,ETL,3,B+TB+TBB,,,
CSE2001,Data Structures and Algorithms,ETL,3,C+TC+TCC,,,
CSE2005,Object Oriented Programming,ETL,3,B+TB+TBB,,,
CSE2005,Object Oriented Programming,ETL,3,A+TA+TAA,,,
CSE2005,Object Oriented Programming,ETL,3,C+TC+TCC,Dr. Sanjeev Kumar Dwivedi,415 - AB1,
CSE2005,Object Oriented Programming,ETL,3,C+TC+TCC,,,
CSE2007,Database Management Systems,ETL,3,A+TA+TAA,,,
CSE2008,Operating Systems,ETL,4,C+TC+TCC,,,
CSE2014,Data Structures and Algorithms,ETL,4,A+TA+TAA,,,
CSE2018,Database Management Systems,ETL,3,C+TC+TCC,,,
CSE2019,Machine Learning,ETL,,C+TC+TCC,,,
CSE3002,Artificial Intelligence,ETL,3,B+TB+TBB,,,
CSE3003,Computer Networks,ETL,3,B+TB+TBB,,,
CSE3004,Design and Analysis of Algorithms,ETL,3,A+TA+TAA,,,
CSE3008,Introduction to Machine Learning,,,C+TC+TCC,,,
CSE4002,Mobile Application Development,,,B+TB+TBB,,,
CSE4005,Data Warehousing and Data Mining,,,C+TC+TCC,,,
CSE4007,Digital Image Processing,,,A+TA+TAA,,,
ECE1002,Fundamentals of Electrical and Electronics Engineering,ETL,3,A+TA+TAA,,,
ECE1003,Digital Logic Design,ETL,3,A2+TA2,Prof.Chandan Nayak,317 - CB,
ECE1003,Digital Logic Design,ETL,3,B+TB,,,
ECE1003,Digital Logic Design,ETL,3,C+TC,,,
ECE1006,Digital Logic and Microprocessors,,,B+TB+TBB,,,
ECE1006,Digital Logic and Microprocessors,,,C+TC+TCC,,,
ECE1007,Sensor Systems,,,A+TA+TAA,,,
ECE2001,Analog Devices and Circuits,,,C+TC+TCC,,,
ECE2002,Computer Organization and Architecture,TH,4,A+TA+TAA,,,
ECE2002,Computer Organization and Architecture,TH,4,B+TB+TBB,,,
ECE2003,Control Systems Engineering,,,B+TB+TBB,,,
ECE2004,Microcontrollers and Interfacing,,,C+TC+TCC,,,
ECE2005,Signals and Systems,,,C+TC+TCC,,,
ECE2010,Digital System Design for ASICs and FPGAs,,,B+TB+TBB,,,
ECE2014,Microprocessors and Microcontrollers,,,B+TB+TBB,,,
ECE2015,Computer Architecture,,,A+TA+TAA,,,
ECE2015,Computer Architecture,,,B+TB+TBB,,,
ECE3001,Linear Integrated Circuits and Applications,,,A+TA+TAA,,,
ECE3018,IoT Fundamentals,,,B+TB,,,
ENG2001,English for Professional Communication,,,C+TC,,,
ENG3004,Introducing Linguistics,,,B+TB,,,
FRL1001,Basic French,,,B+TB,,,
FRL1001,Basic French,,,A+TA,,,
HUM1002,Personal Finance for Engineers,,,B+TB,,,
LAW1005,Introduction to Indian Constitution,,,B+TB+TBB,,,
LIB1001,Anthropology – An Introduction,,,B+TB+TBB,,,
LIB1014,Pursuit of Happiness,,,C+TC+TCC,,,
MAT1002,Applications of differential and difference equations,TH,4,B+TB+TBB,,,
MAT1002,Applications of differential and difference equations,TH,4,B+TB+TBB,,,
MAT1002,Applications of differential and difference equations,TH,4,B+TB+TBB,,,
MAT1002,Applications of differential and difference equations,TH,4,A+TA+TAA,,,
MAT1002,Applications of differential and difference equations,TH,4,A+TA+TAA,,,
MAT1002,Applications of differential and difference equations,TH,4,A+TA+TAA,,,
MAT1002,Applications of differential and difference equations,TH,4,C+TC+TCC,,,
MAT1002,Applications of differential and difference equations,TH,4,C+TC+TCC,,,
MAT1002,Applications of differential and difference equations,TH,4,C+TC+TCC,,,
MAT1002,Applications of differential and difference equations,TH,4,B+TB+TBB,,,
MAT1002,Applications of differential and difference equations,TH,4,A+TA+TAA,,,
MAT1003,Discrete Mathematical Structures,TH,4,B+TB+TBB,,,
MAT1003,Discrete Mathematical Structures,TH,4,A+TA+TAA,,,
MAT1003,Discrete Mathematical Structures,TH,4,A+TA+TAA,,,
MAT1003,Discrete Mathematical Structures,TH,4,C+TC+TCC,,,
MAT1003,Discrete Mathematical Structures,TH,4,B+TB+TBB,,,
MAT1007,Discrete Mathematics,,,B+TB+TBB,,,
MAT1009,Applied Linear Algebra,,,C+TC+TCC,,,
MAT1009,Applied Linear Algebra,,,B+TB+TBB,,,
MAT1011,Applied Statistics,ETL,3,C+TC+TCC,,,
MAT1011,Applied Statistics,ETL,3,A+TA+TAA,,,
MAT1011,Applied Statistics,ETL,3,B+TB+TBB,,,
MAT1014,Fundamental Statistics,,,A+TA+TAA,,,
MEC2002,Thermodynamics,,,A+TA+TAA,,,
MEC2004,Fluid Mechanics,,,B+TB+TBB,,,
MEC2005,Fundamentals of Manufacturing Processes,,,C+TC+TCC,,,
MEC2016,Robot Kinematics and Dynamics,,,B+TB+TBB,,,
MEC3004,Machine Design,,,B+TB+TBB,,,
MEC3026,Robot Kinematics,,,B+TB+TBB,,,
MEC4008,Automobile Engineering,,,C+TC+TCC,,,
MGT1002,Lean Start-up Management,,,A+TA+TAA,,,
MGT1005,Fundamentals of Creativity and Innovation Management,,,B+TB,,,
MGT1020,Fundamentals of Services Marketing,,,A+TA+TAA,,,
MGT1031,Fundamentals of Management,,,A+TA,,,
MGT2016,Essentials of Marketing Management,,,A+TA+TAA,,,
MGT3001,Services Science and Service Operational Management,,,B+TB,,,
MGT3004,Fundamentals of Operations and Supply Chain Management,,,C+TC+TCC,,,
PHY1002,Semiconductor Device Physics,,,C+TC+TCC,,,
PHY2003,Condensed Matter Physics,,,B+TB+TBB,,,
PHY2004,Optoelectronics,,,A+TA+TAA,,,
PHY2005,Introduction to Nanotechnology,ETL,3,C+TC+TCC,,,
PHY4204,Quantum Mechanics - II,,,A+TA+TAA,,,
STS1001,Introduction to Business Communication,,,B+TB+TBB,,,
STS1002,Fundamentals of Aptitude,,,B+TB+TBB,,,
STS1007,Arithmetic problem solving,LO,3,A+TA+TAA,,,
STS1007,Arithmetic problem solving,LO,3,B+TB+TBB,,,
STS1007,Arithmetic problem solving,LO,3,C+TC+TCC,,,
STS1009,"Introduction to Quantitative, Logical and Verbal Ability",,,C+TC+TCC,,,
STS2006,Getting Started to Skill Enhancement,TH,3,A+TA+TAA,,,
STS2006,Getting Started to Skill Enhancement,TH,3,B+TB+TBB,,,
STS2006,Getting Started to Skill Enhancement,TH,3,C+TC+TCC,,,
STS2006,Getting Started to Skill Enhancement,TH,3,C+TC+TCC,,,
STS2007,Enhancing Problem Solving Skills,TH,3,C+TC+TCC,,,
STS3006,Basic Competitive Coding - I,TH,3,C+TC+TCC,,,
STS4005,Basic Competitive Coding - II,TH,3,A+TA+TAA,,,
SWE2001,Data Structures and its Applications,,,A+TA+TAA,,,
SWE2005,Concepts of Object Oriented Programming,,,A+TA+TAA,,,
SWE2006,Database Systems,,,B+TB+TBB,,,
SWE2007,Fundamentals of Operating Systems,,,C+TC+TCC,,,
SWE3001,Introduction to Computer Networks,,,A+TA+TAA,,,
SWE4001,Internet and Web Technologies,,,B+TB+TBB,,,
SWE4003,Concepts of Mobile Application Development,,,C+TC+TCC,,,
TEC3001,Design Thinking,TH,3,A+TA+TAA,,,
TEC3001,Design Thinking,TH,3,C+TC+TCC,,,
CHY1004,Engineering Chemistry,LO,1,L35+L36,,,
CHY1004,Engineering Chemistry,LO,1,L47+L48,,,
CSE1007,Introduction to Cryptography,LO,1,L43+L44,,,
CSE1007,Introduction to Cryptography,LO,1,L31+L32,,,
CSE1007,Introduction to Cryptography,LO,1,L43+L44,,,
CSE1012,Problem Solving using Python,LO,1,L27+L28,,,
CSE1012,Problem Solving using Python,LO,1,L39+L40,,,
CSE1012,Problem Solving using Python,LO,1,L43+L44,,,
CSE1012,Problem Solving using Python,LO,1,L31+L32,,,
CSE2001,Data Structures and Algorithms,LO,1,L35+L36,,,
CSE2001,Data Structures and Algorithms,LO,1,L47+L4,,,
CSE2001,Data Structures and Algorithms,LO,1,L27+L28,,,
CSE2001,Data Structures and Algorithms,LO,1,L39+L40,,,
CSE2001,Data Structures and Algorithms,LO,1,L43+L44,,,
CSE2001,Data Structures and Algorithms,LO,1,L31+L32,,,
CSE2005,Object Oriented Programming,LO,1,L31+L32,,,
CSE2005,Object Oriented Programming,LO,1,L43+L44,,,
CSE2005,Object Oriented Programming,LO,1,L27+L28,,,
CSE2005,Object Oriented Programming,LO,1,L39+L40,,,
CSE2005,Object Oriented Programming,LO,1,L35+L36,,,
CSE2005,Object Oriented Programming,LO,1,L47+L48,,,
CSE2005,Object Oriented Programming,LO,1,L31+L32,,,
CSE2005,Object Oriented Programming,LO,1,L43+L44,,,
CSE2007,Database Management Systems,LO,1,L31+L32,,,
CSE2007,Database Management Systems,LO,1,L43+L44,,,
CSE2008,Operating Systems,LO,1,L27+L28,,,
CSE2008,Operating Systems,LO,1,L39+L40,,,
CSE2014,Data Structures and Algorithms,LO,1,L31+L32,,,
CSE2014,Data Structures and Algorithms,LO,1,L43+L44,,,
CSE2018,Database Management Systems,LO,1,L35+L36,,,
CSE2018,Database Management Systems,LO,1,L47+L48,,,
CSE2019,Machine Learning,LO,1,L27+L28,,,
CSE2019,Machine Learning,LO,1,L39+L40,,,
CSE3002,Artificial Intelligence,LO,1,L27+L28,,,
CSE3002,Artificial Intelligence,LO,1,L39+L40,,,
CSE3003,Computer Networks,LO,1,L31+L32,,,
CSE3003,Computer Networks,LO,1,L43+L44,,,
CSE3004,Design and Analysis of Algorithms,LO,1,L31+L32,,,
CSE3004,Design and Analysis of Algorithms,LO,1,L43+L44,,,
CSE3008,Introduction to Machine Learning,LO,1,L27+L28,,,
CSE3008,Introduction to Machine Learning,LO,1,L27+L28,,,
CSE4002,Mobile Application Development,LO,1,L31+L32,,,
CSE4002,Mobile Application Development,LO,1,L43+L44,,,
CSE4005,Data Warehousing and Data Mining,LO,1,L27+L28,,,
CSE4005,Data Warehousing and Data Mining,LO,1,L39+L40,,,
CSE4007,Digital Image Processing,LO,1,L35+L36,,,
CSE4007,Digital Image Processing,LO,1,L47+L48,,,
ECE1002,Fundamentals of Electrical and Electronics Engineering,LO,1,L27+L28,,,
ECE1002,Fundamentals of Electrical and Electronics Engineering,LO,1,L39+L40,,,
ECE1003,Digital Logic Design,LO,1,L35+L36,,,
ECE1003,Digital Logic Design,LO,1,L47+L48,,,
ECE1003,Digital Logic Design,LO,1,L43+L44,,,
ECE1003,Digital Logic Design,LO,1,L31+L32,,,
ECE1003,Digital Logic Design,LO,1,L27+L28,,,
ECE1003,Digital Logic Design,LO,1,L39+L40,,,
ECE1006,Digital Logic and Microprocessors,LO,1,L31+L32,,,
ECE1006,Digital Logic and Microprocessors,LO,1,L43+L44,,,
ECE1006,Digital Logic and Microprocessors,LO,1,L27+L28,,,
ECE1006,Digital Logic and Microprocessors,LO,1,L39+L40,,,
ECE1007,Sensor Systems,LO,1,L31+L32,,,
ECE1007,Sensor Systems,LO,1,L43+L44,,,
ECE2001,Analog Devices and Circuits,LO,1,L27+L28,,,
ECE2001,Analog Devices and Circuits,LO,1,L39+L40,,,
ECE2003,Control Systems Engineering,LO,1,L35+L36,,,
ECE2003,Control Systems Engineering,LO,1,L47+L48,,,
ECE2004,Microcontrollers and Interfacing,LO,1,L31+L32,,,
ECE2004,Microcontrollers and Interfacing,LO,1,L43+L44,,,
ECE2010,Digital System Design for ASICs and FPGAs,LO,1,L35+L36,,,
ECE2010,Digital System Design for ASICs and FPGAs,LO,1,L47+L48,,,
ECE2014,Microprocessors and Microcontrollers,LO,1,L35+L36,,,
ECE2014,Microprocessors and Microcontrollers,LO,1,L47+L48,,,
ECE3001,Linear Integrated Circuits and Applications,LO,1,L31+L32,,,
ECE3001,Linear Integrated Circuits and Applications,LO,1,L43+L44,,,
ECE3018,IoT Fundamentals,LO,1,L35+L36,,,
ECE3018,IoT Fundamentals,LO,1,L47+L48,,,
ENG2001,English for Professional Communication,LO,1,L27+L28,,,
ENG2001,English for Professional Communication,LO,1,L39+L40,,,
MAT1011,Applied Statistics,LO,1,L27+L28,,,
MAT1011,Applied Statistics,LO,1,L39+L40,,,
MAT1011,Applied Statistics,LO,1,L31+L32,,,
MAT1011,Applied Statistics,LO,1,L43+L44,,,
MAT1011,Applied Statistics,LO,1,L35+L36,,,
MAT1011,Applied Statistics,LO,1,L47+L48,,,
MAT1011,Applied Statistics,LO,1,L35+L36,,,
MAT1011,Applied Statistics,LO,1,L47+L48,,,
MAT1014,Fundamental Statistics,LO,1,L35+L36,,,
MAT1014,Fundamental Statistics,LO,1,L47+L48,,,
MEC2004,Fluid Mechanics,LO,1,L27+L28,,,
MEC2004,Fluid Mechanics,LO,1,L39+L40,,,
MEC2005,Fundamentals of Manufacturing Processes,LO,1,L27+L28,,,
MEC2005,Fundamentals of Manufacturing Processes,LO,1,L39+L40,,,
MEC2016,Robot Kinematics and Dynamics,LO,1,L35+L36,,,
MEC2016,Robot Kinematics and Dynamics,LO,1,L47+L48,,,
MEC3004,Machine Design,LO,1,L31+L32,,,
MEC3004,Machine Design,LO,1,L43+L44,,,
MEC4008,Automobile Engineering,LO,1,L35+L36,,,
MEC4008,Automobile Engineering,LO,1,L47+L48,,,
MGT1001,Ethics and Values,LO,2,L31+L32,,,
MGT1001,Ethics and Values,LO,2,L43+L44,,,
SWE2001,Data Structures and its Applications,LO,1,L47+L48,,,
SWE2001,Data Structures and its Applications,LO,1,L35+L36,,,
SWE2005,Concepts of Object Oriented Programming,LO,1,L47+L48,,,
SWE2005,Concepts of Object Oriented Programming,LO,1,L35+L36,,,
SWE2006,Database Systems,LO,1,L47+L48,,,
SWE2006,Database Systems,LO,1,L35+L36,,,
SWE2007,Fundamentals of Operating Systems,LO,1,L39+L40,,,
SWE2007,Fundamentals of Operating Systems,LO,1,L27+L28,,,
SWE2007,Fundamentals of Operating Systems,LO,1,L27+L28,,,
SWE2007,Fundamentals of Operating Systems,LO,1,L39+L40,,,
SWE4001,Internet and Web Technologies,LO,1,L39+L40,,,
SWE4001,Internet and Web Technologies,LO,1,L27+L28,,,
SWE4003,Concepts of Mobile Application Development,LO,1,L43+L44,,,
SWE4003,Concepts of Mobile Application Development,LO,1,L31+L32,,,
MAT1011,Applied Statistics,LO,1,L7+L8,,,
MAT1011,Applied Statistics,LO,1,L53+L54,,,
MAT1011,Applied Statistics,LO,1,L39+L40,,,
MAT1011,Applied Statistics,LO,1,L51+L52,,,
MAT1011,Applied Statistics,LO,1,L11+L12,,,
MAT1011,Applied Statistics,LO,1,L27+L28,,,
CSE1006,Foundations for Data Analytics,LO,1,L33+L34,,,
CSE1006,Foundations for Data Analytics,LO,1,L53+L54,,,
CSE2001,Data Structures and Algorithms,LO,1,L1+L2,,,
CSE2001,Data Structures and Algorithms,LO,1,L3+L4,,,
CSE2001,Data Structures and Algorithms,LO,1,L5+L6,,,
CSE2001,Data Structures and Algorithms,LO,1,L7+L8,,,
CSE2001,Data Structures and Algorithms,LO,1,L9+L10,,,
CSE2001,Data Structures and Algorithms,LO,1,L11+L12,,,
CSE2001,Data Structures and Algorithms,LO,1,L13+L14,,,
CSE2001,Data Structures and Algorithms,LO,1,L15+L16,,,
CSE2001,Data Structures and Algorithms,LO,1,L17+L18,,,
CSE2001,Data Structures and Algorithms,LO,1,L19+L20,,,
CSE2001,Data Structures and Algorithms,LO,1,L21+L22,,,
CSE2001,Data Structures and Algorithms,LO,1,L23+L24,,,
CSE2001,Data Structures and Algorithms,LO,1,L25+L26,,,
CSE2001,Data Structures and Algorithms,LO,1,L27+L28,,,
CSE2001,Data Structures and Algorithms,LO,1,L29+L30,,,
CSE2001,Data Structures and Algorithms,LO,1,L31+L32,,,
CSE2001,Data Structures and Algorithms,LO,1,L33+L34,,,
CSE2001,Data Structures and Algorithms,LO,1,L35+L36,,,
CSE2001,Data Structures and Algorithms,LO,1,L37+L38,,,
CSE2001,Data Structures and Algorithms,LO,1,L39+L40,,,
CSE2001,Data Structures and Algorithms,LO,1,L41+L42,,,
CSE2001,Data Structures and Algorithms,LO,1,L43+L44,,,
CSE2001,Data Structures and Algorithms,LO,1,L45+L46,,,
CSE2001,Data Structures and Algorithms,LO,1,L47+L48,,,
CSE2001,Data Structures and Algorithms,LO,1,L49+L50,,,
CSE2001,Data Structures and Algorithms,LO,1,L51+L52,,,
CSE2001,Data Structures and Algorithms,LO,1,L53+L54,,,
CSE2001,Data Structures and Algorithms,LO,1,L55+L56,,,
CSE2001,Data Structures and Algorithms,LO,1,L57+L58,,,
CSE2001,Data Structures and Algorithms,LO,1,L59+L60,,,
CSE2001,Data Structures and Algorithms,LO,1,L1+L2,,,
CSE2001,Data Structures and Algorithms,LO,1,L3+L4,,,
CSE2001,Data Structures and Algorithms,LO,1,L5+L6,,,
CSE2001,Data Structures and Algorithms,LO,1,L7+L8,,,
CSE2001,Data Structures and Algorithms,LO,1,L9+L10,,,
CSE2001,Data Structures and Algorithms,LO,1,L11+L12,,,
CSE2001,Data Structures and Algorithms,LO,1,L13+L14,,,
CSE2001,Data Structures and Algorithms,LO,1,L15+L16,,,
CSE2001,Data Structures and Algorithms,LO,1,L17+L18,,,
CSE2001,Data Structures and Algorithms,LO,1,L19+L20,,,
CSE2001,Data Structures and Algorithms,LO,1,L21+L22,,,
CSE2001,Data Structures and Algorithms,LO,1,L23+L24,SPANDANA MANDE,301 - CB,
CSE2001,Data Structures and Algorithms,LO,1,L25+L26,,,
CSE2001,Data Structures and Algorithms,LO,1,L27+L28,,,
CSE2001,Data Structures and Algorithms,LO,1,L29+L30,,,
CSE2001,Data Structures and Algorithms,LO,1,L31+L32,,,
CSE2001,Data Structures and Algorithms,LO,1,L33+L34,,,
CSE2001,Data Structures and Algorithms,LO,1,L35+L36,,,
CSE2001,Data Structures and Algorithms,LO,1,L37+L38,,,
CSE2001,Data Structures and Algorithms,LO,1,L39+L40,,,
CSE2001,Data Structures and Algorithms,LO,1,L41+L42,,,
CSE2001,Data Structures and Algorithms,LO,1,L43+L44,,,
CSE2001,Data Structures and Algorithms,LO,1,L45+L46,,,
CSE2001,Data Structures and Algorithms,LO,1,L47+L48,,,
CSE2001,Data Structures and Algorithms,LO,1,L49+L50,,,
CSE2010,Secure Coding,LO,1,L9+L10,,,
CSE2011,Cyber Security and Digital Forensics,LO,1,L11+L12,,,
CSE3001,Agile Development Process,LO,1,L47+L48,,,
CSE3001,Agile Development Process,LO,1,L11+L12,,,
CSE3002,Artificial Intelligence,LO,1,L15+L16,,,
CSE3002,Artificial Intelligence,LO,1,L55+L56,,,
CSE3003,Computer Networks,LO,1,L45+L46,,,
CSE3004,Design and Analysis of Algorithms,LO,1,L39+L40,,,
CSE3008,Introduction to Machine Learning,LO,1,L23+L24,,,
CSE3008,Introduction to Machine Learning,LO,1,L53+L54,,,
CSE3009,No SQL Databases,LO,1,L33+L34,,,
CSE3012,Network Security,LO,1,L5+L6,,,
CSE4018,Computer Vision and Robotics,LO,1,L57+L58,,,
SWE1002,Principles of Software Engineering,LO,1,L39+L40,,,
SWE1002,Principles of Software Engineering,LO,1,L45+L46,,,
SWE1002,Principles of Software Engineering,LO,1,L27+L28,,,
SWE1002,Principles of Software Engineering,LO,1,L23+L24,,,
SWE1002,Principles of Software Engineering,LO,1,L41+L42,,,
SWE1002,Principles of Software Engineering,LO,1,L13+L14,,,
SWE1002,Principles of Software Engineering,LO,1,L9+L10,,,
SWE1002,Principles of Software Engineering,LO,1,L43+L44,,,
SWE1002,Principles of Software Engineering,LO,1,L47+L48,,,
SWE2001,Data Structures and its Applications,LO,1,L31+L32,,,
SWE2001,Data Structures and its Applications,LO,1,L51+L52,,,
SWE2001,Data Structures and its Applications,LO,1,L17+L18,,,
SWE2001,Data Structures and its Applications,LO,1,L21+L22,,,
SWE2001,Data Structures and its Applications,LO,1,L35+L36,,,
SWE2001,Data Structures and its Applications,LO,1,L19+L20,,,
SWE2001,Data Structures and its Applications,LO,1,L3+L4,,,
SWE2001,Data Structures and its Applications,LO,1,L33+L34,,,
SWE2001,Data Structures and its Applications,LO,1,L37+L38,,,
SWE2006,Database Systems,LO,1,L57+L58,,,
SWE2006,Database Systems,LO,1,L55+L56,,,
SWE2006,Database Systems,LO,1,L5+L6,,,
SWE2006,Database Systems,LO,1,L29+L30,,,
SWE2006,Database Systems,LO,1,L53+L54,,,
SWE2006,Database Systems,LO,1,L49+L50,,,
SWE2006,Database Systems,LO,1,L1+L2,,,
SWE2006,Database Systems,LO,1,L25+L26,,,
SWE2006,Database Systems,LO,1,L15+L16,,,
SWE2007,Fundamentals of Operating Systems,LO,1,L33+L34,,,
SWE2008,Object Oriented Analysis and Design,LO,1,L31+L32,,,
SWE2008,Object Oriented Analysis and Design,LO,1,L19+L20,,,
SWE3001,Introduction to Computer Networks,LO,1,L27+L28,,,
SWE3004,Front End Design and Testing,LO,1,L31+L32,,,
SWE3004,Front End Design and Testing,LO,1,L15+L16,,,
SWE4001,Internet and Web Technologies,LO,1,L1+L2,,,
SWE4001,Internet and Web Technologies,LO,1,L55+L56,,,
SWE4001,Internet and Web Technologies,LO,1,L53+L54,,,
SWE4002,Software Testing,LO,1,L35+L36,,,
SWE4003,Concepts of Mobile Application Development,LO,1,L17+L18,,,
SWE4003,Concepts of Mobile Application Development,LO,1,L57+L58,,,
SWE4003,Concepts of Mobile Application Development,LO,1,L47+L48,,,
CSE4033,IT Project Management,LO,1,L49+L50,,,
CSE3006,Data Visualization,LO,1,L39+L40,,,
CSE4012,UI UX User Experience Design,LO,1,L31+L32,,,
CSE4012,UI UX User Experience Design,LO,1,L21+L22,,,
CSE4007,Digital Image Processing,LO,1,L55+L56,,,
ECE2007,Digital Signal Processing,LO,1,L45+L46,,,
ECE3009,Power Electronic Converters,LO,1,L37+L38,,,
MEC2003,Strength of Materials,LO,1,L51+L52,,,
MEC2003,Strength of Materials,LO,1,L43+L44,,,
MEC2004,Fluid Mechanics,LO,1,L51+L52,,,
MEC2004,Fluid Mechanics,LO,1,L43+L44,,,
MEC3012,Additive Manufacturing,LO,1,L33+L34,,,
CSE3015,Natural Language Processing,LO,1,L45+L46,,,
MAT2004,Applied Optimization Techniques,LO,1,L41+L42,,,
ENG1001,English for Essential Communication,LO,1,L51+L52,,,
ENG1002,English for Effective Communication,LO,1,L9+L10,,,
ENG1005,Basic Communication in English,LO,1,L51+L52,,,
ENG1006,Functional Communication in English,LO,1,L9+L10,,,
ENG2001,English for Professional Communication,LO,1,L21+L22,,,
ENG2004,Advanced Professional Communication,LO,1,L21+L22,,,
MGT1001,Ethics and Values,LO,2,L5+L6,,,
MGT1001,Ethics and Values,LO,2,L7+L8,,,
MGT1001,Ethics and Values,LO,2,L19+L20,,,
MGT1001,Ethics and Values,LO,2,L25+L26,,,
MGT1001,Ethics and Values,LO,2,L35+L36,,,
MGT1001,Ethics and Values,LO,2,L41+L42,,,
MGT1001,Ethics and Values,LO,2,L29+L30,,,
MGT1001,Ethics and Values,LO,2,L3+L4,,,
MGT1001,Ethics and Values,LO,2,L9+L10,,,
MGT1001,Ethics and Values,LO,2,L27+L28,,,
MGT1001,Ethics and Values,LO,2,L21+L22,,,
MGT1001,Ethics and Values,LO,2,L15+L16,,,
MGT1001,Ethics and Values,LO,2,L23+L24,,,
MGT1001,Ethics and Values,LO,2,L31+L32,,,
MGT1001,Ethics and Values,LO,2,L33+L34,,,
MGT1001,Ethics and Values,LO,2,L37+L38,,,
MGT1001,Ethics and Values,LO,2,L39+L40,,,
MGT1001,Ethics and Values,LO,2,L43+L44,,,
MGT1001,Ethics and Values,LO,2,L49+L50,,,
MGT1001,Ethics and Values,LO,2,L55+L56,,,
MAT1011,Applied Statistics,LO,1,L45+L46,,,
MAT1011,Applied Statistics,LO,1,L43+L44,,,
MAT1011,Applied Statistics,LO,1,L21+L22,,,
MAT1011,Applied Statistics,LO,1,L21+L22,,,
MAT1011,Applied Statistics,LO,1,L15+L16,,,
MAT1011,Applied Statistics,LO,1,L41+L42,,,
MAT1011,Applied Statistics,LO,1,L47+L48,,,
MAT1011,Applied Statistics,LO,1,L39+L40,,,
MAT1011,Applied Statistics,LO,1,L31+L32,,,
MAT1011,Applied Statistics,LO,1,L23+L24,,,
MAT1011,Applied Statistics,LO,1,L11+L12,,,
MAT1011,Applied Statistics,LO,1,L15+L16,,,
MAT1011,Applied Statistics,LO,1,L23+L24,,,
MAT1011,Applied Statistics,LO,1,L27+L28,,,
MAT1011,Applied Statistics,LO,1,L37+L38,,,
MAT1011,Applied Statistics,LO,1,L33+L34,,,
MAT1011,Applied Statistics,LO,1,L9+L10,,,
MAT1011,Applied Statistics,LO,1,L31+L32,,,
MAT1011,Applied Statistics,LO,1,L9+L10,,,
MAT1011,Applied Statistics,LO,1,L39+L40,,,
MAT1011,Applied Statistics,LO,1,L47+L48,,,
MAT1011,Applied Statistics,LO,1,L53+L54,,,
MAT1011,Applied Statistics,LO,1,L3+L4,,,
MAT1011,Applied Statistics,LO,1,L49+L50,,,
MAT1011,Applied Statistics,LO,1,L1+L2,,,
MAT1011,Applied Statistics,LO,1,L45+L46,,,
MAT1011,Applied Statistics,LO,1,L57+L58,,,
MAT1011,Applied Statistics,LO,1,L7+L8,,,
MAT1011,Applied Statistics,LO,1,L13+L14,,,
MAT1011,Applied Statistics,LO,1,L17+L18,RAMESH PRASAD PANDA,122 - CB,
MAT1011,Applied Statistics,LO,1,L27+L28,,,
MAT1011,Applied Statistics,LO,1,L25+L26,,,
MAT1011,Applied Statistics,LO,1,L19+L20,,,
MAT1011,Applied Statistics,LO,1,L35+L36,,,
MAT1011,Applied Statistics,LO,1,L41+L42,,,
MAT1011,Applied Statistics,LO,1,L25+L26,,,
MAT1011,Applied Statistics,LO,1,L17+L18,,,
MAT1011,Applied Statistics,LO,1,L33+L34,,,
MAT1011,Applied Statistics,LO,1,L43+L44,,,
MAT1011,Applied Statistics,LO,1,L49+L50,,,
MAT1011,Applied Statistics,LO,1,L57+L58,,,
MAT1011,Applied Statistics,LO,1,L1+L2,,,
MAT1011,Applied Statistics,LO,1,L55+L56,,,
MAT1011,Applied Statistics,LO,1,L29+L30,,,
MAT1011,Applied Statistics,LO,1,L5+L6,,,
MAT1011,Applied Statistics,LO,1,L51+L52,,,
MAT2001,Numerical Methods for Engineers,LO,1,L3+L4,,,
MAT2001,Numerical Methods for Engineers,LO,1,L49+L50,,,
MAT2003,Optimization Techniques,LO,1,L45+L46,,,
MAT2003,Optimization Techniques,LO,1,L27+L28,,,
CSE1005,Software Engineering,LO,1,L1+L2,,,
CSE1005,Software Engineering,LO,1,L3+L4,,,
CSE1005,Software Engineering,LO,1,L5+L6,,,
CSE1005,Software Engineering,LO,1,L7+L8,,,
CSE1005,Software Engineering,LO,1,L9+L10,,,
CSE1005,Software Engineering,LO,1,L11+L12,,,
CSE1005,Software Engineering,LO,1,L13+L14,,,
CSE1005,Software Engineering,LO,1,L15+L16,,,
CSE1005,Software Engineering,LO,1,L17+L18,,,
CSE1005,Software Engineering,LO,1,L19+L20,,,
CSE1005,Software Engineering,LO,1,L21+L22,,,
CSE1005,Software Engineering,LO,1,L23+L24,,,
CSE1005,Software Engineering,LO,1,L25+L26,,,
CSE1005,Software Engineering,LO,1,L27+L28,,,
CSE1005,Software Engineering,LO,1,L29+L30,,,
CSE1005,Software Engineering,LO,1,L31+L32,,,
CSE1005,Software Engineering,LO,1,L33+L34,,,
CSE1005,Software Engineering,LO,1,L35+L36,,,
CSE1005,Software Engineering,LO,1,L37+L38,,,
CSE1005,Software Engineering,LO,1,L39+L40,,,
CSE1005,Software Engineering,LO,1,L41+L42,,,
CSE1005,Software Engineering,LO,1,L43+L44,,,
CSE1005,Software Engineering,LO,1,L45+L46,,,
CSE1005,Software Engineering,LO,1,L47+L48,,,
CSE1005,Software Engineering,LO,1,L49+L50,,,
CSE1005,Software Engineering,LO,1,L51+L52,,,
CSE1005,Software Engineering,LO,1,L53+L54,,,
CSE1005,Software Engineering,LO,1,L55+L56,,,
CSE1005,Software Engineering,LO,1,L57+L58,,,
CSE1006,Foundations for Data Analytics,LO,1,L1+L2,,,
CSE1006,Foundations for Data Analytics,LO,1,L5+L6,,,
CSE1006,Foundations for Data Analytics,LO,1,L27+L28,,,
CSE1006,Foundations for Data Analytics,LO,1,L31+L32,,,
CSE1006,Foundations for Data Analytics,LO,1,L47+L48,,,
CSE1006,Foundations for Data Analytics,LO,1,L57+L58,,,
CSE1006,Foundations for Data Analytics,LO,1,L13+L14,,,
CSE1006,Foundations for Data Analytics,LO,1,L23+L24,,,
CSE1006,Foundations for Data Analytics,LO,1,L3+L4,,,
CSE1006,Foundations for Data Analytics,LO,1,L33+L34,,,
CSE1006,Foundations for Data Analytics,LO,1,L41+L42,,,
CSE1006,Foundations for Data Analytics,LO,1,L51+L52,,,
CSE1007,Introduction to Cryptography,LO,1,L37+L38,,,
CSE1007,Introduction to Cryptography,LO,1,L7+L8,YENUMALA SANKARARAO,301 - CB,
CSE1007,Introduction to Cryptography,LO,1,L51+L52,,,
CSE2007,Database Management Systems,LO,1,L1+L2,,,
CSE2007,Database Management Systems,LO,1,L3+L4,,,
CSE2007,Database Management Systems,LO,1,L5+L6,,,
CSE2007,Database Management Systems,LO,1,L7+L8,,,
CSE2007,Database Management Systems,LO,1,L9+L10,,,
CSE2007,Database Management Systems,LO,1,L11+L12,,,
CSE2007,Database Management Systems,LO,1,L13+L14,,,
CSE2007,Database Management Systems,LO,1,L15+L16,,,
CSE2007,Database Management Systems,LO,1,L17+L18,,,
CSE2007,Database Management Systems,LO,1,L19+L20,,,
CSE2007,Database Management Systems,LO,1,L21+L22,,,
CSE2007,Database Management Systems,LO,1,L23+L24,,,
CSE2007,Database Management Systems,LO,1,L25+L26,,,
CSE2007,Database Management Systems,LO,1,L27+L28,,,
CSE2007,Database Management Systems,LO,1,L29+L30,,,
CSE2007,Database Management Systems,LO,1,L31+L32,,,
CSE2007,Database Management Systems,LO,1,L33+L34,,,
CSE2007,Database Management Systems,LO,1,L35+L36,,,
CSE2007,Database Management Systems,LO,1,L37+L38,Prof.Sandipan Maiti,101 - CB,
CSE2007,Database Management Systems,LO,1,L39+L40,,,
CSE2007,Database Management Systems,LO,1,L41+L42,,,
CSE2007,Database Management Systems,LO,1,L43+L44,,,
CSE2007,Database Management Systems,LO,1,L45+L46,,,
CSE2007,Database Management Systems,LO,1,L47+L48,,,
CSE2007,Database Management Systems,LO,1,L49+L50,,,
CSE2007,Database Management Systems,LO,1,L51+L52,,,
CSE2007,Database Management Systems,LO,1,L53+L54,,,
CSE2007,Database Management Systems,LO,1,L55+L56,,,
CSE2007,Database Management Systems,LO,1,L57+L58,,,
CSE2007,Database Management Systems,LO,1,L1+L2,,,
CSE2007,Database Management Systems,LO,1,L5+L6,,,
CSE2007,Database Management Systems,LO,1,L11+L12,,,
CSE2007,Database Management Systems,LO,1,L17+L18,,,
CSE2007,Database Management Systems,LO,1,L23+L24,,,
CSE2007,Database Management Systems,LO,1,L43+L44,YENUMALA SANKARARAO,102 - CB,
CSE2007,Database Management Systems,LO,1,L49+L50,,,
CSE2007,Database Management Systems,LO,1,L51+L52,,,
CSE2007,Database Management Systems,LO,1,L55+L56,Prof.Pulipati Nagaraju,301 - CB,
CSE2007,Database Management Systems,LO,1,L57+L58,,,
CSE2007,Database Management Systems,LO,1,L5+L6,,,
CSE2007,Database Management Systems,LO,1,L13+L14,,,
CSE2007,Database Management Systems,LO,1,L45+L46,,,
CSE2007,Database Management Systems,LO,1,L47+L48,,,
CSE2011,Cyber Security and Digital Forensics,LO,1,L3+L4,,,
CSE2011,Cyber Security and Digital Forensics,LO,1,L39+L40,,,
CSE2011,Cyber Security and Digital Forensics,LO,1,L41+L42,,,
CSE3002,Artificial Intelligence,LO,1,L1+L2,,,
CSE3002,Artificial Intelligence,LO,1,L3+L4,,,
CSE3002,Artificial Intelligence,LO,1,L5+L6,,,
CSE3002,Artificial Intelligence,LO,1,L7+L8,,,
CSE3002,Artificial Intelligence,LO,1,L9+L10,Prof.Manomita Chakraborty,301 - AB-2,
CSE3002,Artificial Intelligence,LO,1,L11+L12,,,
CSE3002,Artificial Intelligence,LO,1,L13+L14,,,
CSE3002,Artificial Intelligence,LO,1,L15+L16,,,
CSE3002,Artificial Intelligence,LO,1,L17+L18,,,
CSE3002,Artificial Intelligence,LO,1,L19+L20,,,
CSE3002,Artificial Intelligence,LO,1,L21+L22,,,
CSE3002,Artificial Intelligence,LO,1,L23+L24,,,
CSE3002,Artificial Intelligence,LO,1,L25+L26,,,
CSE3002,Artificial Intelligence,LO,1,L27+L28,,,
CSE3002,Artificial Intelligence,LO,1,L29+L30,,,
CSE3002,Artificial Intelligence,LO,1,L31+L32,,,
CSE3002,Artificial Intelligence,LO,1,L33+L34,,,
CSE3002,Artificial Intelligence,LO,1,L35+L36,,,
CSE3002,Artificial Intelligence,LO,1,L37+L38,,,
CSE3002,Artificial Intelligence,LO,1,L39+L40,,,
CSE3002,Artificial Intelligence,LO,1,L41+L42,,,
CSE3002,Artificial Intelligence,LO,1,L43+L44,MOHAN ARAVA,307 - CB,
CSE3002,Artificial Intelligence,LO,1,L45+L46,,,
CSE3002,Artificial Intelligence,LO,1,L47+L48,,,
CSE3002,Artificial Intelligence,LO,1,L49+L50,,,
CSE3002,Artificial Intelligence,LO,1,L51+L52,,,
CSE3002,Artificial Intelligence,LO,1,L53+L54,,,
CSE3002,Artificial Intelligence,LO,1,L55+L56,,,
CSE3002,Artificial Intelligence,LO,1,L57+L58,,,
CSE3002,Artificial Intelligence,LO,1,L29+L30,,,
CSE3002,Artificial Intelligence,LO,1,L39+L40,,,
CSE3002,Artificial Intelligence,LO,1,L43+L44,,,
CSE3003,Computer Networks,LO,1,L1+L2,,,
CSE3003,Computer Networks,LO,1,L5+L6,,,
CSE3003,Computer Networks,LO,1,L7+L8,,,
CSE3003,Computer Networks,LO,1,L9+L10,,,
CSE3003,Computer Networks,LO,1,L11+L12,,,
CSE3003,Computer Networks,LO,1,L13+L14,,,
CSE3003,Computer Networks,LO,1,L15+L16,,,
CSE3003,Computer Networks,LO,1,L17+L18,Prof.Sanket Mishra,105 - CB,
CSE3003,Computer Networks,LO,1,L19+L20,,,
CSE3003,Computer Networks,LO,1,L21+L22,,,
CSE3003,Computer Networks,LO,1,L23+L24,,,
CSE3003,Computer Networks,LO,1,L25+L26,,,
CSE3003,Computer Networks,LO,1,L29+L30,,,
CSE3003,Computer Networks,LO,1,L31+L32,,,
CSE3003,Computer Networks,LO,1,L33+L34,,,
CSE3003,Computer Networks,LO,1,L35+L36,,,
CSE3003,Computer Networks,LO,1,L37+L38,,,
CSE3003,Computer Networks,LO,1,L41+L42,,,
CSE3003,Computer Networks,LO,1,L43+L44,,,
CSE3003,Computer Networks,LO,1,L45+L46,,,
CSE3003,Computer Networks,LO,1,L47+L48,,,
CSE3003,Computer Networks,LO,1,L49+L50,,,
CSE3003,Computer Networks,LO,1,L51+L52,,,
CSE3003,Computer Networks,LO,1,L55+L56,,,
CSE3003,Computer Networks,LO,1,L57+L58,,,
CSE3003,Computer Networks,LO,1,L3+L4,,,
CSE3003,Computer Networks,LO,1,L9+L10,,,
CSE3003,Computer Networks,LO,1,L11+L12,,,
CSE3003,Computer Networks,LO,1,L15+L16,,,
CSE3003,Computer Networks,LO,1,L19+L20,,,
CSE3003,Computer Networks,LO,1,L21+L22,,,
CSE3003,Computer Networks,LO,1,L27+L28,,,
CSE3003,Computer Networks,LO,1,L9+L10,,,
CSE3003,Computer Networks,LO,1,L35+L36,,,
CSE3003,Computer Networks,LO,1,L39+L40,,,
CSE3003,Computer Networks,LO,1,L45+L46,,,
CSE3003,Computer Networks,LO,1,L47+L48,,,
CSE3003,Computer Networks,LO,1,L49+L50,,,
CSE3003,Computer Networks,LO,1,L51+L52,,,
CSE3003,Computer Networks,LO,1,L53+L54,,,
CSE3003,Computer Networks,LO,1,L43+L44,,,
CSE3003,Computer Networks,LO,1,L55+L56,,,
CSE3003,Computer Networks,LO,1,L29+L30,Prof.Sunil Kumar Singh,102 - CB,
CSE3004,Design and Analysis of Algorithms,LO,1,L5+L6,,,
CSE3004,Design and Analysis of Algorithms,LO,1,L7+L8,,,
CSE3004,Design and Analysis of Algorithms,LO,1,L9+L10,,,
CSE3004,Design and Analysis of Algorithms,LO,1,L11+L12,,,
CSE3004,Design and Analysis of Algorithms,LO,1,L13+L14,,,
CSE3004,Design and Analysis of Algorithms,LO,1,L15+L16,,,
CSE3004,Design and Analysis of Algorithms,LO,1,L17+L18,,,
CSE3004,Design and Analysis of Algorithms,LO,1,L19+L20,,,
CSE3004,Design and Analysis of Algorithms,LO,1,L21+L22,,,
CSE3004,Design and Analysis of Algorithms,LO,1,L23+L24,,,
CSE3004,Design and Analysis of Algorithms,LO,1,L25+L26,,,
CSE3004,Design and Analysis of Algorithms,LO,1,L27+L28,,,
CSE3004,Design and Analysis of Algorithms,LO,1,L29+L30,,,
CSE3004,Design and Analysis of Algorithms,LO,1,L31+L32,,,
CSE3004,Design and Analysis of Algorithms,LO,1,L35+L36,,,
CSE3004,Design and Analysis of Algorithms,LO,1,L37+L38,,,
CSE3004,Design and Analysis of Algorithms,LO,1,L39+L40,,,
CSE3004,Design and Analysis of Algorithms,LO,1,L43+L44,,,
CSE3004,Design and Analysis of Algorithms,LO,1,L45+L46,,,
CSE3004,Design and Analysis of Algorithms,LO,1,L47+L48,,,
CSE3004,Design and Analysis of Algorithms,LO,1,L49+L50,,,
CSE3004,Design and Analysis of Algorithms,LO,1,L51+L52,,,
CSE3004,Design and Analysis of Algorithms,LO,1,L53+L54,,,
CSE3004,Design and Analysis of Algorithms,LO,1,L55+L56,,,
CSE3004,Design and Analysis of Algorithms,LO,1,L57+L58,,,
CSE3004,Design and Analysis of Algorithms,LO,1,L3+L4,,,
CSE3004,Design and Analysis of Algorithms,LO,1,L5+L6,,,
CSE3004,Design and Analysis of Algorithms,LO,1,L13+L14,,,
CSE3004,Design and Analysis of Algorithms,LO,1,L15+L16,,,
CSE3004,Design and Analysis of Algorithms,LO,1,L25+L26,,,
CSE3004,Design and Analysis of Algorithms,LO,1,L51+L52,,,
CSE3004,Design and Analysis of Algorithms,LO,1,L53+L54,,,
CSE3004,Design and Analysis of Algorithms,LO,1,L55+L56,,,
CSE3004,Design and Analysis of Algorithms,LO,1,L57+L58,,,
CSE3008,Introduction to Machine Learning,LO,1,L23+L24,,,
CSE3008,Introduction to Machine Learning,LO,1,L49+L50,,,
CSE3009,No SQL Databases,LO,1,L9+L10,,,
CSE3009,No SQL Databases,LO,1,L25+L26,,,
CSE3009,No SQL Databases,LO,1,L29+L30,,,
CSE3009,No SQL Databases,LO,1,L31+L32,,,
CSE3009,No SQL Databases,LO,1,L53+L54,,,
CSE3011,Network Programming,LO,1,L27+L28,,,
CSE3011,Network Programming,LO,1,L53+L54,,,
CSE3011,Network Programming,LO,1,L55+L56,,,
CSE3012,Network Security,LO,1,L25+L26,,,
CSE3012,Network Security,LO,1,L37+L38,,,
CSE3015,Natural Language Processing,LO,1,L7+L8,,,
CSE3015,Natural Language Processing,LO,1,L17+L18,,,
CSE3015,Natural Language Processing,LO,1,L3+L4,,,
CSE3015,Natural Language Processing,LO,1,L9+L10,,,
CSE3015,Natural Language Processing,LO,1,L15+L16,,,
CSE3015,Natural Language Processing,LO,1,L27+L28,,,
CSE3015,Natural Language Processing,LO,1,L13+L14,,,
CSE3015,Natural Language Processing,LO,1,L33+L34,,,
CSE3015,Natural Language Processing,LO,1,L35+L36,,,
CSE3015,Natural Language Processing,LO,1,L43+L44,,,
CSE3015,Natural Language Processing,LO,1,L45+L46,,,
CSE3015,Natural Language Processing,LO,1,L47+L48,,,
CSE3015,Natural Language Processing,LO,1,L49+L50,,,
CSE3015,Natural Language Processing,LO,1,L51+L52,,,
CSE3015,Natural Language Processing,LO,1,L53+L54,,,
CSE3015,Natural Language Processing,LO,1,L57+L58,,,
CSE3015,Natural Language Processing,LO,1,L21+L22,,,
CSE3015,Natural Language Processing,LO,1,L55+L56,,,
CSE4005,Data Warehousing and Data Mining,LO,1,L11+L12,,,
CSE4005,Data Warehousing and Data Mining,LO,1,L25+L26,,,
CSE4005,Data Warehousing and Data Mining,LO,1,L41+L42,,,
CSE4005,Data Warehousing and Data Mining,LO,1,L51+L52,,,
CSE4008,Social Network Analysis,LO,1,L19+L20,,,
CSE4008,Social Network Analysis,LO,1,L23+L24,,,
CSE4008,Social Network Analysis,LO,1,L47+L48,,,
CSE4008,Social Network Analysis,LO,1,L57+L58,,,
CSE4008,Social Network Analysis,LO,1,L1+L2,,,
CSE4016,Database Administration,LO,1,L3+L4,,,
CSE4016,Database Administration,LO,1,L17+L18,,,
CSE4016,Database Administration,LO,1,L49+L50,,,
CSE4031,Web Application Security,LO,1,L19+L20,,,
CSE4031,Web Application Security,LO,1,L49+L50,,,
CSE4037,Reinforcement Learning,LO,1,L3+L4,,,
CSE4037,Reinforcement Learning,LO,1,L9+L10,,,
CSE4037,Reinforcement Learning,LO,1,L15+L16,,,
CSE4037,Reinforcement Learning,LO,1,L19+L20,,,
CSE4037,Reinforcement Learning,LO,1,L23+L24,,,
CSE4037,Reinforcement Learning,LO,1,L31+L32,,,
CSE4037,Reinforcement Learning,LO,1,L33+L34,,,
CSE4037,Reinforcement Learning,LO,1,L35+L36,,,
CSE4037,Reinforcement Learning,LO,1,L37+L38,,,
CSE4037,Reinforcement Learning,LO,1,L41+L42,,,
CSE4037,Reinforcement Learning,LO,1,L45+L46,,,
CSE4040,Mining Massive Data Sets,LO,1,L17+L18,,,
CSE4040,Mining Massive Data Sets,LO,1,L21+L22,,,
CSE4040,Mining Massive Data Sets,LO,1,L57+L58,,,
CSE4042,Blockchain Platforms and Applications,LO,1,L55+L56,,,
CSE4044,Software Defined Networks and Network Function Virtualization,LO,1,L39+L40,,,
ECE3001,Linear Integrated Circuits and Applications,LO,1,L41+L42,,,
ECE3001,Linear Integrated Circuits and Applications,LO,1,L11+L12,,,
ECE3001,Linear Integrated Circuits and Applications,LO,1,L33+L34,,,
ECE3001,Linear Integrated Circuits and Applications,LO,1,L9+L10,,,
SWE2006,Database Systems,LO,1,L1+L2,,,
SWE2006,Database Systems,LO,1,L19+L20,,,
SWE2006,Database Systems,LO,1,L17+L18,,,
SWE2006,Database Systems,LO,1,L9+L10,,,
SWE2006,Database Systems,LO,1,L53+L54,,,
SWE2006,Database Systems,LO,1,L45+L46,,,
SWE2006,Database Systems,LO,1,L49+L50,,,
SWE2006,Database Systems,LO,1,L47+L48,,,
SWE3001,Introduction to Computer Networks,LO,1,L37+L38,,,
SWE3001,Introduction to Computer Networks,LO,1,L35+L36,,,
SWE3001,Introduction to Computer Networks,LO,1,L31+L32,,,
SWE3001,Introduction to Computer Networks,LO,1,L57+L58,,,
SWE3001,Introduction to Computer Networks,LO,1,L7+L8,,,
SWE3001,Introduction to Computer Networks,LO,1,L5+L6,,,
SWE3001,Introduction to Computer Networks,LO,1,L3+L4,,,
SWE3005,Principles of Design Patterns,LO,1,L41+L42,,,
SWE3005,Principles of Design Patterns,LO,1,L11+L12,,,
SWE3005,Principles of Design Patterns,LO,1,L39+L40,,,
SWE4002,Software Testing,LO,1,L53+L54,,,
SWE4002,Software Testing,LO,1,L29+L30,,,
SWE4002,Software Testing,LO,1,L45+L46,,,
SWE4006,Advanced Server Side Programming,LO,1,L45+L46,,,
SWE4006,Advanced Server Side Programming,LO,1,L29+L30,,,
SWE4006,Advanced Server Side Programming,LO,1,L53+L54,,,
CSE2006,Computer Graphics,LO,1,L9+L10,,,
CSE3006,Data Visualization,LO,1,L15+L16,,,
CSE3006,Data Visualization,LO,1,L39+L40,,,
CSE3006,Data Visualization,LO,1,L53+L54,,,
CSE3006,Data Visualization,LO,1,L7+L8,,,
CSE3013,Secure Group Communications,LO,1,L21+L22,,,
CSE3013,Secure Group Communications,LO,1,L27+L28,,,
CSE3013,Secure Group Communications,LO,1,L43+L44,,,
CSE1020,Procedural Programming Using C,LO,1,L47+L48,,,
CSE1020,Procedural Programming Using C,LO,1,L43+L44,,,
CSE1020,Procedural Programming Using C,LO,1,L15+L16,,,
CSE4007,Digital Image Processing,LO,1,L3+L4,,,
CSE4007,Digital Image Processing,LO,1,L9+L10,,,
CSE4007,Digital Image Processing,LO,1,L11+L12,,,
CSE4007,Digital Image Processing,LO,1,L17+L18,,,
CSE4007,Digital Image Processing,LO,1,L21+L22,,,
CSE4007,Digital Image Processing,LO,1,L27+L28,,,
CSE4007,Digital Image Processing,LO,1,L31+L32,,,
CSE4007,Digital Image Processing,LO,1,L37+L38,,,
CSE4007,Digital Image Processing,LO,1,L33+L34,,,
CSE4007,Digital Image Processing,LO,1,L57+L58,,,
CSE4007,Digital Image Processing,LO,1,L55+L56,,,
CSE4007,Digital Image Processing,LO,1,L35+L36,,,
CSE4007,Digital Image Processing,LO,1,L13+L14,,,
CSE4007,Digital Image Processing,LO,1,L47+L48,,,
ECE1007,Sensor Systems,LO,1,L55+L56,,,
ECE1008,Sensors and Control Systems,LO,1,L51+L52,,,
ECE2001,Analog Devices and Circuits,LO,1,L37+L38,,,
ECE2001,Analog Devices and Circuits,LO,1,L7+L8,,,
ECE2001,Analog Devices and Circuits,LO,1,L35+L36,,,
ECE2001,Analog Devices and Circuits,LO,1,L39+L40,,,
ECE2006,Communication Systems,LO,1,L51+L52,,,
ECE2006,Communication Systems,LO,1,L23+L24,,,
ECE2006,Communication Systems,LO,1,L55+L56,,,
ECE2006,Communication Systems,LO,1,L3+L4,,,
ECE2007,Digital Signal Processing,LO,1,L11+L12,,,
ECE2014,Microprocessors and Microcontrollers,LO,1,L41+L42,,,
ECE2014,Microprocessors and Microcontrollers,LO,1,L3+L4,,,
ECE2014,Microprocessors and Microcontrollers,LO,1,L31+L32,,,
ECE2014,Microprocessors and Microcontrollers,LO,1,L43+L44,,,
ECE3005,CMOS VLSI Design,LO,1,L51+L52,,,
ECE3006,HDL Verification and Methodology,LO,1,L31+L32,,,
ECE3010,Speech processing,LO,1,L33+L34,,,
ECE4003,Embedded Programming,LO,1,L27+L28,,,
ECE4005,SOC Design,LO,1,L21+L22,,,
ECE4006,Analog IC Design,LO,1,L3+L4,,,
ECE4017,IoT Domain Analyst,LO,1,L29+L30,,,
ECE4018,Image Analysis and Computer Vision,LO,1,L51+L52,,,
MEC1002,Engineering Graphics,LO,1,L13+L14+L21+L22,,,
MEC2005,Fundamentals of Manufacturing Processes,LO,1,L1+L2,,,
MEC2005,Fundamentals of Manufacturing Processes,LO,1,L5+L6,,,
MEC3001,Heat and Mass Transfer,LO,1,L37+L38,,,
MEC3002,Theory of Machines,LO,1,L1+L2,,,
MEC3002,Theory of Machines,LO,1,L5+L6,,,
MEC3005,Automation in Manufacturing,LO,1,L39+L40,,,
MEC3012,Additive Manufacturing,LO,1,L41+L42,,,
MEC4003,Internal Combustion Engines,LO,1,L33+L34,,,
MEC4008,Automobile Engineering,LO,1,L39+L40,,,
MGT1001,Ethics and Values,LO,2,L37+L38,,,
MGT1001,Ethics and Values,LO,2,L29+L30,,,
MGT1001,Ethics and Values,LO,2,L43+L44,,,
MGT1001,Ethics and Values,LO,2,L3+L4,,,
MGT1001,Ethics and Values,LO,2,L9+L10,,,
MGT1001,Ethics and Values,LO,2,L15+L16,,,
MGT1001,Ethics and Values,LO,2,L27+L28,,,
MGT1001,Ethics and Values,LO,2,L39+L40,,,
MGT1001,Ethics and Values,LO,2,L21+L22,,,
MGT1001,Ethics and Values,LO,2,L43+L44,,,
MGT1001,Ethics and Values,LO,2,L49+L50,,,
MGT1001,Ethics and Values,LO,2,L55+L56,,,
MGT1001,Ethics and Values,LO,2,L35+L36,,,
,,,,,,,
,,,,,,,
,,,,,,,
,,,,,,,
,,,,,,,
,,,,,,,
,,,,,,,
,,,,,,,
,,,,,,,
,,,,,,,
,,,,,,,
,,,,,,,
,,,,,,,
,,,,,,,
,,,,,,,
,,,,,,,
,,,,,,,
,,,,,,,
,,,,,,,
,,,,,,,
,,,,,,,
,,,,,,,
,,,,,,,
,,,,,,,
,,,,,,,
,,,,,,,
,,,,,,,
,,,,,,,
,,,,,,,
,,,,,,,
,,,,,,,
,,,,,,,
,,,,,,,
,,,,,,,
,,,,,,,
,,,,,,,
,,,,,,,
,,,,,,,
,,,,,,,
,,,,,,,
,,,,,,,
,,,,,,,
,,,,,,,
,,,,,,,
,,,,,,,
,,,,,,,
,,,,,,,
,,,,,,,
,,,,,,,
,,,,,,,
,,,,,,,
,,,,,,,
,,,,,,,
,,,,,,,
,,,,,,,
,,,,,,,
,,,,,,,
,,,,,,,
,,,,,,,
,,,,,,,
,,,,,,,
,,,,,,,
,,,,,,,
,,,,,,,
,,,,,,,
,,,,,,,
,,,,,,,
,,,,,,,
,,,,,,,
,,,,,,,
,,,,,,,
,,,,,,,
,,,,,,,
,,,,,,,
,,,,,,,
,,,,,,,
,,,,,,,
,,,,,,,
,,,,,,,
,,,,,,,
,,,,,,,
,,,,,,,
,,,,,,,
,,,,,,,
,,,,,,,
,,,,,,,
,,,,,,,
,,,,,,,
,,,,,,,
,,,,,,,
,,,,,,,
,,,,,,,
,,,,,,,
,,,,,,,
,,,,,,,
,,,,,,,
,,,,,,,
,,,,,,,
,,,,,,,
,,,,,,,
,,,,,,,
,,,,,,,
,,,,,,,
,,,,,,,
,,,,,,,
,,,,,,,
,,,,,,,
,,,,,,,
,,,,,,,
,,,,,,,
,,,,,,,
,,,,,,,
,,,,,,,
,,,,,,,
,,,,,,,
,,,,,,,
,,,,,,,
,,,,,,,
,,,,,,,
,,,,,,,
,,,,,,,
,,,,,,,
,,,,,,,
,,,,,,,
,,,,,,,
,,,,,,,
,,,,,,,
,,,,,,,
,,,,,,,
,,,,,,,
,,,,,,,
,,,,,,,
,,,,,,,
,,,,,,,
,,,,,,,
,,,,,,,
,,,,,,,
,,,,,,,
,,,,,,,
,,,,,,,
,,,,,,,
,,,,,,,
,,,,,,,
,,,,,,,
,,,,,,,
,,,,,,,
,,,,,,,
,,,,,,,
,,,,,,,
,,,,,,,
,,,,,,,
,,,,,,,
,,,,,,,
,,,,,,,
,,,,,,,
,,,,,,,
,,,,,,,
,,,,,,,
,,,,,,,
,,,,,,,
,,,,,,,
,,,,,,,
,,,,,,,
,,,,,,,
,,,,,,,
,,,,,,,
,,,,,,,
,,,,,,,
,,,,,,,
,,,,,,,
,,,,,,,
,,,,,,,
,,,,,,,
,,,,,,,
,,,,,,,
,,,,,,,
,,,,,,,
,,,,,,,
,,,,,,,
,,,,,,,
,,,,,,,
,,,,,,,
,,,,,,,
,,,,,,,
,,,,,,,
,,,,,,,
,,,,,,,
,,,,,,,
,,,,,,,
,,,,,,,
,,,,,,,
,,,,,,,
,,,,,,,
,,,,,,,
,,,,,,,
,,,,,,,
,,,,,,,
,,,,,,,
,,,,,,,
,,,,,,,
,,,,,,,
,,,,,,,
,,,,,,,
,,,,,,,
,,,,,,,
,,,,,,,
,,,,,,,
,,,,,,,
,,,,,,,
,,,,,,,
,,,,,,,
,,,,,,,
,,,,,,,
,,,,,,,
,,,,,,,
,,,,,,,
,,,,,,,
,,,,,,,
,,,,,,,
,,,,,,,
,,,,,,,
,,,,,,,
,,,,,,,
,,,,,,,
,,,,,,,
,,,,,,,
,,,,,,,
,,,,,,,
,,,,,,,
,,,,,,,
,,,,,,,
,,,,,,,
,,,,,,,
,,,,,,,
,,,,,,,
,,,,,,,
,,,,,,,
,,,,,,,
,,,,,,,
,,,,,,,
,,,,,,,
,,,,,,,
,,,,,,,
,,,,,,,
,,,,,,,
,,,,,,,
,,,,,,,
,,,,,,,
,,,,,,,
,,,,,,,
,,,,,,,
,,,,,,,
,,,,,,,
,,,,,,,
,,,,,,,
,,,,,,,
,,,,,,,
,,,,,,,
,,,,,,,
,,,,,,,
,,,,,,,
,,,,,,,
,,,,,,,
,,,,,,,
,,,,,,,
,,,,,,,
,,,,,,,
,,,,,,,
,,,,,,,
,,,,,,,
,,,,,,,
,,,,,,,
,,,,,,,
,,,,,,,
,,,,,,,
,,,,,,,
,,,,,,,
,,,,,,,
,,,,,,,
,,,,,,,
,,,,,,,
,,,,,,,
,,,,,,,
,,,,,,,
,,,,,,,
,,,,,,,
,,,,,,,
,,,,,,,
,,,,,,,
,,,,,,,
,,,,,,,
,,,,,,,
,,,,,,,
,,,,,,,
,,,,,,,
,,,,,,,
,,,,,,,
,,,,,,,
,,,,,,,
,,,,,,,
,,,,,,,
,,,,,,,
,,,,,,,
,,,,,,,
,,,,,,,
,,,,,,,
,,,,,,,
,,,,,,,
,,,,,,,
,,,,,,,
,,,,,,,
,,,,,,,
,,,,,,,
,,,,,,,
,,,,,,,
,,,,,,,
,,,,,,,
,,,,,,,
,,,,,,,
,,,,,,,
,,,,,,,
,,,,,,,
,,,,,,,
,,,,,,,
,,,,,,,
,,,,,,,
,,,,,,,
,,,,,,,
,,,,,,,
,,,,,,,
,,,,,,,
,,,,,,,
,,,,,,,
,,,,,,,
,,,,,,,
,,,,,,,
,,,,,,,
,,,,,,,
,,,,,,,
,,,,,,,
,,,,,,,
,,,,,,,
,,,,,,,
,,,,,,,
,,,,,,,
,,,,,,,
,,,,,,,
,,,,,,,
,,,,,,,
,,,,,,,
,,,,,,,
,,,,,,,
,,,,,,,
,,,,,,,
,,,,,,,
,,,,,,,
,,,,,,,
,,,,,,,
,,,,,,,
,,,,,,,
,,,,,,,
,,,,,,,
,,,,,,,
,,,,,,,
,,,,,,,
,,,,,,,
,,,,,,,
,,,,,,,
,,,,,,,
,,,,,,,
,,,,,,,
,,,,,,,
,,,,,,,
,,,,,,,
,,,,,,,
,,,,,,,
,,,,,,,
,,,,,,,
,,,,,,,
,,,,,,,
,,,,,,,
,,,,,,,
,,,,,,,
,,,,,,,
,,,,,,,
,,,,,,,
,,,,,,,
,,,,,,,
,,,,,,,
,,,,,,,
,,,,,,,
,,,,,,,
,,,,,,,
,,,,,,,
,,,,,,,
,,,,,,,
,,,,,,,
,,,,,,,
,,,,,,,
,,,,,,,
,,,,,,,
,,,,,,,
,,,,,,,
,,,,,,,
,,,,,,,
,,,,,,,
,,,,,,,
,,,,,,,
,,,,,,,
,,,,,,,
,,,,,,,
,,,,,,,
,,,,,,,
,,,,,,,
,,,,,,,
,,,,,,,
,,,,,,,
,,,,,,,
,,,,,,,
,,,,,,,
,,,,,,,
,,,,,,,
,,,,,,,
,,,,,,,
,,,,,,,
,,,,,,,
,,,,,,,
,,,,,,,
,,,,,,,
,,,,,,,
,,,,,,,
,,,,,,,
,,,,,,,
,,,,,,,
,,,,,,,
,,,,,,,
,,,,,,,
,,,,,,,
,,,,,,,
,,,,,,,
,,,,,,,
,,,,,,,
,,,,,,,
,,,,,,,
,,,,,,,
,,,,,,,
,,,,,,,
,,,,,,,
,,,,,,,
,,,,,,,
,,,,,,,
,,,,,,,
,,,,,,,
,,,,,,,
,,,,,,,
,,,,,,,
,,,,,,,
,,,,,,,
,,,,,,,
,,,,,,,
,,,,,,,
,,,,,,,
,,,,,,,
,,,,,,,
,,,,,,,
,,,,,,,
,,,,,,,
,,,,,,,
,,,,,,,
,,,,,,,
,,,,,,,
,,,,,,,
,,,,,,,
,,,,,,,
,,,,,,,
,,,,,,,
,,,,,,,
,,,,,,,
,,,,,,,
,,,,,,,
,,,,,,,
,,,,,,,
,,,,,,,
,,,,,,,
,,,,,,,
,,,,,,,
,,,,,,,
,,,,,,,
,,,,,,,
,,,,,,,
,,,,,,,
,,,,,,,
,,,,,,,
,,,,,,,
,,,,,,,
,,,,,,,
,,,,,,,
,,,,,,,
,,,,,,,
,,,,,,,
,,,,,,,
,,,,,,,
,,,,,,,
,,,,,,,
,,,,,,,
,,,,,,,
,,,,,,,
,,,,,,,
,,,,,,,
,,,,,,,
,,,,,,,
,,,,,,,
,,,,,,,
,,,,,,,
,,,,,,,
,,,,,,,
,,,,,,,
,,,,,,,
,,,,,,,
,,,,,,,
,,,,,,,
,,,,,,,
,,,,,,,
,,,,,,,
,,,,,,,
,,,,,,,
,,,,,,,
,,,,,,,
,,,,,,,
,,,,,,,
,,,,,,,
,,,,,,,
,,,,,,,
,,,,,,,
,,,,,,,
,,,,,,,
,,,,,,,
,,,,,,,
,,,,,,,
,,,,,,,
,,,,,,,
,,,,,,,
,,,,,,,
,,,,,,,
,,,,,,,
,,,,,,,
,,,,,,,
,,,,,,,
,,,,,,,
,,,,,,,
,,,,,,,
,,,,,,,
,,,,,,,
,,,,,,,
,,,,,,,
,,,,,,,
,,,,,,,
,,,,,,,
,,,,,,,
,,,,,,,
,,,,,,,
,,,,,,,
,,,,,,,
,,,,,,,
,,,,,,,
,,,,,,,
,,,,,,,
,,,,,,,
,,,,,,,
,,,,,,,
,,,,,,,
,,,,,,,
,,,,,,,
,,,,,,,
,,,,,,,
,,,,,,,
,,,,,,,
,,,,,,,
,,,,,,,
,,,,,,,
,,,,,,,
,,,,,,,
,,,,,,,
,,,,,,,
,,,,,,,
,,,,,,,
,,,,,,,
,,,,,,,
,,,,,,,
,,,,,,,
,,,,,,,
,,,,,,,
,,,,,,,
,,,,,,,
,,,,,,,
,,,,,,,
,,,,,,,
,,,,,,,
,,,,,,,
,,,,,,,
,,,,,,,
,,,,,,,
,,,,,,,
,,,,,,,
,,,,,,,
,,,,,,,
,,,,,,,
,,,,,,,
,,,,,,,
,,,,,,,
,,,,,,,
,,,,,,,
,,,,,,,
,,,,,,,
,,,,,,,
,,,,,,,
,,,,,,,
,,,,,,,
,,,,,,,
,,,,,,,
,,,,,,,
,,,,,,,
,,,,,,,
,,,,,,,
,,,,,,,
,,,,,,,
,,,,,,,
,,,,,,,
,,,,,,,
,,,,,,,
,,,,,,,
,,,,,,,
,,,,,,,
,,,,,,,
,,,,,,,
,,,,,,,
,,,,,,,
,,,,,,,
,,,,,,,
,,,,,,,
,,,,,,,
,,,,,,,
,,,,,,,
,,,,,,,
,,,,,,,
,,,,,,,
,,,,,,,
,,,,,,,
,,,,,,,
,,,,,,,
,,,,,,,
,,,,,,,
,,,,,,,
,,,,,,,
,,,,,,,
,,,,,,,
,,,,,,,
,,,,,,,
,,,,,,,
,,,,,,,
,,,,,,,
,,,,,,,
,,,,,,,
,,,,,,,
,,,,,,,
,,,,,,,
,,,,,,,
,,,,,,,
,,,,,,,
,,,,,,,
,,,,,,,
,,,,,,,
,,,,,,,
,,,,,,,
,,,,,,,
,,,,,,,
,,,,,,,
,,,,,,,
,,,,,,,
,,,,,,,
,,,,,,,
,,,,,,,
,,,,,,,
,,,,,,,
,,,,,,,
,,,,,,,
,,,,,,,
,,,,,,,
,,,,,,,
,,,,,,,
,,,,,,,
,,,,,,,
,,,,,,,
,,,,,,,
,,,,,,,
,,,,,,,
,,,,,,,
,,,,,,,
,,,,,,,
,,,,,,,
,,,,,,,
,,,,,,,
,,,,,,,
,,,,,,,
,,,,,,,
,,,,,,,
,,,,,,,
,,,,,,,
,,,,,,,
,,,,,,,
,,,,,,,
,,,,,,,
,,,,,,,
,,,,,,,
,,,,,,,
,,,,,,,
,,,,,,,
,,,,,,,
,,,,,,,
,,,,,,,
,,,,,,,
,,,,,,,
,,,,,,,
,,,,,,,
,,,,,,,
,,,,,,,
,,,,,,,
,,,,,,,
,,,,,,,
,,,,,,,
,,,,,,,
,,,,,,,
,,,,,,,
,,,,,,,
,,,,,,,
,,,,,,,
,,,,,,,
,,,,,,,
,,,,,,,
,,,,,,,
,,,,,,,
,,,,,,,
,,,,,,,
,,,,,,,
,,,,,,,
,,,,,,,
,,,,,,,
,,,,,,,
,,,,,,,
,,,,,,,
,,,,,,,
,,,,,,,
,,,,,,,
,,,,,,,
,,,,,,,
,,,,,,,
,,,,,,,
,,,,,,,
,,,,,,,
,,,,,,,
,,,,,,,
,,,,,,,
,,,,,,,
,,,,,,,
,,,,,,,
,,,,,,,
,,,,,,,
,,,,,,,
,,,,,,,
,,,,,,,
,,,,,,,
,,,,,,,
,,,,,,,
,,,,,,,
,,,,,,,
,,,,,,,
,,,,,,,
,,,,,,,
,,,,,,,
,,,,,,,
,,,,,,,
,,,,,,,
,,,,,,,
,,,,,,,
,,,,,,,
,,,,,,,
,,,,,,,
,,,,,,,
,,,,,,,
,,,,,,,
,,,,,,,
,,,,,,,
,,,,,,,
,,,,,,,
,,,,,,,
,,,,,,,
,,,,,,,
,,,,,,,
,,,,,,,
,,,,,,,
,,,,,,,
,,,,,,,
,,,,,,,
,,,,,,,
,,,,,,,
,,,,,,,
,,,,,,,
,,,,,,,
,,,,,,,
,,,,,,,
,,,,,,,
,,,,,,,
,,,,,,,
,,,,,,,
,,,,,,,
,,,,,,,
,,,,,,,
,,,,,,,
,,,,,,,
,,,,,,,
,,,,,,,
,,,,,,,
,,,,,,,
,,,,,,,
,,,,,,,
,,,,,,,
,,,,,,,
,,,,,,,
,,,,,,,
,,,,,,,
,,,,,,,
,,,,,,,
,,,,,,,
,,,,,,,
,,,,,,,
,,,,,,,
,,,,,,,
,,,,,,,
,,,,,,,
,,,,,,,
,,,,,,,
,,,,,,,
,,,,,,,
,,,,,,,
,,,,,,,
,,,,,,,
,,,,,,,
,,,,,,,
,,,,,,,
,,,,,,,
,,,,,,,
,,,,,,,
,,,,,,,
,,,,,,,
,,,,,,,
,,,,,,,
,,,,,,,
,,,,,,,
,,,,,,,
,,,,,,,
,,,,,,,
,,,,,,,
,,,,,,,
,,,,,,,
,,,,,,,
,,,,,,,
,,,,,,,
,,,,,,,
,,,,,,,
,,,,,,,
,,,,,,,
,,,,,,,
,,,,,,,
,,,,,,,
,,,,,,,
,,,,,,,
,,,,,,,
,,,,,,,
,,,,,,,
,,,,,,,
,,,,,,,
,,,,,,,
,,,,,,,
,,,,,,,
,,,,,,,
,,,,,,,
,,,,,,,
,,,,,,,
,,,,,,,
,,,,,,,
,,,,,,,
,,,,,,,
,,,,,,,
,,,,,,,
,,,,,,,
,,,,,,,
,,,,,,,
,,,,,,,
,,,,,,,
,,,,,,,
,,,,,,,
,,,,,,,
,,,,,,,
,,,,,,,
,,,,,,,
,,,,,,,
,,,,,,,
,,,,,,,
,,,,,,,
,,,,,,,
,,,,,,,
,,,,,,,
,,,,,,,
,,,,,,,
,,,,,,,
,,,,,,,
,,,,,,,
,,,,,,,
,,,,,,,
,,,,,,,
,,,,,,,
,,,,,,,
,,,,,,,
,,,,,,,
,,,,,,,
,,,,,,,
,,,,,,,
,,,,,,,
,,,,,,,
,,,,,,,
,,,,,,,
,,,,,,,
,,,,,,,
,,,,,,,
,,,,,,,
,,,,,,,
,,,,,,,
,,,,,,,
,,,,,,,
,,,,,,,
,,,,,,,
,,,,,,,
,,,,,,,
,,,,,,,
,,,,,,,
,,,,,,,
,,,,,,,
,,,,,,,
,,,,,,,
,,,,,,,
,,,,,,,
,,,,,,,
,,,,,,,
,,,,,,,
,,,,,,,
,,,,,,,
,,,,,,,
,,,,,,,
,,,,,,,
,,,,,,,
,,,,,,,
,,,,,,,
,,,,,,,
,,,,,,,
,,,,,,,
,,,,,,,
,,,,,,,
,,,,,,,
,,,,,,,
,,,,,,,
,,,,,,,
,,,,,,,
,,,,,,,
,,,,,,,
,,,,,,,
,,,,,,,
,,,,,,,
,,,,,,,
,,,,,,,
,,,,,,,
,,,,,,,
,,,,,,,
,,,,,,,
,,,,,,,
,,,,,,,
,,,,,,,
,,,,,,,
,,,,,,,
,,,,,,,
,,,,,,,
,,,,,,,
,,,,,,,
,,,,,,,
,,,,,,,
,,,,,,,
,,,,,,,
,,,,,,,
,,,,,,,
,,,,,,,
,,,,,,,
